<?xml version="1.0" encoding="UTF-8"?>
<TEI xmlns="http://www.tei-c.org/ns/1.0">
   <teiHeader>
      <fileDesc>
         <titleStmt>
            <title type="main">380522KF.</title>
            <title type="sub">Karl an Ferdinand, 1538 Mai 22, Nizza/Nice.</title>
            <author>
               <persName ref="nognd">Karl</persName>
            </author>
         </titleStmt>
         <editionStmt>
            <edition>Vollständige digitalisierte Ausgabe</edition>
         </editionStmt>
         <publicationStmt>
            <publisher xml:id="nnnn">
               <orgName role="hostingInstitution">Universität Salzburg</orgName>
               <orgName role="project">Edition der Familienkorrespondenz Ferdinands I.</orgName>
               <address>
                  <addrLine>Paris Lodron Universität Salzburg PLUS</addrLine>
                  <addrLine>Kapitelgasse 4</addrLine>
                  <addrLine>A-5020 Salzburg - Österreich</addrLine>
               </address>
            </publisher>
            <pubPlace>Salzburg</pubPlace>
            <date type="publication">2015-07-09</date>
            <availability>
               <licence target="https://creativecommons.org/licenses/by/3.0/">
                  <p>Creative Commons BY 3.0</p>
               </licence>
            </availability>
            <idno type="DOI">nnnn</idno>
         </publicationStmt>
         <sourceDesc>
            <bibl type="MS">Die Korrespondenz Ferdinands I. Familienkorrespondenz bis 1526</bibl>
            <biblFull>
               <titleStmt>
                  <title type="main">Die Korrespondenz Ferdinands I. Familienkorrespondenz bis 1526</title>
               </titleStmt>
               <publicationStmt>
                  <publisher>
                     <name>Holzhausen</name>
                  </publisher>
                  <publisher>
                     <name>Kommission für Neuere Geschichte Österreichs</name>
                  </publisher>
                  <pubPlace>Wien</pubPlace>
                  <date type="publication">1912</date>
               </publicationStmt>
            </biblFull>
         </sourceDesc>
      </fileDesc>
      <profileDesc>
         <correspDesc>
            <correspAction type="sent">
               <persName ref="nognd">Karl</persName>
               <placeName ref="nognd">Nizza/Nice</placeName>
               <date>1538 Mai 22</date>
            </correspAction>
            <correspAction type="received">
               <persName ref="nognd">Ferdinand</persName>
            </correspAction>
         </correspDesc>
      </profileDesc>
      <encodingDesc>
         <appInfo>
            <application ident="TEI_fromDOCX" version="2.15.0">
               <label>DOCX to TEI</label>
            </application>
         </appInfo>
      </encodingDesc>
      <revisionDesc>
         <listChange>
            <change>
               <date>2022-11-21T15:48:07Z</date>
               <name ref="nognd">Christopher F. Laferl</name>
            </change>
         </listChange>
      </revisionDesc>
   </teiHeader>
   <text>
      <body>
         <div n="1"><!-- letter_header -->
            <p>
               <hi rendition="#b">380522KF.</hi>
            </p>
            <table rend="rules">
               <row>
                  <cell>
                     <hi rendition="#i">Karl an Ferdinand.</hi>
                  </cell>
                  <cell>
                     <hi rendition="#i">1538 Mai 22. Nizza/Nice. </hi>
                  </cell>
               </row>
            </table>
         </div>
         <div n="2" xml:lang="de"><!-- regest_de -->
            <p>Ein Bote des Großfürsten Iwan (IV.) von Moskau ist auf der Reise von Piraten ausgeraubt worden. Da nun keine Dokumente bezüglich seiner Mission mehr vorliegen und nur herausgefunden wurde, dass es in dieser Mission um ein Bündnis zwischen Kaiser Maximilian I. und Großfürst Wassili (III.) ging, bittet er F darum Genaueres herauszufinden.</p>
         </div>
         <div n="3" xml:lang="en"><!-- regest_en -->
            <p>
               <hi rendition="">A </hi>messenger of the<hi rendition=""> Grand Prince of Moscow, Ivan (</hi>IV), has been robbed by pirates on his way to K. Now that there are no longer any documents regarding his mission it has been discovered only that his mission related an alliance between the Emperor Maximilian I and the Grand Prince Vasily (III), K asks F to find out further details. </p>
         </div>
         <div n="4"><!-- archive_desc -->
            <p>Brüssel, Archives générales du Royaume Audience 43, 279<hi rendition="#sup">r</hi>. Or. RV <hi rendition="#i">Serenissimo principi domino Ferdinando, Romanorum, Hungariae et Bohemiae etc. regi, archiduci Austriae, duci Burgundiae, comiti Tirolis etc., fratri nro. charissimo.</hi> Gegenzeichnung <persName xml:id="person_d5e105a1050"
                         ref="nognd"
                         resp="Christopher_F._Laferl"
                         key="Obernburger, Johannes, Sekretär Ks">
                  <hi rendition="#i">Obernburger</hi>
               </persName>. </p>
            <p>Druck: Lanz: Correspondenz 2, 282.</p>
         </div>
         <div type="letter" n="5"><!-- transcription -->
            <p>Serenissime princeps, frater charissime, miserat ad nos serenissimus dominus <persName xml:id="person_d5e114a1050"
                         ref="nognd"
                         resp="Christopher_F._Laferl"
                         key="Iwan IV. von Russland">Joannes, Magnus dux Russiae, Volodomeriae, Moscoviae</persName> etc. amicus noster charissimus, <persName xml:id="person_d5e117a1050"
                         ref="nognd"
                         resp="Christopher_F._Laferl"
                         key="Scobelzi, Georgius">oratorem suum</persName>, qui in itinere a <index resp="Christopher_F._Laferl">
                  <term xml:id="index_d5e121a1051" key="Piraten">pyratis</term>
               </index> una cum universa familia et bonis exceptis duntaxat quatuor personis interceptus est; et quum ex his qui nudi absque ullis litteris aut instructionibus evasere, nihil certi cognoscere potuerimus, quid ille a praefato suo principe ad nos in mandatis habuerit, praeterquam quod referebant eum causa foederis inter <persName xml:id="person_d5e124a1050"
                         ref="nognd"
                         resp="Christopher_F._Laferl"
                         key="Maximilian I.">dominum Maximilianum caesarem, dominum et avum nostrum</persName>, colendum praeclarissime memoriae, et eius genitorem, quondam serenissimum <persName xml:id="person_d5e127a1050"
                         ref="nognd"
                         resp="Christopher_F._Laferl"
                         key="Wassili III. von Russland">Basilium magnum ducem</persName>, initi et a nobis quoque alias adprobati huc destinatum fuisse. Propterea ipsos illinc remittendos duximus cum litteris ad praefatum principem eorum scriptis, quarum exemplum Serenitati Vestrae hic inclusum mittimus, in quibus etiam reliquum istius negotii ad Vestram Serenitatem remisimus Serenitatem Vestram fraterne rogantes, ut velit huic rei intendere et se de omnibus informare ac negotium istud, sive dictam confoederationem sive aliam concernat, nostro nomine dirigere et, si quid per nos prestandum esse judicaverit, nos reddere certiores, ut iuxta Vestrae Serenitatis iudicium ea expedire et praestare valeamus, quae et rei ipsi et dignitati nostrae convenire videbuntur. In quo Serenitas Vestra nobis rem gratam faciet omnibus fraternis officiis compensandam. Et Serenitatem Vestram feliciter vivere et regnare optamus. Datum <placeName xml:id="place_d5e131a1050"
                          ref="nognd"
                          resp="Christopher_F._Laferl"
                          key="Nizza">Niciae</placeName>, die 22 <hi rendition="#i #sup">a)</hi>die<hi rendition="#i #sup">a)</hi> mensis maii anno domini 1538, imperii nostri 18 et regnorum nostrorum 23.</p>
         </div>
         <div n="6"><!-- commentary -->
            <p>a)-a) Die Wiederholung des Wortes die findet sich so im Original.</p>
            <p>Vgl. n. 380622FK vom 22. 6. 1538.</p>
            <p>Kaiser Maximilian I. schloss 1514 ein Freundschaftsbündnis mit Großfürst Wassili III. von Russland ein Freundschaftsbündnis ab; die Urkunden vom 4. 8. 1514 dazu finden sich sowohl auf Deutsch als auch in Russisch in Wien (HHStA, Allgemeine Urkundenreihe AUR_1514 VIII 04, <ref target="https://www.monasterium.net/mom/AT-HHStA/AUR/AUR_1514_VIII_04/charter">https://www.monasterium.net/mom/AT-HHStA/AUR/AUR_1514_VIII_04/charter</ref>). Vgl. auch Wiesflecker: Kaiser Maximilian I. IV, 174-181.</p>
         </div>
      </body>
   </text>
</TEI>
