<?xml version="1.0" encoding="UTF-8"?>
<TEI xmlns="http://www.tei-c.org/ns/1.0">
   <teiHeader>
      <fileDesc>
         <titleStmt>
            <title type="main">380801FKb.</title>
            <title type="sub">Ferdinand an Karl, 1538 August 1, Linz.</title>
            <author>
               <persName ref="nognd">Ferdinand</persName>
            </author>
         </titleStmt>
         <editionStmt>
            <edition>Vollständige digitalisierte Ausgabe</edition>
         </editionStmt>
         <publicationStmt>
            <publisher xml:id="nnnn">
               <orgName role="hostingInstitution">Universität Salzburg</orgName>
               <orgName role="project">Edition der Familienkorrespondenz Ferdinands I.</orgName>
               <address>
                  <addrLine>Paris Lodron Universität Salzburg PLUS</addrLine>
                  <addrLine>Kapitelgasse 4</addrLine>
                  <addrLine>A-5020 Salzburg - Österreich</addrLine>
               </address>
            </publisher>
            <pubPlace>Salzburg</pubPlace>
            <date type="publication">2015-07-09</date>
            <availability>
               <licence target="https://creativecommons.org/licenses/by/3.0/">
                  <p>Creative Commons BY 3.0</p>
               </licence>
            </availability>
            <idno type="DOI">nnnn</idno>
         </publicationStmt>
         <sourceDesc>
            <bibl type="MS">Die Korrespondenz Ferdinands I. Familienkorrespondenz bis 1526</bibl>
            <biblFull>
               <titleStmt>
                  <title type="main">Die Korrespondenz Ferdinands I. Familienkorrespondenz bis 1526</title>
               </titleStmt>
               <publicationStmt>
                  <publisher>
                     <name>Holzhausen</name>
                  </publisher>
                  <publisher>
                     <name>Kommission für Neuere Geschichte Österreichs</name>
                  </publisher>
                  <pubPlace>Wien</pubPlace>
                  <date type="publication">1912</date>
               </publicationStmt>
            </biblFull>
         </sourceDesc>
      </fileDesc>
      <profileDesc>
         <correspDesc>
            <correspAction type="sent">
               <persName ref="nognd">Ferdinand</persName>
               <placeName ref="nognd">Linz</placeName>
               <date>1538 August 1</date>
            </correspAction>
            <correspAction type="received">
               <persName ref="nognd">Karl</persName>
            </correspAction>
         </correspDesc>
      </profileDesc>
      <encodingDesc>
         <appInfo>
            <application ident="TEI_fromDOCX" version="2.15.0">
               <label>DOCX to TEI</label>
            </application>
         </appInfo>
      </encodingDesc>
      <revisionDesc>
         <listChange>
            <change>
               <date>2022-11-21T15:48:12Z</date>
               <name ref="nognd">Christopher F. Laferl</name>
            </change>
         </listChange>
      </revisionDesc>
   </teiHeader>
   <text>
      <body>
         <div n="1"><!-- letter_header -->
            <p>
               <hi rendition="#b">380801FKb.</hi>
            </p>
            <table rend="rules">
               <row>
                  <cell>
                     <hi rendition="#i">Ferdinand an Karl.</hi>
                  </cell>
                  <cell>
                     <hi rendition="#i">1538 August 1. Linz.</hi>
                  </cell>
               </row>
            </table>
         </div>
         <div n="2" xml:lang="de"><!-- regest_de -->
            <p>Das Kolleg von San Gregorio in Valladolid berichtet F vom Bau eines Gebäudes durch den Lizenziaten (Sancho Díaz de) Leguizamo in unmittelbarer Nähe, das ihre Zurückgezogenheit stören würde. Da dieses Kolleg von den Katholischen Königen gegründet wurde und F eine Zeit lang dort erzogen wurde, bittet er K, das Anliegen des Kollegs zu unterstützen und auch in Zukunft derartige Bauten zu verbieten.</p>
         </div>
         <div n="3" xml:lang="en"><!-- regest_en -->
            <p>The College of San Gregorio in Valladolid reports to F on the construction nearby of a building by the Licentiate (Sancho Díaz de) Leguizamo, which would disturb their seclusion. Since this college was founded by the Catholic Monarchs and F was educated there for some time, he asks K to support the concerns of the college and also to prohibit such buildings in the future.</p>
         </div>
         <div n="4"><!-- archive_desc -->
            <p>Wien, HHStA, Belgien PA 6/3 7<hi rendition="#sup">r</hi>-7<hi rendition="#sup">v</hi>. Konzept. RV <hi rendition="#i">Señor Cobos. Por el collegio de Valladolid. Primero de agosto de 38. </hi>
            </p>
         </div>
         <div type="letter" n="5"><!-- transcription -->
            <p>Muy alto señor. Bien creo sabe V. M. como yo después della muerte del <persName xml:id="person_d6e105a1050"
                         ref="nognd"
                         resp="Christopher_F._Laferl"
                         key="Philipp der Schöne">rey don Felipe, </persName>mi señor, que en gloria sea, estuve y me crié algún tiempo en el <placeName xml:id="place_d6e108a1050"
                          ref="nognd"
                          resp="Christopher_F._Laferl"
                          key="San Gregorio, Kolleg, Valladolid">Colegio de Santo<hi rendition="#i #sup">a)</hi>
                  <hi rendition="#sup"> </hi>Gregorio </placeName>de <placeName xml:id="place_d6e116a1050"
                          ref="nognd"
                          resp="Christopher_F._Laferl"
                          key="Valladolid">Valladolid</placeName>
               <hi rendition="#i #sup">b)</hi>que está junto al <placeName xml:id="place_d6e122a1050"
                          ref="nognd"
                          resp="Christopher_F._Laferl"
                          key="San Pablo, Dominikanerkloster, Valladolid">monasterio de Sant Pablo</placeName>
               <hi rendition="#i #sup">b)</hi>, desd'el qual tiempo fui siempre muy afficionado [a] aquella casa y los moradores della, por consiguiente a mí no solo los que a la sasón allí<hi rendition="#i #sup">c)</hi> estavan, pero todos los que después aun han sucedido. Y con este amor y confianza offreciéndoseles al presente necesidad de mi ayuda han recarrido [= requerido] a mí, haciéndome saber por una carta que pocos días ha he recebido como <persName xml:id="person_d6e131a1050"
                         ref="nognd"
                         resp="Christopher_F._Laferl"
                         key="Leguizamo, Sancho Díaz de">el licenciado Leguisamon </persName>del consejo de V. M. diz que edifica una casa sobre el muro della villa que sale y mira sobre la huerta y ventanas del dormitorio y asutea [= azotea] del dicho Colegio, dello qual se les sigue y spera seguir grandíssimo<hi rendition="#i #sup">d)</hi> escándalo y perturbación para su honestidad y recogimiento y exercicio de lettras que allí se tiene, a[?] como[?] V. M. sabe, de donde tanta<hi rendition="#i #sup">e)</hi> doctrina y beneficio redimida a todo el reyno<hi rendition="#i #sup">f)</hi>, rogándome muy encarecidamente sea yntercessor acerca de V. M. para suplicarle que en ninguna manera consienta que el dicho edificio vaya adelante. Pues es <hi rendition="#i #sup">g)</hi>en<hi rendition="#i #sup">g)</hi> tan notable el perjuisio<hi rendition="#i #sup">h) i)</hi>del dicho collegio<hi rendition="#i #sup">i)</hi> especialmente siendo como es fundación de los <persName xml:id="person_d6e156a1050"
                         ref="nognd"
                         resp="Christopher_F._Laferl"
                         key="Katholische Könige (Ferdinand und Isabella)">Reyes Cathólicos</persName>, nuestros<hi rendition="#i #sup">j)</hi> señores avuelos<hi rendition="#i #sup">k)</hi> de gloriosa memoria, y aviéndolo ellos dende encomendado por sus lettras y previllejo<hi rendition="#i #sup">l)</hi> a V. M. y<hi rendition="#i #sup">m) n)</hi>a los<hi rendition="#i #sup">n)</hi> reyes<hi rendition="#i #sup">o)</hi> sus sucessores; y assímesmo piden<hi rendition="#i #sup">p)</hi> por estar seguros que los tiempos venideros de semejante inconveniente, que V. M. les haga merced de darles permiso para adelante que ninguno más los perturbe con edificaciones seglares de la manera deste. Y para mayor justificación de su honesta demanda se offrece a pagar al dicho licenciado lo que pareciere justo por tornar a deshaser la parte del edificio que en su perjuisjo estuviere hecho.<hi rendition="#i #sup">q)</hi> Aunque tengo pro cierto – que siendo V. M. informado desta <hi rendition="#i #sup">r)</hi>piadosa<hi rendition="#i #sup">r)</hi> causa – favoreciera commo suele la justicia della, sino dará lugar a que un collegio tan insigne como aquel es<hi rendition="#i #sup">s)</hi> reciba semejante lesión y detrimento por ningún respecto particular de esta persona, todavía por el amor y obligación tan antiguo y quase natural que yo tengo al dicho collegio, supplico a V. M. humildemente que también por contemplación suya V. M. quiera mirar por él y tenerle encomendado en estas dos cosas que por medio de mi interecessión d[i]essen a l'atención de V. M.<hi rendition="#i #sup">t)</hi>, lo qual – según ellos m'escriven – estimarían en tanto como sy se les fundasse de nuevo el dicho colegio y yo terné por muy hacertado favor y merced el que spero V. M. les hará <hi rendition="#i #sup">u)</hi>porles[?]<hi rendition="#i #sup">u)</hi> para que conozcan que no tiene V. M. en poco el affición que me tienen ni les ha salido yncierta su confiança. Nuestro señor etc. De <placeName xml:id="place_d6e204a1050"
                          ref="nognd"
                          resp="Christopher_F._Laferl"
                          key="Linz">Lintz</placeName>, primero de agosto de 38.</p>
         </div>
         <div n="6"><!-- commentary -->
            <p>a) danach gestrichen <hi rendition="#i">Pablo.</hi> – b)-b) nachträglich eingefügt. – c) danach unleserliche Streichung. – d) danach gestrichen <hi rendition="#i">perjuicio.</hi> – e) danach unleserliche Streichung. – f) danach gestrichen <hi rendition="#i">de Castilla.</hi> – g)-g) (fälschlich) nachträglich eingefügt. – h) danach gestrichen <hi rendition="#i">que del se les sigue, no solamente a los que agora siendo pero a los que serán adelante</hi>. – i)-i) nachträglich eingefügt. – j) danach gestrichen: <hi rendition="#i">señores</hi>. – k) danach gestrichen <hi rendition="#i">que</hi>. – l) danach gestrichen <hi rendition="#i">según los del […] collegio […].</hi> – m) danach gestrichen <hi rendition="#i">a los</hi>. – n)-n) nachträglich eingefügt. – o) danach gestrichen <hi rendition="#i">que después</hi>. – p) danach gestrichen <hi rendition="#i">que</hi>. – q) danach gestrichen <hi rendition="#i">supplico</hi>. – r)-r) nachträglich eingefügt. – s) danach gestrichen <hi rendition="#i">fuera</hi>. – t) danach gestrichen <hi rendition="#i">qual</hi>. – u)-u) nachträglich eingefügt.</p>
            <p>Das Colegio de San Gregorio, das heute das Museo Nacional de Escultura beherbergt, und dem Dominikanerkloster San Pablo angeschlossen war, wurde von <persName xml:id="person_d6e254a1050"
                         ref="nognd"
                         resp="Christopher_F._Laferl"
                         key="Burgos, Alonso de, Bischof von Córdoba, Cuenca und Palencia">Alonso de Burgos</persName>, dem Bischof von Palencia und Beichtvater <persName xml:id="person_d6e257a1050"
                         ref="nognd"
                         resp="Christopher_F._Laferl"
                         key="Isabella die Katholische">Isabellas der Katholischen</persName>, 1487 gegründet; dieser trat in der Folge die Patenschaft an die Katholischen Könige ab (s. Ortega y Rubio: Historia de Valladolid, Bd. 1, 206 und Díaz Ibáñez: Alonso de Burgos, 46). Der erst dreijährige F wurde unmittelbar nach dem Tod seines Vaters Philipp im September 1506 von <placeName xml:id="place_d6e260a1050"
                          ref="nognd"
                          resp="Christopher_F._Laferl"
                          key="Simancas">Simancas</placeName> auf Anweisung seines Erziehers <persName xml:id="person_d6e263a1050"
                         ref="nognd"
                         resp="Christopher_F._Laferl"
                         key="Osorio, Álvaro de">Álvaro Osorio </persName>in das Kolleg gebracht (s. Martínez Casado: Álvaro Osorio). </p>
            <p>Bei dem genannten <hi rendition="#i">Leguisamón </hi>handelt es sich um Sancho Díaz de Leguizamo (auch Leguizamón), den <hi rendition="#i">acalde de casa y corte</hi> von Valladolid und Mitglied des Kastilienrats und einen energischen Verfechter der Interessen Ks in Spanien, u. a. gegen die <index resp="Christopher_F._Laferl">
                  <term xml:id="index_d6e275a1051" key="Comuneros-Aufstand">Comuneros</term>
               </index>, weshalb K ihn vielfach unterstützte und begünstigte, sodass er zu großem Reichtum gelangte (s. López Álvarez: Sancho Díaz de Leguizamo). </p>
            <p>Am selben Tag richtete F ein Schreiben mit demselben Anliegen an <persName xml:id="person_d6e280a1050"
                         ref="nognd"
                         resp="Christopher_F._Laferl"
                         key="Cobos, Francisco de los">Francisco de los Cobos </persName>(Wien HHStA, Belgien PA 6/3 7<hi rendition="#sup">v</hi>-8<hi rendition="#sup">r</hi>. Konzept).</p>
         </div>
      </body>
   </text>
</TEI>
