<?xml version="1.0" encoding="UTF-8"?>
<TEI xmlns="http://www.tei-c.org/ns/1.0">
   <teiHeader>
      <fileDesc>
         <titleStmt>
            <title type="main">A3.</title>
            <title type="sub">Ferdinand der Katholische an Ferdinand, 1515 November 12, Cazalegas.</title>
            <author>
               <persName ref="nognd">Ferdinand der Katholische</persName>
            </author>
         </titleStmt>
         <editionStmt>
            <edition>Vollständige digitalisierte Ausgabe</edition>
         </editionStmt>
         <publicationStmt>
            <publisher xml:id="nnnn">
               <orgName role="hostingInstitution">Universität Salzburg</orgName>
               <orgName role="project">Edition der Familienkorrespondenz Ferdinands I.</orgName>
               <address>
                  <addrLine>Paris Lodron Universität Salzburg PLUS</addrLine>
                  <addrLine>Kapitelgasse 4</addrLine>
                  <addrLine>A-5020 Salzburg - Österreich</addrLine>
               </address>
            </publisher>
            <pubPlace>Salzburg</pubPlace>
            <date type="publication">2015-07-09</date>
            <availability>
               <licence target="https://creativecommons.org/licenses/by/3.0/">
                  <p>Creative Commons BY 3.0</p>
               </licence>
            </availability>
            <idno type="DOI">nnnn</idno>
         </publicationStmt>
         <sourceDesc>
            <bibl type="MS">Die Korrespondenz Ferdinands I. Familienkorrespondenz bis 1526</bibl>
            <biblFull>
               <titleStmt>
                  <title type="main">Die Korrespondenz Ferdinands I. Familienkorrespondenz bis 1526</title>
               </titleStmt>
               <publicationStmt>
                  <publisher>
                     <name>Holzhausen</name>
                  </publisher>
                  <publisher>
                     <name>Kommission für Neuere Geschichte Österreichs</name>
                  </publisher>
                  <pubPlace>Wien</pubPlace>
                  <date type="publication">1912</date>
               </publicationStmt>
            </biblFull>
         </sourceDesc>
      </fileDesc>
      <profileDesc>
         <correspDesc>
            <correspAction type="sent">
               <persName ref="nognd">Ferdinand der Katholische</persName>
               <placeName ref="nognd">Cazalegas</placeName>
               <date>1515 November 12</date>
            </correspAction>
            <correspAction type="received">
               <persName ref="nognd">Ferdinand</persName>
            </correspAction>
         </correspDesc>
      </profileDesc>
      <encodingDesc>
         <appInfo>
            <application ident="TEI_fromDOCX" version="2.15.0">
               <label>DOCX to TEI</label>
            </application>
         </appInfo>
      </encodingDesc>
      <revisionDesc>
         <listChange>
            <change>
               <date>2022-11-12T09:51:29Z</date>
               <name ref="nognd">Pitzer Doris</name>
            </change>
         </listChange>
      </revisionDesc>
   </teiHeader>
   <text>
      <body>
         <div n="1"><!-- letter_header -->
            <p>
               <hi rendition="#b">A3.</hi>
            </p>
            <table rend="rules">
               <row>
                  <cell>
                     <hi rendition="#i">Ferdinand der Katholische an Ferdinand.</hi>
                  </cell>
                  <cell>
                     <hi rendition="#i">1515 November 12. Cazalegas.</hi>
                  </cell>
               </row>
            </table>
         </div>
         <div n="2" xml:lang="de"><!-- regest_de -->
            <p>Vertröstet F auf gemeinsames Jagdglück. Seine Gesundheit.</p>
         </div>
         <div n="3" xml:lang="en"><!-- regest_en -->
            <p>Ferdinand the Catholic promises F a successful hunting trip in the future. His health.</p>
         </div>
         <div n="4"><!-- archive_desc -->
            <p>Wien, St.-A. Familienarchiv. Original mit aufgedrücktem Siegel. Rückwärts Adresse: <hi rendition="#i">Al ill</hi>
               <hi rendition="#i #sup">mo</hi>
               <hi rendition="#i"> ynfante don Hernando, mi muy caro et muy amado nyeto et hijo. </hi>
            </p>
            <p>Der hier erwähnte Brief F’s wurde nicht vorgefunden.</p>
            <p>Druck: Familienkorrespondenz Bd. 1, Nr. 3, S. 3.</p>
         </div>
         <div type="letter" n="5"><!-- transcription -->
            <p>Ill<hi rendition="#sup">mo</hi> infante, mi muy caro y muy amado nieto y hijo. Reçebi vuestra letra con que he holgado y pues en el monte pasado no aveys fecho nada, da os priesa en lo que quando, porque quando os veo plaziendo á nuestro señor, tengays mucha <index resp="Christopher_F._Laferl">
                  <term xml:id="index_d9e109a1051" key="Jagd">caça</term>
               </index>. <persName xml:id="person_d7e129a1050"
                         ref="nognd"
                         resp="Christopher_F._Laferl"
                         key="Ferdinand der Katholische">Yo</persName> voy con muy mucho mejoria de <index resp="Christopher_F._Laferl">
                  <term xml:id="index_d9e116a1051"
                        key="Gesundheit/Krankheit, Ferdinand der Katholische">salud</term>
               </index> á dios gracias como este grado vuestro os dira.</p>
            <p>De <placeName xml:id="place_d9e121a1050"
                          ref="nognd"
                          resp="Christopher_F._Laferl"
                          key="Cazalegas">Caçalegas</placeName> a 12. de noviembre de 515 años.</p>
            <p>Yo<hi rendition="#sup">a</hi>) el Rey.</p>
            <p>Por mandado de Su Alteza <persName xml:id="person_d7e178a1050"
                         ref="nognd"
                         resp="Christopher_F._Laferl"
                         key="Quintana, Pedro de">Pedro de Quyntana</persName>.</p>
         </div>
         <div n="6"><!-- commentary -->
            <p>a) <hi rendition="#i">Yo el Rey</hi> eigenhändig.</p>
            <p>Kommentar der Herausgeber der digitalen Edition: Im ersten Band der Familienkorrespondenz war der Ortsname fälschlich mit <hi rendition="#i">Casaleggio</hi> aufgelöst worden.</p>
         </div>
      </body>
   </text>
</TEI>
