<?xml version="1.0" encoding="UTF-8"?>
<TEI xmlns="http://www.tei-c.org/ns/1.0">
   <teiHeader>
      <fileDesc>
         <titleStmt>
            <title type="main">A5.</title>
            <title type="sub">Karl an Ferdinand, 1516 Februar 15, Brüssel.</title>
            <author>
               <persName ref="nognd">Karl</persName>
            </author>
         </titleStmt>
         <editionStmt>
            <edition>Vollständige digitalisierte Ausgabe</edition>
         </editionStmt>
         <publicationStmt>
            <publisher xml:id="nnnn">
               <orgName role="hostingInstitution">Universität Salzburg</orgName>
               <orgName role="project">Edition der Familienkorrespondenz Ferdinands I.</orgName>
               <address>
                  <addrLine>Paris Lodron Universität Salzburg PLUS</addrLine>
                  <addrLine>Kapitelgasse 4</addrLine>
                  <addrLine>A-5020 Salzburg - Österreich</addrLine>
               </address>
            </publisher>
            <pubPlace>Salzburg</pubPlace>
            <date type="publication">2015-07-09</date>
            <availability>
               <licence target="https://creativecommons.org/licenses/by/3.0/">
                  <p>Creative Commons BY 3.0</p>
               </licence>
            </availability>
            <idno type="DOI">nnnn</idno>
         </publicationStmt>
         <sourceDesc>
            <bibl type="MS">Die Korrespondenz Ferdinands I. Familienkorrespondenz bis 1526</bibl>
            <biblFull>
               <titleStmt>
                  <title type="main">Die Korrespondenz Ferdinands I. Familienkorrespondenz bis 1526</title>
               </titleStmt>
               <publicationStmt>
                  <publisher>
                     <name>Holzhausen</name>
                  </publisher>
                  <publisher>
                     <name>Kommission für Neuere Geschichte Österreichs</name>
                  </publisher>
                  <pubPlace>Wien</pubPlace>
                  <date type="publication">1912</date>
               </publicationStmt>
            </biblFull>
         </sourceDesc>
      </fileDesc>
      <profileDesc>
         <correspDesc>
            <correspAction type="sent">
               <persName ref="nognd">Karl</persName>
               <placeName ref="nognd">Brüssel</placeName>
               <date>1516 Februar 15</date>
            </correspAction>
            <correspAction type="received">
               <persName ref="nognd">Ferdinand</persName>
            </correspAction>
         </correspDesc>
      </profileDesc>
      <encodingDesc>
         <appInfo>
            <application ident="TEI_fromDOCX" version="2.15.0">
               <label>DOCX to TEI</label>
            </application>
         </appInfo>
      </encodingDesc>
      <revisionDesc>
         <listChange>
            <change>
               <date>2022-11-12T09:51:40Z</date>
               <name ref="nognd">Pitzer Doris</name>
            </change>
         </listChange>
      </revisionDesc>
   </teiHeader>
   <text>
      <body>
         <div n="1"><!-- letter_header -->
            <p>
               <hi rendition="#b">A5.</hi>
            </p>
            <table rend="rules">
               <row>
                  <cell>
                     <hi rendition="#i">Karl an Ferdinand.</hi>
                  </cell>
                  <cell>
                     <hi rendition="#i">1516 Februar 15. Brüssel.</hi>
                  </cell>
               </row>
            </table>
         </div>
         <div n="2" xml:lang="de"><!-- regest_de -->
            <p>1. Trostzuspruch anlässlich des Todes Kg Ferdinands des Katholischen. 2. F möge ihn als seinen wahren Bruder betrachten, als welcher er sich auch durch die Tat erweisen werde. 3. Baldige Fahrt nach Spanien. Bitte um häufige Nachrichten. 4. Beglaubigung für Adrian von Löwen.</p>
         </div>
         <div n="3" xml:lang="en"><!-- regest_en -->
            <p>1. K offers his condolences on the death of King Ferdinand the Catholic. 2. F shall consider K his true brother, which he will prove through actions. 3. K will soon travel to Spain. He requests frequent news. 4. He accredits Adrian von Löwen.</p>
         </div>
         <div n="4"><!-- archive_desc -->
            <p>Druck: Sandoval, Historia de la vida y hechos del emperador Carlos V. Pamplona 1634, 1, S. 67f.; Grundlage des Druckes in der Familienkorrespondenz Bd. 1, Nr. 5, S. 4-5.</p>
         </div>
         <div type="letter" n="5"><!-- transcription -->
            <p>Ill<hi rendition="#sup">mo</hi> infante don Fernando, nuestro muy caro y muy amado hermano. De la <index resp="Christopher_F._Laferl">
                  <term xml:id="index_d11e100a1051" key="Tod, Ferdinand der Katholische">muerte</term>
               </index> e fallicemiento del muy alto, poderoso <persName xml:id="person_d7e129a1050"
                         ref="nognd"
                         resp="Hofer-Bindeus_Johannes"
                         key="Ferdinand der Katholische">Catholico rey</persName>, mi señor abuelo, que Dios tiene en su gloria, nos avemos avido muy gran dolor e sentimiento, ansi por la falta que su real persona ha hecho en todo el mucho como por la soledad y tristeza que en estos reynos dexa. Mas pues a placido a Dios N. S. y es cosa natural, devemonos conformar con su voluntad, teniendo por cierto que segun el tiempo en que le llamò y el bienaventurado finque le tuvo guardado, le quiso para si: e que està en camino de salvacion que es grandissima consolacion para los que le perdimos, y con tanta razon estamos tristes. Porende, ill<hi rendition="#sup">mo</hi> y muy amado hermano, muy affetuosamente vos ruego, que ansi lo hagays vos que vos alegreys y consoleys.</p>
            <p>Y para vuestro bien y acrecentamiento de vuestra ill<hi rendition="#sup">ma</hi> persona en mi teneys verdadero hermano y padre, como vereys, en lo que la obra y experiencia demostrara.</p>
            <p>Conviene no mucho alargar mi jornada y tambien porque placiendo a Dios esperamos que nos veremos muy presto; para lo qual y para poner en obra nuestro camino con gran diligencia mandamos aderezar y aparejar, a el plega de nos llevar en salvamento y que podamos cumplir tan justo desseo. Entretanto continuamente nos escrivid y faced saber de vuestra salud y disposicion, que nos hareys plazer.</p>
            <p>Y a lo que de nuestra parte <persName xml:id="person_d11e117a1050"
                         ref="nognd"
                         resp="Christopher_F._Laferl"
                         key="Hadrian VI.">el dean </persName>de <placeName xml:id="place_d11e120a1050"
                          ref="nognd"
                          resp="Christopher_F._Laferl"
                          key="Leuven/Louvain">Lobayna</placeName>, nuestro embaxador, vos dira, dalde entera fe y creencia. Ill<hi rendition="#sup">mo</hi> infante, nuestro muy caro y muy amado hermano, Dios N. S. os guarde y tenga en su especial encomienda.</p>
            <p>De la villa de <placeName xml:id="place_d11e128a1050"
                          ref="nognd"
                          resp="Hofer-Bindeus_Johannes"
                          key="Brüssel">Brusselas </placeName>a 15. de hebrero de 1516.</p>
         </div>
         <div n="6"><!-- commentary -->
            <p>Dieser Brief ging wahrscheinlich mit derselben Post nach Spanien wie die ebenda bei Sandoval veröffentlichten Schreiben K’s an <persName xml:id="person_d11e135a1050"
                         ref="nognd"
                         resp="Christopher_F._Laferl"
                         key="Cisneros">Jimenez</persName> vom 14. Februar (S. 66), an Königin-Witwe <persName xml:id="person_d7e189a1050"
                         ref="nognd"
                         resp="Christopher_F._Laferl"
                         key="Germaine de Foix">Germaine</persName> vom 11. Februar (S. 67) und an den königlichen Rat vom 14. Februar (S. 65). Ferdinand der Katholische, von dessen Tod hier die Rede ist, starb am 23. Jänner 1516.</p>
            <p>Erst im Herbst des folgenden Jahres (1517) begab sich K nach <index resp="Christopher_F._Laferl">
                  <term xml:id="index_d11e144a1051" key="Spanien">Spanien</term>
               </index>. K. Häbler, Geschichte Spaniens 1, S. 39.</p>
            <p>Als K’s Gesandter fungierte damals Adrian, Dechant von Löwen, der spätere Papst Adrian VI. Über den Zweck seiner Sendung und die Stellung, die ihm vom Brüsseler Hof zugedacht war, vgl. Baumgarten 1, S. 26; Bauer, S. 41.</p>
         </div>
      </body>
   </text>
</TEI>
