<?xml version="1.0" encoding="UTF-8"?>
<TEI xmlns="http://www.tei-c.org/ns/1.0">
   <teiHeader>
      <fileDesc>
         <titleStmt>
            <title type="main">A11.</title>
            <title type="sub">Maria an Ferdinand, 1519 Februar 28, Innsbruck.</title>
            <author>
               <persName ref="nognd">Maria</persName>
            </author>
         </titleStmt>
         <editionStmt>
            <edition>Vollständige digitalisierte Ausgabe</edition>
         </editionStmt>
         <publicationStmt>
            <publisher xml:id="nnnn">
               <orgName role="hostingInstitution">Universität Salzburg</orgName>
               <orgName role="project">Edition der Familienkorrespondenz Ferdinands I.</orgName>
               <address>
                  <addrLine>Paris Lodron Universität Salzburg PLUS</addrLine>
                  <addrLine>Kapitelgasse 4</addrLine>
                  <addrLine>A-5020 Salzburg - Österreich</addrLine>
               </address>
            </publisher>
            <pubPlace>Salzburg</pubPlace>
            <date type="publication">2015-07-09</date>
            <availability>
               <licence target="https://creativecommons.org/licenses/by/3.0/">
                  <p>Creative Commons BY 3.0</p>
               </licence>
            </availability>
            <idno type="DOI">nnnn</idno>
         </publicationStmt>
         <sourceDesc>
            <bibl type="MS">Die Korrespondenz Ferdinands I. Familienkorrespondenz bis 1526</bibl>
            <biblFull>
               <titleStmt>
                  <title type="main">Die Korrespondenz Ferdinands I. Familienkorrespondenz bis 1526</title>
               </titleStmt>
               <publicationStmt>
                  <publisher>
                     <name>Holzhausen</name>
                  </publisher>
                  <publisher>
                     <name>Kommission für Neuere Geschichte Österreichs</name>
                  </publisher>
                  <pubPlace>Wien</pubPlace>
                  <date type="publication">1912</date>
               </publicationStmt>
            </biblFull>
         </sourceDesc>
      </fileDesc>
      <profileDesc>
         <correspDesc>
            <correspAction type="sent">
               <persName ref="nognd">Maria</persName>
               <placeName ref="nognd">Innsbruck</placeName>
               <date>1519 Februar 28</date>
            </correspAction>
            <correspAction type="received">
               <persName ref="nognd">Ferdinand</persName>
            </correspAction>
         </correspDesc>
      </profileDesc>
      <encodingDesc>
         <appInfo>
            <application ident="TEI_fromDOCX" version="2.15.0">
               <label>DOCX to TEI</label>
            </application>
         </appInfo>
      </encodingDesc>
      <revisionDesc>
         <listChange>
            <change>
               <date>2022-11-12T09:52:14Z</date>
               <name ref="nognd">Pitzer Doris</name>
            </change>
         </listChange>
      </revisionDesc>
   </teiHeader>
   <text>
      <body>
         <div n="1"><!-- letter_header -->
            <p>
               <hi rendition="#b">A11.</hi>
            </p>
            <table rend="rules">
               <row>
                  <cell>
                     <hi rendition="#i">Maria an Ferdinand.</hi>
                  </cell>
                  <cell>
                     <hi rendition="#i">1519 Februar 28. (Innsbruck).</hi>
                  </cell>
               </row>
            </table>
         </div>
         <div n="2" xml:lang="de"><!-- regest_de -->
            <p>Empfiehlt sich in ihrer Verlassenheit anlässlich des Todes Maximilians I. der brüderlichen Liebe F’s.</p>
         </div>
         <div n="3" xml:lang="en"><!-- regest_en -->
            <p>Asks for F's brotherly love in the face of her loneliness after Maximilian I.'s death.</p>
         </div>
         <div n="4"><!-- archive_desc -->
            <p>Lille, Arch. départ., Lettres missives, portf. 41. Moderne, offenbar fehlerhafte Kopie.</p>
            <p>Druck: Familienkorrespondenz Bd. 1, Nr. 11, S. 10.</p>
         </div>
         <div type="letter" n="5"><!-- transcription -->
            <p>Mons<hi rendition="#sup">r</hi> mon bon frere, humblement à vostre bonne grace me recommande. Mons<hi rendition="#sup">r</hi> j’ai tant perdu au <index resp="Christopher_F._Laferl">
                  <term xml:id="index_d17e104a1051" key="Tod, Maximilian I.">trespas</term>
               </index> de <persName xml:id="person_d5e124a1050"
                         ref="nognd"
                         resp="Christopher_F._Laferl"
                         key="Maximilian I.">l’empereur</persName>, nostre bon seigneur et grand-pere, à qui nostre seigneur par sa grace veille estre misericors, que ne le vous sauroit assez complaindre à cause qu’il m’a tousjours monstré tant d’amour et d’oneur. Toutesfois, sachans que nous ne pouons connoitre le bon vouloir de nostre seigneur, il en faut avoir la patience, et me reconforte au roi Catholique, nostre bon seigneur et frere, et en vous, en vous priant affectueusement que me veulliez avoir tousjours pour recommandé et me faire, comme nostred. grand-pere m’a tousjours fait, comme en vous ai ma totale fiance et que me voulliez toujours tenir pour vostre bonne et lealle soeur, telle que je suis, et veulx demeurer toute ma vie, en vous asseurant que ce n’estoit l’espoir et fiance que j’ai en vous deux comme en mes deux beaux seurs et freres que je seroie la plus desolée dame du monde, comme vous meme poez considerer, car je suis ici long de tous mes amis, gouvernée par gens estranges.</p>
            <p>Atant mons<hi rendition="#sup">r</hi>, s’ill i a plaisir ou service que vous puisse faire, je les ferai en mon pouvoir à l’aide de dieu, auquel mons<hi rendition="#sup">r</hi>., mon bon frere, je prie qu’il vous doint bonne vie et longue et accomplissement de tous vos desirs.</p>
            <p>
               <placeName xml:id="place_d4e192a1050"
                          ref="nognd"
                          resp="Christopher_F._Laferl"
                          key="Augsburg">Ausbourg</placeName>, ce dernier de fevrier 1518.</p>
            <p>Vostre bonne et lealle seur à jamais Marie.</p>
         </div>
         <div n="6"><!-- commentary -->
            <p>Kaiser Maximilian war am 12. Jänner 1519 zu <placeName xml:id="place_d17e127a1050"
                          ref="nognd"
                          resp="Christopher_F._Laferl"
                          key="Wels">Wels</placeName> gestorben.</p>
            <p>In der Vorlage heißt es zwar <hi rendition="#i">Ausbourg</hi>, doch liegt ganz offenbar ein Lesefehler des Kopisten für <placeName xml:id="place_d8e140a1050"
                          ref="nognd"
                          resp="Christopher_F._Laferl"
                          key="Innsbruck">Innsbruck</placeName> vor.</p>
         </div>
      </body>
   </text>
</TEI>
