<?xml version="1.0" encoding="UTF-8"?>
<TEI xmlns="http://www.tei-c.org/ns/1.0">
   <teiHeader>
      <fileDesc>
         <titleStmt>
            <title type="main">A15.</title>
            <title type="sub">Ferdinand an Margareta, 1521 April 30, Worms.</title>
            <author>
               <persName ref="nognd">Ferdinand</persName>
            </author>
         </titleStmt>
         <editionStmt>
            <edition>Vollständige digitalisierte Ausgabe</edition>
         </editionStmt>
         <publicationStmt>
            <publisher xml:id="nnnn">
               <orgName role="hostingInstitution">Universität Salzburg</orgName>
               <orgName role="project">Edition der Familienkorrespondenz Ferdinands I.</orgName>
               <address>
                  <addrLine>Paris Lodron Universität Salzburg PLUS</addrLine>
                  <addrLine>Kapitelgasse 4</addrLine>
                  <addrLine>A-5020 Salzburg - Österreich</addrLine>
               </address>
            </publisher>
            <pubPlace>Salzburg</pubPlace>
            <date type="publication">2015-07-09</date>
            <availability>
               <licence target="https://creativecommons.org/licenses/by/3.0/">
                  <p>Creative Commons BY 3.0</p>
               </licence>
            </availability>
            <idno type="DOI">nnnn</idno>
         </publicationStmt>
         <sourceDesc>
            <bibl type="MS">Die Korrespondenz Ferdinands I. Familienkorrespondenz bis 1526</bibl>
            <biblFull>
               <titleStmt>
                  <title type="main">Die Korrespondenz Ferdinands I. Familienkorrespondenz bis 1526</title>
               </titleStmt>
               <publicationStmt>
                  <publisher>
                     <name>Holzhausen</name>
                  </publisher>
                  <publisher>
                     <name>Kommission für Neuere Geschichte Österreichs</name>
                  </publisher>
                  <pubPlace>Wien</pubPlace>
                  <date type="publication">1912</date>
               </publicationStmt>
            </biblFull>
         </sourceDesc>
      </fileDesc>
      <profileDesc>
         <correspDesc>
            <correspAction type="sent">
               <persName ref="nognd">Ferdinand</persName>
               <placeName ref="nognd">Worms</placeName>
               <date>1521 April 30</date>
            </correspAction>
            <correspAction type="received">
               <persName ref="nognd">Margareta</persName>
            </correspAction>
         </correspDesc>
      </profileDesc>
      <encodingDesc>
         <appInfo>
            <application ident="TEI_fromDOCX" version="2.15.0">
               <label>DOCX to TEI</label>
            </application>
         </appInfo>
      </encodingDesc>
      <revisionDesc>
         <listChange>
            <change>
               <date>2022-11-12T09:52:38Z</date>
               <name ref="nognd">Pitzer Doris</name>
            </change>
         </listChange>
      </revisionDesc>
   </teiHeader>
   <text>
      <body>
         <div n="1"><!-- letter_header -->
            <p>
               <hi rendition="#b">A15.</hi>
            </p>
            <table rend="rules">
               <row>
                  <cell>
                     <hi rendition="#i">Ferdinand an Margareta.</hi>
                  </cell>
                  <cell>
                     <hi rendition="#i">1521 April 30. Worms.</hi>
                  </cell>
               </row>
            </table>
         </div>
         <div n="2" xml:lang="de"><!-- regest_de -->
            <p>1. Entschuldigt sich, nicht eigenhändig geantwortet zu haben. 2. Wird bei seiner Rückkehr mündlich weitere Nachrichten mitteilen.</p>
         </div>
         <div n="3" xml:lang="en"><!-- regest_en -->
            <p>1. He apologizes for not having replied personally. 2. He will have more news to share in person upon his return.</p>
         </div>
         <div n="4"><!-- archive_desc -->
            <p>Lille, Arch. départ. Lettres missives, portf. 43. Original. Rückwärts Adresse: <hi rendition="#i">A m</hi>
               <hi rendition="#i #sup">me</hi>
               <hi rendition="#i">m</hi>
               <hi rendition="#i #sup">me</hi>
               <hi rendition="#i"> ma tante. </hi>
            </p>
            <p>Druck: Familienkorrespondenz Bd. 1, Nr. 15, S. 13-14.</p>
         </div>
         <div type="letter" n="5"><!-- transcription -->
            <p>
               <persName xml:id="person_d13e136a1050"
                         ref="nognd"
                         resp="Christopher_F._Laferl"
                         key="Mg">M<hi rendition="#sup">me</hi>
               </persName>, j’ai receu vostre lettre à laquelle ne fais responce de ma main, tant pour ce que, comme sçavez, suis malvais secretaire, comme aussi que mon partement a esté si tres soudain que n’ai eu le temps.</p>
            <p>M<hi rendition="#sup">me</hi>, je vous mercie humblement du desir que avez de mon bien et honneur, lequel je n’ai point moins de vous complaire et faire service, vous certiffiant m<hi rendition="#sup">me</hi> que ce n’est point à faulte de souciz, que vous n’estes en lui où je me eusse peu deffendre de voz oguyneries. Mais le mien espoir de mon retour par delà me conforte et à doncques vous pourrai dire plus amples nouvelles, comme l’on s’i treuve en <index resp="Christopher_F._Laferl">
                  <term xml:id="index_d21e122a1051" key="F, Heirat mit A">mariage</term>
               </index>. Pour lequel parfaire m’en pars ce jourd’ui.</p>
            <p>Priant sur ce le createur que à vous m<hi rendition="#sup">me</hi> doint bonne vie et longue.</p>
            <p>De <placeName xml:id="place_d20e130a1050"
                          ref="nognd"
                          resp="Christopher_F._Laferl"
                          key="Worms">Wormbs</placeName>, ce dernier jour d’avril a<hi rendition="#sup">o</hi> 21.</p>
            <p>Vostre<hi rendition="#sup">a</hi>) humble nevueur Fernando.</p>
         </div>
         <div n="6"><!-- commentary -->
            <p>a) <hi rendition="#i">Vostre — Fernando</hi> eigenhändig.</p>
            <p>Der hier erwähnte Brief wurde nicht vorgefunden. — Der Erzherzog ist tatsächlich am 30. April in Gesellschaft des <persName xml:id="person_d21e152a1050"
                         ref="nognd"
                         resp="Christopher_F._Laferl"
                         key="Lang, Matthäus">Kardinals von Salzburg </persName>von Worms ausgeritten, um sich zunächst nach <placeName xml:id="place_d21e155a1050"
                          ref="nognd"
                          resp="Christopher_F._Laferl"
                          key="Heidelberg">Heidelberg</placeName> zu begeben. DRA 2, S. 883.</p>
         </div>
      </body>
   </text>
</TEI>
