<?xml version="1.0" encoding="UTF-8"?>
<TEI xmlns="http://www.tei-c.org/ns/1.0">
   <teiHeader>
      <fileDesc>
         <titleStmt>
            <title type="main">A32.</title>
            <title type="sub">Ferdinand an Margareta, 1523 Mai 4, Innsbruck.</title>
            <author>
               <persName ref="nognd">Ferdinand</persName>
            </author>
         </titleStmt>
         <editionStmt>
            <edition>Vollständige digitalisierte Ausgabe</edition>
         </editionStmt>
         <publicationStmt>
            <publisher xml:id="nnnn">
               <orgName role="hostingInstitution">Universität Salzburg</orgName>
               <orgName role="project">Edition der Familienkorrespondenz Ferdinands I.</orgName>
               <address>
                  <addrLine>Paris Lodron Universität Salzburg PLUS</addrLine>
                  <addrLine>Kapitelgasse 4</addrLine>
                  <addrLine>A-5020 Salzburg - Österreich</addrLine>
               </address>
            </publisher>
            <pubPlace>Salzburg</pubPlace>
            <date type="publication">2015-07-09</date>
            <availability>
               <licence target="https://creativecommons.org/licenses/by/3.0/">
                  <p>Creative Commons BY 3.0</p>
               </licence>
            </availability>
            <idno type="DOI">nnnn</idno>
         </publicationStmt>
         <sourceDesc>
            <bibl type="MS">Die Korrespondenz Ferdinands I. Familienkorrespondenz bis 1526</bibl>
            <biblFull>
               <titleStmt>
                  <title type="main">Die Korrespondenz Ferdinands I. Familienkorrespondenz bis 1526</title>
               </titleStmt>
               <publicationStmt>
                  <publisher>
                     <name>Holzhausen</name>
                  </publisher>
                  <publisher>
                     <name>Kommission für Neuere Geschichte Österreichs</name>
                  </publisher>
                  <pubPlace>Wien</pubPlace>
                  <date type="publication">1912</date>
               </publicationStmt>
            </biblFull>
         </sourceDesc>
      </fileDesc>
      <profileDesc>
         <correspDesc>
            <correspAction type="sent">
               <persName ref="nognd">Ferdinand</persName>
               <placeName ref="nognd">Innsbruck</placeName>
               <date>1523 Mai 4</date>
            </correspAction>
            <correspAction type="received">
               <persName ref="nognd">Margareta</persName>
            </correspAction>
         </correspDesc>
      </profileDesc>
      <encodingDesc>
         <appInfo>
            <application ident="TEI_fromDOCX" version="2.15.0">
               <label>DOCX to TEI</label>
            </application>
         </appInfo>
      </encodingDesc>
      <revisionDesc>
         <listChange>
            <change>
               <date>2022-11-12T09:54:21Z</date>
               <name ref="nognd">Pitzer Doris</name>
            </change>
         </listChange>
      </revisionDesc>
   </teiHeader>
   <text>
      <body>
         <div n="1"><!-- letter_header -->
            <p>
               <hi rendition="#b">A32.</hi>
            </p>
            <table rend="rules">
               <row>
                  <cell>
                     <hi rendition="#i">Ferdinand an Margareta.</hi>
                  </cell>
                  <cell>
                     <hi rendition="#i">1523 Mai 4. Innsbruck.</hi>
                  </cell>
               </row>
            </table>
         </div>
         <div n="2" xml:lang="de"><!-- regest_de -->
            <p>1. Empfing Mg’s Brief vom 20. April. Rüstungen K’s gegen Frankreich. 2. Geldsendungen für den niederländischen und den italienischen Kriegsschauplatz. 3. Verzögerung im Abschluss des Vertrages mit Venedig. 4. Die Schweizer haben nicht die Absicht, in Frankreichs Dienste zu treten. 5. Vorgehen des Kf. von der Pfalz gegen die Sickingschen Plätze.</p>
         </div>
         <div n="3" xml:lang="en"><!-- regest_en -->
            <p>1. Has received Mg's letter dated April 20. K's armaments against France. 2. Transfer of money for the wars in the Netherlands and Italy. 3. Delay in signing the treaty with Venice. 4. The Swiss have no interest in entering into the service of the French. 5. The actions taken by the Elector Palatine against the Sickingen estate.</p>
         </div>
         <div n="4"><!-- archive_desc -->
            <p>Lille, Arch. départ. Lettres missives, portf. 47. Original.</p>
            <p>Druck: Familienkorrespondenz Bd. 1, Nr. 32, S. 48-50.</p>
         </div>
         <div type="letter" n="5"><!-- transcription -->
            <p>
               <persName xml:id="person_d13e136a1050"
                         ref="nognd"
                         resp="Christopher_F._Laferl"
                         key="Mg">M<hi rendition="#sup">me</hi>
               </persName>, j’ai receu voz lettres du 22<hi rendition="#sup">e</hi> d’avril et par icelles entendu la bonne pollice et grosses apprestes que l’empereur mons<hi rendition="#sup">r</hi> a fait pour grever et adommaiger son ennemi. Toutesfois m<hi rendition="#sup">me</hi>, s’il eust peu estre, j’eusse bien desiré quelque bonne paix ou treves, afin que telles apprestes eussent peu estre converties contre l’ennemi de <index resp="Christopher_F._Laferl">
                  <term xml:id="index_d38e111a1051" key="Christenheit">l’universelle chrestienté</term>
               </index>. Mais puisque ainsi est, et que le <persName xml:id="person_d24e327a1050"
                         ref="nognd"
                         resp="Christopher_F._Laferl"
                         key="Franz I.">roi de France </persName>veult perseverer en ses mauldictes intencions, il se fault deffendre et qui pourra le tres-bien chastier.</p>
            <p>J’ai esté adverti d’autre cousté comme sa m<hi rendition="#sup">te</hi> a ordonné deux cent mil florins pour subvenir aux charges de la guerre de pardela et cent mil ducatz pour faire le semblable en <index resp="Christopher_F._Laferl">
                  <term xml:id="index_d35e144a1051" key="Italien">Ytalie</term>
               </index>, et espere avec l’aide de dieu que à la bonne ordre et pollice qu’il m’est partout et avec le bon droit de sad. m<hi rendition="#sup">te</hi> parviendra au dessus de son ennemi et ne doubte que le <persName xml:id="person_d38e129a1050"
                         ref="nognd"
                         resp="Christopher_F._Laferl"
                         key="Heinrich VIII.">roi d’Angleterre </persName>fera aussi de sa part son debvoir.</p>
            <p>Quant au fait des <index resp="Christopher_F._Laferl">
                  <term xml:id="index_d24e283a1051" key="Venedig">Veneciens</term>
               </index>, la dilacion qu’en ai m<hi rendition="#sup">me</hi> fait est pour les causes que vous ai par-ci-devant escriptes et posé oires que je leur ai bien voulu donner à congnoistre mon droit si suis je en ce vouloir que le plus qu’il me sera possible condescendre à l’<index resp="Christopher_F._Laferl">
                  <term xml:id="index_d38e142a1051" key="Venedig, Vertrag mit">appoinctement</term>
               </index> que les ambassadeurs de sad. m<hi rendition="#sup">te</hi> concluront quelques [p]ertes<hi rendition="#sup">a</hi>) qui m’en doigent avenir, car ce me seroit trop grant regret que par mon moyen les affaires d’icelle sa m<hi rendition="#sup">te</hi> fussent retardéz ou deussent avoir quelque inconvenient.</p>
            <p>Des <index resp="Christopher_F._Laferl">
                  <term xml:id="index_d24e129a1051" key="Schweiz">Suisses</term>
               </index> vous avertis m<hi rendition="#sup">me</hi> qu’ilz ne sont nullement d’intencion et aller au service des <index resp="Christopher_F._Laferl">
                  <term xml:id="index_d7e168a1051" key="Frankreich">François</term>
               </index>, comme pourrez plus au long entendre par la copie d’une lettre qui m’en a esté envoyée d’illecq. Laquelle vous envoye avec cestes.</p>
            <p>Au regard de <persName xml:id="person_d24e164a1050"
                         ref="nognd"
                         resp="Christopher_F._Laferl"
                         key="Sickingen, Franz von">Francisque</persName>, je vous avise m<hi rendition="#sup">me</hi> que les trois princes, contre cui il a affaire, sont bien deliberéz mectre tout leur effort à faire une fin de lui. Et a cest effect ai eu nouvelles comme le <persName xml:id="person_d24e255a1050"
                         ref="nognd"
                         resp="Christopher_F._Laferl"
                         key="Friedrich II.">conte Palatin </persName>a desia mis siege devant aucune de ses places. Je prie dieu qui leur doint bien besongne, car il me redundera au grant bien et pacificacion de toute l’<index resp="Christopher_F._Laferl">
                  <term xml:id="index_d18e122a1051" key="HRR">empire</term>
               </index>.</p>
            <p>M<hi rendition="#sup">me</hi>, ma bonne tante, je prie le createur qui vous doint bonne vie et longue.</p>
            <p>D’<placeName xml:id="place_d8e140a1050"
                          ref="nognd"
                          resp="Christopher_F._Laferl"
                          key="Innsbruck">Ysbruck</placeName>, ce 4<hi rendition="#sup">e</hi> jour de mai a<hi rendition="#sup">o</hi> 23.</p>
            <p>Vostre<hi rendition="#sup">b</hi>) bon et humble nepveur Ferdinandus.</p>
         </div>
         <div n="6"><!-- commentary -->
            <p>Der Brief F’s vom 20. April ist nicht vorhanden. — Die kriegerische Wendung, die sich damals gerade im Gegensatz zu den Friedensbemühungen F’s und Mg’s vorbereitete, ging, wie es scheint, in erster Linie von K selbst aus. Vgl. Baumgarten 2, S. 267f.</p>
            <p>Über K’s Geldaufwand für den Krieg s. Baumgarten a. a. O., S. 269.</p>
            <p>a) Lücke. </p>
            <p>Über die venezianische Frage vgl. Nr. A29.</p>
            <p>Die beigelegte Kopie nicht zu finden. Vgl. Strickler 1, Nr. 602.</p>
            <p>b) Von <hi rendition="#i">vostre </hi>an eigenhändig.</p>
            <p>Gemeint dürfte hier die Belagerung der Sickingenschen Burg <placeName xml:id="place_d38e218a1050"
                          ref="nognd"
                          resp="Christopher_F._Laferl"
                          key="Kreuznach, Burg">Kreuznach</placeName> sein, mit der am 22. April begonnen wurde. Erst am 29. wurde mit dem Zuge gegen <placeName xml:id="place_d38e221a1050"
                          ref="nognd"
                          resp="Christopher_F._Laferl"
                          key="Landstuhl">Landstuhl</placeName> der Anfang gemacht. Ulmann, S. 365f.</p>
         </div>
      </body>
   </text>
</TEI>
