<?xml version="1.0" encoding="UTF-8"?>
<TEI xmlns="http://www.tei-c.org/ns/1.0">
   <teiHeader>
      <fileDesc>
         <titleStmt>
            <title type="main">A33.</title>
            <title type="sub">Ferdinand an Margareta, 1523 Mai 4, Innsbruck.</title>
            <author>
               <persName ref="nognd">Ferdinand</persName>
            </author>
         </titleStmt>
         <editionStmt>
            <edition>Vollständige digitalisierte Ausgabe</edition>
         </editionStmt>
         <publicationStmt>
            <publisher xml:id="nnnn">
               <orgName role="hostingInstitution">Universität Salzburg</orgName>
               <orgName role="project">Edition der Familienkorrespondenz Ferdinands I.</orgName>
               <address>
                  <addrLine>Paris Lodron Universität Salzburg PLUS</addrLine>
                  <addrLine>Kapitelgasse 4</addrLine>
                  <addrLine>A-5020 Salzburg - Österreich</addrLine>
               </address>
            </publisher>
            <pubPlace>Salzburg</pubPlace>
            <date type="publication">2015-07-09</date>
            <availability>
               <licence target="https://creativecommons.org/licenses/by/3.0/">
                  <p>Creative Commons BY 3.0</p>
               </licence>
            </availability>
            <idno type="DOI">nnnn</idno>
         </publicationStmt>
         <sourceDesc>
            <bibl type="MS">Die Korrespondenz Ferdinands I. Familienkorrespondenz bis 1526</bibl>
            <biblFull>
               <titleStmt>
                  <title type="main">Die Korrespondenz Ferdinands I. Familienkorrespondenz bis 1526</title>
               </titleStmt>
               <publicationStmt>
                  <publisher>
                     <name>Holzhausen</name>
                  </publisher>
                  <publisher>
                     <name>Kommission für Neuere Geschichte Österreichs</name>
                  </publisher>
                  <pubPlace>Wien</pubPlace>
                  <date type="publication">1912</date>
               </publicationStmt>
            </biblFull>
         </sourceDesc>
      </fileDesc>
      <profileDesc>
         <correspDesc>
            <correspAction type="sent">
               <persName ref="nognd">Ferdinand</persName>
               <placeName ref="nognd">Innsbruck</placeName>
               <date>1523 Mai 4</date>
            </correspAction>
            <correspAction type="received">
               <persName ref="nognd">Margareta</persName>
            </correspAction>
         </correspDesc>
      </profileDesc>
      <encodingDesc>
         <appInfo>
            <application ident="TEI_fromDOCX" version="2.15.0">
               <label>DOCX to TEI</label>
            </application>
         </appInfo>
      </encodingDesc>
      <revisionDesc>
         <listChange>
            <change>
               <date>2022-11-12T09:54:28Z</date>
               <name ref="nognd">Pitzer Doris</name>
            </change>
         </listChange>
      </revisionDesc>
   </teiHeader>
   <text>
      <body>
         <div n="1"><!-- letter_header -->
            <p>
               <hi rendition="#b">A33.</hi>
            </p>
            <table rend="rules">
               <row>
                  <cell>
                     <hi rendition="#i">Ferdinand an Margareta.</hi>
                  </cell>
                  <cell>
                     <hi rendition="#i">1523 Mai 4. Innsbruck.</hi>
                  </cell>
               </row>
            </table>
         </div>
         <div n="2" xml:lang="de"><!-- regest_de -->
            <p>Fürsprache für Georg von Frundsberg und Marx Sittich von Ems.</p>
         </div>
         <div n="3" xml:lang="en"><!-- regest_en -->
            <p>Intercession on behalf of Georg of Frundsberg and Marx Sittich von Ems.</p>
         </div>
         <div n="4"><!-- archive_desc -->
            <p>Lille, Arch. départ. Lettres missives, portf. 46. Original.</p>
            <p>Druck: Familienkorrespondenz Bd. 1, Nr. 33, S. 50.</p>
         </div>
         <div type="letter" n="5"><!-- transcription -->
            <p>
               <persName xml:id="person_d13e136a1050"
                         ref="nognd"
                         resp="Christopher_F._Laferl"
                         key="Mg">M<hi rendition="#sup">me</hi>
               </persName>, <persName xml:id="person_d39e101a1050"
                         ref="nognd"
                         resp="Christopher_F._Laferl"
                         key="Frundsberg, Georg von">George de Freynsberch</persName>, s<hi rendition="#sup">r</hi> de <placeName xml:id="place_d39e107a1050"
                          ref="nognd"
                          resp="Christopher_F._Laferl"
                          key="Mindelheim">Mondelheim</placeName>, et <persName xml:id="person_d39e110a1050"
                         ref="nognd"
                         resp="Christopher_F._Laferl"
                         key="Ems (Hohenems), Marx Sittich I. von, Landsknechtsführer">Marc Sittich von Hems </persName>m’ont remonstré à cause de leurs services qu’ilz firent dernierement à l’empereur mons<hi rendition="#sup">r</hi> en sa guerre devant <placeName xml:id="place_d39e117a1050"
                          ref="nognd"
                          resp="Christopher_F._Laferl"
                          key="Mézières">Masieres</placeName> leur est encoeres deu quelque somme de deniers, tant de leursd. <index resp="Christopher_F._Laferl">
                  <term xml:id="index_d4e181a1051" key="Landsknechte">services</term>
               </index>, que de quelque prest qu’ilz firent, comme pourrez m<hi rendition="#sup">me</hi> veoir plus au long par leur requeste qu’ilz m’ont presenté. Laquelle vous envoye<hi rendition="#sup">a</hi>) ici enclose et m’ont supplié vous en vouloir rescripre à leur faveur. Parquoi vous prie m<hi rendition="#sup">me</hi> tenir la main à ce qu’ilz puissent estre satisfaitz de leurd. deu.</p>
            <p>M<hi rendition="#sup">me</hi>, ma bonne tante, je prie atant le createur qui vous doint bonne et longue vie.</p>
            <p>De <placeName xml:id="place_d8e140a1050"
                          ref="nognd"
                          resp="Christopher_F._Laferl"
                          key="Innsbruck">Ysbruck</placeName>, a 4<hi rendition="#sup">e</hi> jour de mai a<hi rendition="#sup">o</hi> 23.</p>
            <p>Vostre<hi rendition="#sup">b</hi>) bon et humble nepveu Ferdinandus.</p>
         </div>
         <div n="6"><!-- commentary -->
            <p>a) Später nachgetragen.</p>
            <p>b) Von <hi rendition="#i">vostre </hi>an eigenhändig.</p>
            <p>Gemeint ist offenbar der Anteil der beiden Landsknechtsführer bei der Belagerung von Mézières, die vom 30. August bis 27. September 1522 dauerte. Baumgarten 2, S. 40f. F. W. Barthold, Georg von Frundsberg oder das deutsche Kriegshandwerk. Hamburg 1833, S. 182. — Das Gesuch wurde nicht aufgefunden.</p>
         </div>
      </body>
   </text>
</TEI>
