<?xml version="1.0" encoding="UTF-8"?>
<TEI xmlns="http://www.tei-c.org/ns/1.0">
   <teiHeader>
      <fileDesc>
         <titleStmt>
            <title type="main">A36.</title>
            <title type="sub">Ferdinand an Karl, 1523 Mai 12, Innsbruck.</title>
            <author>
               <persName ref="nognd">Ferdinand</persName>
            </author>
         </titleStmt>
         <editionStmt>
            <edition>Vollständige digitalisierte Ausgabe</edition>
         </editionStmt>
         <publicationStmt>
            <publisher xml:id="nnnn">
               <orgName role="hostingInstitution">Universität Salzburg</orgName>
               <orgName role="project">Edition der Familienkorrespondenz Ferdinands I.</orgName>
               <address>
                  <addrLine>Paris Lodron Universität Salzburg PLUS</addrLine>
                  <addrLine>Kapitelgasse 4</addrLine>
                  <addrLine>A-5020 Salzburg - Österreich</addrLine>
               </address>
            </publisher>
            <pubPlace>Salzburg</pubPlace>
            <date type="publication">2015-07-09</date>
            <availability>
               <licence target="https://creativecommons.org/licenses/by/3.0/">
                  <p>Creative Commons BY 3.0</p>
               </licence>
            </availability>
            <idno type="DOI">nnnn</idno>
         </publicationStmt>
         <sourceDesc>
            <bibl type="MS">Die Korrespondenz Ferdinands I. Familienkorrespondenz bis 1526</bibl>
            <biblFull>
               <titleStmt>
                  <title type="main">Die Korrespondenz Ferdinands I. Familienkorrespondenz bis 1526</title>
               </titleStmt>
               <publicationStmt>
                  <publisher>
                     <name>Holzhausen</name>
                  </publisher>
                  <publisher>
                     <name>Kommission für Neuere Geschichte Österreichs</name>
                  </publisher>
                  <pubPlace>Wien</pubPlace>
                  <date type="publication">1912</date>
               </publicationStmt>
            </biblFull>
         </sourceDesc>
      </fileDesc>
      <profileDesc>
         <correspDesc>
            <correspAction type="sent">
               <persName ref="nognd">Ferdinand</persName>
               <placeName ref="nognd">Innsbruck</placeName>
               <date>1523 Mai 12</date>
            </correspAction>
            <correspAction type="received">
               <persName ref="nognd">Karl</persName>
            </correspAction>
         </correspDesc>
      </profileDesc>
      <encodingDesc>
         <appInfo>
            <application ident="TEI_fromDOCX" version="2.15.0">
               <label>DOCX to TEI</label>
            </application>
         </appInfo>
      </encodingDesc>
      <revisionDesc>
         <listChange>
            <change>
               <date>2022-11-12T09:54:46Z</date>
               <name ref="nognd">Pitzer Doris</name>
            </change>
         </listChange>
      </revisionDesc>
   </teiHeader>
   <text>
      <body>
         <div n="1"><!-- letter_header -->
            <p>
               <hi rendition="#b">A36.</hi>
            </p>
            <table rend="rules">
               <row>
                  <cell>
                     <hi rendition="#i">Ferdinand an Karl.</hi>
                  </cell>
                  <cell>
                     <hi rendition="#i">1523 Mai 12. Innsbruck.</hi>
                  </cell>
               </row>
            </table>
         </div>
         <div n="2" xml:lang="de"><!-- regest_de -->
            <p>1. Verschob die Antwort auf K’s Briefe, bis sein Gesandter Hemricourt abgefertigt würde. 2. Die Sendung Doktor Prantners in die Schweiz. 3. Fand keinen deutschen Waffenschmied, der an den Kaiserhof wolle. 4. Sein Wirken auf dem Nürnberger RT zu K’s Vorteil. 5. Prozess und Ende Sickingens. 6. Sein Bund mit der Pfalz. 7. Bittet um Hilfe gegen die türkische Übermacht. 8. Pfalzgraf Friedrich verbleibt einstweilen Statthalter am Regiment. 9. Sein Vorgehen gegen die einstigen Anhänger Sickingens. 10. Ausbreitung der Lehre Luthers. Die Tätigkeit Planitz’ am Reichsregiment. 11. Die Schweizer sind bisher von Frankreich noch nicht gewonnen. 12. Die Böhmen. 13. Mkgf. Joachim von Brandenburg. 14. Bereitwilligkeit, K zu unterstützen. 15. Ulrich von Württemberg und Gf. von Fürstenberg. 16. Wird die verlangten Landsknechte stellen. 17. Zur Klage über die kaiserlichen Sekretäre.</p>
         </div>
         <div n="3" xml:lang="en"><!-- regest_en -->
            <p>1. Put off replying to K's letters until Ambassador Hemricourt was dispatched. 2. Doctor Prantner's deployment to Switzerland. 3. Has not found a German armorer willing to go to the Imperial Court. 4. His actions at the Diet of Nuremberg will be advantageous to K. 5. Sickingen's trial and death. 6. His alliance with the Palatinate. 7. Asks for help dealing with the superior Turkish forces. 8. Count Palatine Frederick will remain stadtholder at the Imperial Government for now. 9. His actions taken against Sickingen's former followers. 10. Spread of Luther's teachings. Planitz' activities at the Imperial Government. 11. So far, the Swiss have not been won over by the French. 12. The Bohemians. 13. Margrave Joachim of Brandenburg. 14. Willingness to support K. 15. Ulrich of Württemberg and the Count of Fürstenberg. 16. Will supply the mercenaries (Landsknechts) required. 17. Regarding the complaints about the imperial secretaries.</p>
         </div>
         <div n="4"><!-- archive_desc -->
            <p>Wien, St.-A. Hs. B. 597 I, S. 17—22.</p>
            <p>Druck: Lanz, Jahrbücher der Literatur 112, S. 19—24. Familienkorrespondenz Bd. 1, Nr. 36, S. 54-61.</p>
         </div>
         <div type="letter" n="5"><!-- transcription -->
            <p>Mons<hi rendition="#sup">r</hi>, j’ai receu plusjeurs voz lettres, ausquelles n’ai respondu, actendant la resolution et responce des affaires qu’avoie donné en charge à mon maistre d’hostel <persName xml:id="person_d27e98a1050"
                         ref="nognd"
                         resp="Christopher_F._Laferl"
                         key="Hemricourt">Hemericourt</persName> vous communiquer et supplier vouloir depescher. Et ayant depuis nagueres eu lad. responce, par cestes en respondrai à une partie et par aultres à la reste d’icelles.</p>
            <p>Et premiers, quant au <persName xml:id="person_d42e105a1050"
                         ref="nognd"
                         resp="Christopher_F._Laferl"
                         key="Prantner">docteur Prantenar </persName>et sa charge, je vous avise mons<hi rendition="#sup">r</hi> que ayant esté vers le <persName xml:id="person_d27e555a1050"
                         ref="nognd"
                         resp="Christopher_F._Laferl"
                         key="Francesco II.">duc de Milan </persName>est venu à moi tout ainsi qu’il passoit courant la poste où il fust environ quelque demi heure, me rapportant assez en brief sa commission et ensuivant voz lettres me requist lui faire assistence ce que lui offris tres voulentiers, comme raison veult. Et après s’est parti de moi et allé à <placeName xml:id="place_d42e114a1050"
                          ref="nognd"
                          resp="Christopher_F._Laferl"
                          key="Konstanz">Constance</placeName> où il s’est tousjours tenu jusques à present. Ce qu’il a fait ou fait presentement ne le sçai, car possible il n’a pas eu si ample commission que de le me communicquer. Vrai est que, non estant bien informé de quelque bruict qui courut que les <index resp="Christopher_F._Laferl">
                  <term xml:id="index_d24e129a1051" key="Schweiz">Suysses</term>
               </index> devroient avoir accordé aux <index resp="Christopher_F._Laferl">
                  <term xml:id="index_d7e168a1051" key="Frankreich">François</term>
               </index> aulcun nombre de pietons, il manda depar vous en vertu d’aulcunes voz lettres au regiment en ceste conté de <index resp="Christopher_F._Laferl">
                  <term xml:id="index_d27e142a1051" key="Tirol">Tyrol</term>
               </index>, lesquelles j’ai veu qu’ilz eussent à bailler aulcuns mandemens pour lever quelque nombre de <index resp="Christopher_F._Laferl">
                  <term xml:id="index_d4e181a1051" key="Landsknechte">lansknechtz</term>
               </index>, semblablement aux capitaines <persName xml:id="person_d39e110a1050"
                         ref="nognd"
                         resp="Christopher_F._Laferl"
                         key="Ems (Hohenems), Marx Sittich I. von, Landsknechtsführer">Marc Sitich von Hams </persName>et <persName xml:id="person_d39e101a1050"
                         ref="nognd"
                         resp="Christopher_F._Laferl"
                         key="Frundsberg, Georg von">Jeorge Fromsbergh </persName>que incontinant et à dilligence ilz eussent à comparer et aller vers lui à Constance pour leur ordonner, ce qu’ilz avoient affaire, ce qu’ilz ont faict et ensuivant la requeste que led. Prantenar faisoit. par ses lettres. Et ai fait depescher mandemens necessaires pour lever premiers deux mil pietons et après autres six mil, lui escripvant que, s’il en avoit affaire de plus, qu’il le me fist sçavoir, car je lui feroie depescher mandemens pour tout ce qui seroit necessaire, et que il me semble mons<hi rendition="#sup">r</hi> par plusjeurs raisons que de telles ou semblables choses il n’en eust point eu inconvenient pour vostre honneur et prouffit que j’en eusse esté adverti devant quelcung aultre.</p>
            <p>J’ai mons<hi rendition="#sup">r</hi> ensuivant vostre commandement fait regarder à <placeName xml:id="place_d4e192a1050"
                          ref="nognd"
                          resp="Christopher_F._Laferl"
                          key="Augsburg">Augsbourg</placeName>, <placeName xml:id="place_d24e270a1050"
                          ref="nognd"
                          resp="Christopher_F._Laferl"
                          key="Nürnberg">Neurembergh</placeName> et en <placeName xml:id="place_d8e140a1050"
                          ref="nognd"
                          resp="Christopher_F._Laferl"
                          key="Innsbruck">ceste ville </placeName>pour trouver quelque bon maistre <index resp="Christopher_F._Laferl">
                  <term xml:id="index_d42e158a1051" key="Waffenschmied">armurier</term>
               </index>, afin de le vous envoyer ce que jusques à oires n’ai peu finer. Car mons<hi rendition="#sup">r</hi>, comme bien sçavez, <index resp="Christopher_F._Laferl">
                  <term xml:id="index_d29e142a1051" key="Deutsche">Allemans</term>
               </index> ne vont point voulentiers fort loing, quant ilz treuvent à vivre en leur lieu. Si rendrai je paine d’en recouvrer quelcun, combien qu’il me semble que ayant ceulx qu’avez à <placeName xml:id="place_d11e128a1050"
                          ref="nognd"
                          resp="Christopher_F._Laferl"
                          key="Brüssel">Bruxelles</placeName>, desquelz pouez à vostre plaisir avoir et qui sçavient si bien ouvrer, ne debvez fort appeter ceulx d’<index resp="Christopher_F._Laferl">
                  <term xml:id="index_d4e185a1051" key="Deutschland">Allemaigne</term>
               </index> que si difficilles sont à aller hors de leurs maisons et qui ne besoingnent point si soubtilement comme lesd. de Bruxelles.</p>
            <p>Mons<hi rendition="#sup">r</hi>, quant à ce que par vostre lettre datée du 10<hi rendition="#sup">e</hi> de janvrier m’escripvez me merciant de ma venue a Neurembergh pour les raisons continues en icelles, je vous avise mons<hi rendition="#sup">r</hi> que je l’ai tres voulentiers faict, non pour chose qu’il touchast à moi, car je n’y avoie tant d’affaires que par ung commissaire, ne les deusse peu faire solliciter et depescher, mais seullement suis venu pour ce qu’il touchoit vostre honneur, reputation et auctorité où à l’aide de dieu j’ai tant fait qu’ilz y ont esté gardéz, donnant ordre tant qu’il m’a esté possible a la paciffication de pluisjeurs differends comme administration de la justice et aultres choses.</p>
            <p>Quant au faict de <persName xml:id="person_d24e164a1050"
                         ref="nognd"
                         resp="Christopher_F._Laferl"
                         key="Sickingen, Franz von">Francisque de Sequin</persName>, afin que soyez au long averti de tout le <index resp="Christopher_F._Laferl">
                  <term xml:id="index_d29e137a1051" key="Ritterkrieg, Deutschland, 1522/23">proces</term>
               </index>, vous fais mons<hi rendition="#sup">r</hi> sçavoir que led. Francisque, non ayant regard à dieu ne à vous et vueillant user de voies d’armes au grant contempnement et mesprisement de l’auctorité imperiale sans avoir cause ou raison assaillit les pays, terres et seignouries de <persName xml:id="person_d24e389a1050"
                         ref="nognd"
                         resp="Christopher_F._Laferl"
                         key="Greiffenklau, Richard von">l’archevesque de Treves </persName>et lui mesmes dedans sa <placeName xml:id="place_d29e260a1050"
                          ref="nognd"
                          resp="Christopher_F._Laferl"
                          key="Trier">cité</placeName>, où vindrent au secours dud. archevesque le <persName xml:id="person_d24e255a1050"
                         ref="nognd"
                         resp="Christopher_F._Laferl"
                         key="Friedrich II.">conte Palatin </persName>et le <persName xml:id="person_d29e264a1050"
                         ref="nognd"
                         resp="Christopher_F._Laferl"
                         key="Philipp von Hessen">lansgrave von Hessen</persName> de sorte que led. Francisque fut contrainct se retirer et lever son siege à sa honte, dommaige et interestz. Et après que lesd. princes eurent levé led. siege, envoyerent devers moi et ceulx du regiment aucuns de leurs gens solliciter que par voie de justice eussions à proceder à l’encontre dud. Francisque et autres contes, barons et nobles qui l’avoient accompaigné et adheré en ce que dessus. Et fut trouvé pour lors que l’on procederoit à l’encontre d’icellui Francisque comme le chief et puis après en temps et lieu contre les aultres, ce que fust faict ensuivant les ordonnances faictes dernierement à <placeName xml:id="place_d20e130a1050"
                          ref="nognd"
                          resp="Christopher_F._Laferl"
                          key="Worms">Wormes</placeName> et ayant plusjeurs jours debatu l’affaire dud. Francisque, fust trouvé par droict selon lesd. ordonnances qu’il debvoit estre declairé au ban imperial, ce qu’il fust faict. Et ce fait, lesd. princes assaillirent aulcunes places et chasteaulx appertenant à aulcuns particuliers gentilzhommes qu’avoient associé et accompaigné led. Francisque. Et de fait les prindrent et enoultre firent semblant de vouloir assaillir les pays de <persName xml:id="person_d24e392a1050"
                         ref="nognd"
                         resp="Christopher_F._Laferl"
                         key="Albrecht von Brandenburg">l’archevesque de <placeName xml:id="place_d42e217a1050"
                             ref="nognd"
                             resp="Christopher_F._Laferl"
                             key="Mainz">Mayence</placeName>
               </persName>à cause que aulcuns des subgectz de led. archevesque en icelle diocese avoient presté aide, secours et conseil aud. Francisque, mesmes ceulx du conseil privé de l’archevesque. Lequel, voyant la deliberacion desd. princes, se trouva en personne vers eulx à <placeName xml:id="place_d42e221a1050"
                          ref="nognd"
                          resp="Christopher_F._Laferl"
                          key="Frankfurt am Main">Frankfort</placeName> pour soi excuser joinctement avec ses subgectz et serviteurs. Mais nonobstant ses excuses, il appoincta avec eulx à leur donner 25000 florins d’or pour une fois en aulcune recompence des dommaiges qu’ilz disoient avoir receu à lad. cause. Et ce fait, chascun desd. princes se retira en son pays pour eulx preparer contre cest esté et cependant led. Francisque d’ung cousté et lesd. princes de l’aultre faisoient des courses où toutes deux parties heurent de la perte et du gain; toutesfois l’ung des enffans dud. Francisque fust prins prisonnier par le conte Palatin. Lesd. princes, sçaichans que icellui Francisque menoit practicques en plusjeurs lieux comme en <index resp="Christopher_F._Laferl">
                  <term xml:id="index_d7e168a1051" key="Frankreich">France</term>
               </index>, <index resp="Christopher_F._Laferl">
                  <term xml:id="index_d24e174a1051" key="Böhmen">Bohesme</term>
               </index>, Suysses et les <index resp="Christopher_F._Laferl">
                  <term xml:id="index_d42e234a1051" key="Franken">pays du Francq </term>
               </index>et <index resp="Christopher_F._Laferl">
                  <term xml:id="index_d24e378a1051" key="Schwaben">Zwave</term>
               </index> pour s’en aider et fortiffier à l’encontre d’eulx, ilz eurent diligence à eulx preparer de bonne heure et assaillir leur ennemi avant qu’il se sceust ou peust aider desd. practicques et se mirent aux champs au commancement du mois de mai dernier passé, tenans espies pour sçavoir où estoit led. Francisque. Et, ayant deliberé mectre le siege à ung de ses chasteaulx, nommé <placeName xml:id="place_d42e241a1050"
                          ref="nognd"
                          resp="Christopher_F._Laferl"
                          key="Ebernburg">Ebernburg</placeName>, qu’est le plus fort qu’il ait, ilz furent avertis qu’il estoit en ung autre, nommé <placeName xml:id="place_d38e221a1050"
                          ref="nognd"
                          resp="Christopher_F._Laferl"
                          key="Landstuhl">Neustall</placeName>, auquel en l’espace d’ung jour mirent le siege avec ung bon nombre de pietons et chevaulcheurs et grant nombre d’artillerie, de laquelle firent telle euvre que en plusjeurs lieux adommaigerent led. chasteau et de cas d’aventure ainsi que dieu vouloit vint ung cop d’artillerie frapper à ung vaulx ou sommier aud. chasteau. Lequel tumba et donna aud. Francisque au milieu de l’estomac, tellement qu’il fut <index resp="Christopher_F._Laferl">
                  <term xml:id="index_d42e248a1051" key="Tod, Franz von Sickingen">blessé à mort</term>
               </index>. Lequel, se veant sans aucun espoir de vie, manda les susd. trois princes, lesquelles vindrent et se rendit à eulx, les vies et biens saulvéz de ceulx qu’estoient aud. chasteau, ce qu’ilz lui accorderent, et peu après morut. Depuis ung de ses filz s’en est retiré vers les contes de <persName xml:id="person_d32e173a1050"
                         ref="nognd"
                         resp="Christopher_F._Laferl"
                         key="Zollern (Hohenzollern), Graf Eitel Friedrich (Eitelfritz) III. von">Soleren </persName>et de <persName xml:id="person_d24e140a1050"
                         ref="nognd"
                         resp="Christopher_F._Laferl"
                         key="Fürstenberg, Graf Wilhelm von">Fustemberg</persName>, et practicquent de ça et de la pour de nouveau faire une nouvelle motion et l’on m’a escript que lesd princes sont d’opinion les vouloir tous assaillir. De ce qu’il en sera ou surviendra en serez mons<hi rendition="#sup">r</hi> averti.</p>
            <p>Si fault il que sçaichez mons<hi rendition="#sup">r</hi> que le <persName xml:id="person_d24e255a1050"
                         ref="nognd"
                         resp="Christopher_F._Laferl"
                         key="Friedrich II.">conte Palatin </persName>pour lui et <persName xml:id="person_d24e245a1050"
                         ref="nognd"
                         resp="Christopher_F._Laferl"
                         key="Pfalzgrafen">toute sa maison </persName>renouvelle avec moi la confederacion qu’ilz avoient avec la <index resp="Christopher_F._Laferl">
                  <term xml:id="index_d24e156a1051" key="Habsburg">maison d’Austriche </term>
               </index>y comprennant la duché de <index resp="Christopher_F._Laferl">
                  <term xml:id="index_d27e151a1051" key="Württemberg">Wirtemberg</term>
               </index> au moyen dequoi et de la raison et justice et que s’estoit chose mal seante et detestable que telles manieres de gens comme <persName xml:id="person_d24e164a1050"
                         ref="nognd"
                         resp="Christopher_F._Laferl"
                         key="Sickingen, Franz von">led. Francisque </persName>et ses adherans fissent telz rumeurs et differens, comme ilz avoient desia faictz en l’empire au tresgrant contempnement de vous et de vostre auctorité imperiale, pour laquelle conserver et lad. confederacion je me suis declairé en faveur dud. conte Palatin et lui ai envoyé deux cens chevaulx et tenoie prest ung bon nombre de pietons pour quant il les demanderoit. Laquelle aide, combien qu’elle fust petite, a esté fort grande pour ce que beaucop de gens de bien et autres, voyant mad. declaration, ne se oserent monstrer ne faire beaucop de choses qu’ilz eussent faict, parquoi lesd. princes peurent faire par ce moyen ce qu’ilz n’eussent point faict aultrement.</p>
            <p>Les dommaiges que les <index resp="Christopher_F._Laferl">
                  <term xml:id="index_d24e226a1051" key="Türken">Turcqz</term>
               </index> ont faictz tant au <persName xml:id="person_d20e158a1050"
                         ref="nognd"
                         resp="Christopher_F._Laferl"
                         key="Ludwig II.">roi de Hungrie </persName>comme à moi sont mons<hi rendition="#sup">r</hi> bien grans et, comme par plusjeurs mes lettres vous ai escript, je ne voi, si aultrement l’on n’y veult pourveoir, sinon que tous deux nous perdrons, car il n’est possible ni en nostre pouoir resister à une si grande puissance comme celle dud. Turcq. Et quant à l’aide et secours de l’empire, le tout n’est riens, car à la derniere <index resp="Christopher_F._Laferl">
                  <term xml:id="index_d24e452a1051" key="HRR, Reichstag, Nürnberg (1522/23)">diette de  </term>
               </index>nous furent promis 4000 pietons, mais quelque poursuite qu’en ayons sceu faire n’en avons encoires peu avoir ung seul et y a peu d’apparence. Parquoi mons<hi rendition="#sup">r</hi> vous supplie de rechief si treshumblement que faire puis vouloir trouver moyen de nous aider.</p>
            <p>Au regard du conte <persName xml:id="person_d24e255a1050"
                         ref="nognd"
                         resp="Christopher_F._Laferl"
                         key="Friedrich II.">Palatin Frederick </persName>à mon partement de <placeName xml:id="place_d24e270a1050"
                          ref="nognd"
                          resp="Christopher_F._Laferl"
                          key="Nürnberg">Neuremberg</placeName> ai tant faict avec lui qu’il est demeuré au <index resp="Christopher_F._Laferl">
                  <term xml:id="index_d24e259a1051" key="HRR, Regiment">gouvernement</term>
               </index> comme paravant et vous est sans faille bon serviteur et le devez mons<hi rendition="#sup">r</hi> avoir pour recommandé à la depesche de ses affaires.</p>
            <p>Quant à <index resp="Christopher_F._Laferl">
                  <term xml:id="index_d29e137a1051" key="Ritterkrieg, Deutschland, 1522/23">la ligue </term>
               </index>que aucuns contes et gentilzhommes de pardeça ont faict avec <persName xml:id="person_d24e164a1050"
                         ref="nognd"
                         resp="Christopher_F._Laferl"
                         key="Sickingen, Franz von">Francisque</persName>, tenez vous mons<hi rendition="#sup">r</hi> asseuré que je l’ai rompue et empesché de tout mon pouoir, retirant les ungs d’icelle par peur, les aultres par bonnes parolles et les aultres, les acceptant à mon service avec groz et bons traictemens. Mais ceulx qui plus ont estéz traictant et sollicitant icelle ligue a ce qu’ai peu estre informé sont les contes <persName xml:id="person_d24e140a1050"
                         ref="nognd"
                         resp="Christopher_F._Laferl"
                         key="Fürstenberg, Graf Wilhelm von">Guillaume de Fustemberg</persName>, cellui de <persName xml:id="person_d32e173a1050"
                         ref="nognd"
                         resp="Christopher_F._Laferl"
                         key="Zollern (Hohenzollern), Graf Eitel Friedrich (Eitelfritz) III. von">Soleren</persName>, <persName xml:id="person_d42e337a1050"
                         ref="nognd"
                         resp="Christopher_F._Laferl"
                         key="Spack, Friedrich Dietrich">Fredrick Dietrich Spack</persName> et ung nommé <persName xml:id="person_d42e340a1050"
                         ref="nognd"
                         resp="Christopher_F._Laferl"
                         key="Staufer (Estaufer)">Estaufer</persName>. D’aultrepart vous avise mons<hi rendition="#sup">r</hi> que pour empescher icelle ligue, laquelle n’a jamais esté pour penser ou faicte, sinon en diminution de vostre auctorité et reputation et pour chastier plusjeurs gentilzhommes du <index resp="Christopher_F._Laferl">
                  <term xml:id="index_d42e234a1051" key="Franken">Francq</term>
               </index> et aultres qui ont soubstenuz et soubstiennent <persName xml:id="person_d42e350a1050"
                         ref="nognd"
                         resp="Christopher_F._Laferl"
                         key="Absberg, Hans Thomas von, fränkischer Ritter">Hans Toman</persName>, cellui qui tua le <persName xml:id="person_d42e353a1050"
                         ref="nognd"
                         resp="Christopher_F._Laferl"
                         key="Oettingen, Graf Joachim von">conte de Witinghen</persName>, ai sollicité avec la ligue que quelque expedicion se fist à l’encontre d’eulx. Laquelle a estée conclute à ce premier jour de juing en nombre de 12000 payés de pietons et 1500 chevaulx que n’est pas sans grosse despence tant de ma part comme des autres, estans à lad. ligue, si sera elle bien employé, mais que puissions exploicter ce que esperons en dieu faire.</p>
            <p>De la doctrine et secte <index resp="Christopher_F._Laferl">
                  <term xml:id="index_d32e217a1051" key="Lutheraner">Luterianne</term>
               </index>, je vous promectz mons<hi rendition="#sup">r</hi> que je n’ai rien laissé à faire et plusjeurs fois ai perdu pacience, moi estans au gouvernement à <placeName xml:id="place_d24e270a1050"
                          ref="nognd"
                          resp="Christopher_F._Laferl"
                          key="Nürnberg">Neurembergh</placeName>, voyant la mauvaise inclination d’aulcuns, et en especial de cellui qu’est au lieu du <persName xml:id="person_d42e368a1050"
                         ref="nognd"
                         resp="Christopher_F._Laferl"
                         key="Friedrich III. der Weise, Herzog von Sachsen, Kurfürst">duc de Saxe</persName>, nommé <persName xml:id="person_d32e743a1050"
                         ref="nognd"
                         resp="Christopher_F._Laferl"
                         key="Planitz, Hans von der">Plains</persName>, lequel avec plusjeurs ses adherans sans aucune craincte de dieu ne vergoingne du monde s’emploient tres detestablement; et à la fin fust conclud que l’on debvroit rescripre et envoyer vers led. duc de Saxen, ce que l’on m’a escript depuis mon partement avoir esté faict. Et quant à mes pays, j’en ai fait faire et fais encoires journellement tel debvoir que j’espere dieu en sera servi et garderai mon honneur; si vous avise bien mons<hi rendition="#sup">r</hi> qu’il à esté et est besoing y aller ung peu à bon essient. En plusjeurs lieux de l’empire tout au long de la quaresme a l’on mangé chair, en autres lieux de l’empire prestres et moines se sont mariéz et aux nopces d’aucuns s’est trouvé led. feu <persName xml:id="person_d24e164a1050"
                         ref="nognd"
                         resp="Christopher_F._Laferl"
                         key="Sickingen, Franz von">Francisque de Sequin</persName>.</p>
            <p>Touchant les <index resp="Christopher_F._Laferl">
                  <term xml:id="index_d24e129a1051" key="Schweiz">Suysses</term>
               </index>, je vous avertis mons<hi rendition="#sup">r</hi> que à ma grosse despence (pour vous faire service et ce que vous touche) ai tousjours tenu et tiens encoires <index resp="Christopher_F._Laferl">
                  <term xml:id="index_d42e392a1051" key="Spione">espies </term>
               </index>et gens qui journellement m’avisent de leurs affaires et <index resp="Christopher_F._Laferl">
                  <term xml:id="index_d24e125a1051" key="Frankreich U">practicques</term>
               </index>, lesquelz ne ont encoires nul vouloir d’aller servir les <index resp="Christopher_F._Laferl">
                  <term xml:id="index_d7e168a1051" key="Frankreich">François</term>
               </index> et ne sont nullement d’intention ni deliberéz de ce faire. Comme je croi aussi pourrez mons<hi rendition="#sup">r</hi> entendre plus au long par le docteur <persName xml:id="person_d42e105a1050"
                         ref="nognd"
                         resp="Christopher_F._Laferl"
                         key="Prantner">Prantenar</persName> qu’est à <placeName xml:id="place_d42e114a1050"
                          ref="nognd"
                          resp="Christopher_F._Laferl"
                          key="Konstanz">Constance</placeName>. J’ai eu quelque vent comme aulcuns lansquenetz se ingerent à aller au service dud. <persName xml:id="person_d24e327a1050"
                         ref="nognd"
                         resp="Christopher_F._Laferl"
                         key="Franz I.">roi de France</persName>, parquoi de rechief ai fait faire nouveaulx commandemens et aussi faiz garder les passaiges et suis bien deliberé chastier ceulx qui seront trouvéz y aller.</p>
            <p>Quant aux <index resp="Christopher_F._Laferl">
                  <term xml:id="index_d24e174a1051" key="Böhmen">Bohesmois</term>
               </index>, je ne leur ai mons<hi rendition="#sup">r</hi> point envoyé vostre lettre pour ce qu’il n’est necessaire, car, comme vous ai mons<hi rendition="#sup">r</hi> escript, j’ai tant practicqué avec eulx, leur envoyant mes ambassadeurs et à des aulcuns fesoie quelques presens, leur escripvant bonnes lettres joinctement le bon vouloir que leur roi a eu à rompre les <index resp="Christopher_F._Laferl">
                  <term xml:id="index_d24e125a1051" key="Frankreich U">practicques des François </term>
               </index>et la dilligence de micer <persName xml:id="person_d24e180a1050"
                         ref="nognd"
                         resp="Christopher_F._Laferl"
                         key="Burgo">Andrea del Burgo </persName>que toutes ont esté et sont estées rompues et mises à neant et n’y a plus nouvelles de riens.</p>
            <p>Des affaires du marquis <persName xml:id="person_d27e505a1050"
                         ref="nognd"
                         resp="Christopher_F._Laferl"
                         key="Joachim I. von Brandenburg">Joachim de Brandemburg</persName>, electeur, je lui en ferai faire la responce ainsi que me l’escripvez et semblablement à son <persName xml:id="person_d24e392a1050"
                         ref="nognd"
                         resp="Christopher_F._Laferl"
                         key="Albrecht von Brandenburg">frere, le cardinal</persName>.</p>
            <p>Je loue fort mons<hi rendition="#sup">r</hi> les grosses apprestes et provisions qu’avez faictes par tout pour adommaiger vostre ennemi, lequel dieu veulle confondre que de tant de maulx est cause et pleust à dieu que j’eusse la puissance, comme j’ai le vouloir, car j’en auroie tost fait la fin, et de ce que pourrai ne fault, sinon que le me commandez et je ne lairai riens à faire.</p>
            <p>Le duc <persName xml:id="person_d24e132a1050"
                         ref="nognd"
                         resp="Christopher_F._Laferl"
                         key="Ulrich von Württemberg">Walrick de Wirtemberg </persName>a emprins la guerre contre le <persName xml:id="person_d24e140a1050"
                         ref="nognd"
                         resp="Christopher_F._Laferl"
                         key="Fürstenberg, Graf Wilhelm von">conte de Fustemberg </persName>et d’avantaige manié ne sçai quelles practicques, lesquelles sont cause me faire beaucop de depence à l’entretenement des fortes places et aulcuns chevaulx et <index resp="Christopher_F._Laferl">
                  <term xml:id="index_d42e392a1051" key="Spione">espies</term>
               </index>.</p>
            <p>Au regard des lansquenetz que m’ordonnez mons<hi rendition="#sup">r</hi> doige faire prestz, si besoing faisoit, j’en ai fait mon debvoir et quant l’on en aura affaire s’en trouveront assez.</p>
            <p>De ce que le <persName xml:id="person_d24e255a1050"
                         ref="nognd"
                         resp="Christopher_F._Laferl"
                         key="Friedrich II.">conte Palatin </persName>avoit esté averti devant moi du pouoir que vous avoie demandé, je vous avertis mons<hi rendition="#sup">r</hi> qu’il en est ainsi et que je l’ai sceu d’ung bon personnaige voire prince de l’empire.</p>
            <p>D’<placeName xml:id="place_d8e140a1050"
                          ref="nognd"
                          resp="Christopher_F._Laferl"
                          key="Innsbruck">Ysbrug</placeName>, ce 12<hi rendition="#sup">e</hi> jour de mai a<hi rendition="#sup">o</hi>. 23.</p>
         </div>
         <div n="6"><!-- commentary -->
            <p>Doktor Wolfgang Prantner wurde zugleich mit <persName xml:id="person_d42e488a1050"
                         ref="nognd"
                         resp="Christopher_F._Laferl"
                         key="Medicis, Raphael de">Raphael de Medicis </persName>Ende 1522 von K zur Gesandtschaft in die <index resp="Christopher_F._Laferl">
                  <term xml:id="index_d24e129a1051" key="Schweiz">Schweiz </term>
               </index>bestimmt (Lanz 1, S. 77, und Bergenroth 2, Nr. 510; Villa, S. 89), musste aber, da Raphael auf der Seefahrt bei einem Schiffbruch das Leben einbüßte (Sanuto 34, Sp. 30 f.), die Sendung allein übernehmen. Das Beglaubigungsschreiben (Wien, St.-A. Belgica PA. 4, Konz.) trägt das Datum 1523 Dezember 1. <placeName xml:id="place_d6e116a1050"
                          ref="nognd"
                          resp="Christopher_F._Laferl"
                          key="Valladolid">Valladolid</placeName>, doch stand ursprünglich 11 novembris. Einer Bestätigung Prantners vom 11. Februar 1523, Valladolid (Wien, St.-A. Belgica PA 14, Orig.), entnimmt man, dass er vom kaiserlichen Sekretär <persName xml:id="person_d42e498a1050"
                         ref="nognd"
                         resp="Christopher_F._Laferl"
                         key="L’Allemand, Jean">Jean L'Allemand </persName>Wechsel auf die Welser über 50.000 Goldgulden erhalten hatte, <hi rendition="#i">pour iceulx employer selon la forme declarée es instructions . . . tant devers ses</hi> [des Kaisers] <hi rendition="#i">capitaines en </hi>
               <index resp="Christopher_F._Laferl">
                  <term xml:id="index_d35e144a1051" key="Italien"/>
               </index>
               <hi rendition="#i">que en </hi>
               <index resp="Christopher_F._Laferl">
                  <term xml:id="index_d24e129a1051" key="Schweiz"/>
               </index>
               <hi rendition="#i">et ailleurs en </hi>
               <index resp="Christopher_F._Laferl">
                  <term xml:id="index_d4e185a1051" key="Deutschland"/>
               </index>
               <hi rendition="#i">.</hi> Vgl. Bergenroth 2, Nr. 536.</p>
            <p>Dieser Brief ist nicht aufzufinden. Der zweite <index resp="Christopher_F._Laferl">
                  <term xml:id="index_d24e452a1051" key="HRR, Reichstag, Nürnberg (1522/23)">Nürnberger Reichstag</term>
               </index>, von dem hier die Rede ist, wurde am 11. Februar geschlossen. DRA 3, S. 737.</p>
            <p>Wie in den früheren Briefen (vgl. Nr. A29, 31) zeigt sich auch hier F in der Sickingschen Sache schlecht oder doch einseitig unterrichtet. Sickingen hob am 14. September 1522 die Belagerung Triers auf, ohne dass Hessen und Pfalz bereits zu Hilfe gezogen wären. Freilich wurde deren Ankunft täglich erwartet (Ulmann, S. 301). Die Erklärung Sickingens in die Acht durch F erfolgte am 10. Oktober (Planitz, S. 220). Über die Mainzer Angelegenheit vgl. Nr. A23 [5]. Der von den Fürsten gefangene Sohn des Geächteten hieß <persName xml:id="person_d42e528a1050"
                         ref="nognd"
                         resp="Christopher_F._Laferl"
                         key="Sickingen, Hans von">Hans</persName>, für den sich F später (am 2. Juni) bei dem Pfalzgrafen verwendete (E. Münz, Franz von Sickingens Taten, Pläne, Freunde, 2, S. 274 f.). Die Kapitulation <placeName xml:id="place_d38e221a1050"
                          ref="nognd"
                          resp="Christopher_F._Laferl"
                          key="Landstuhl">Landstuhls </placeName>erfolgte am 6. Mai. Tags darauf verschied Sickingen. Woher F über diese Vorgänge berichtet ward, ist nicht ersichtlich, da die <index resp="Christopher_F._Laferl">
                  <term xml:id="index_d27e151a1051" key="Württemberg">württembergische</term>
               </index> Regierung erst am 12. Mai (vgl. Ulmann, S. 381, Anm. 2) von den Ereignissen des Kriegsschauplatzes Mitteilung machte. Sie schreibt: <hi rendition="#i">In diser stund ist unnss durch ain namhaffte, glaubwürdige person, so das aus aignem schreiben unnsers gnedigen hern des </hi>
               <hi rendition="#i">bischoffs zu </hi>
               <hi rendition="#i">Speir</hi>
               <hi rendition="#i"> empfanngen hat, angelangt, als das schloss </hi>
               <placeName xml:id="place_d38e221a1050"
                          ref="nognd"
                          resp="Hofer-Bindeus_Johannes"
                          key="Landstuhl">
                  <hi rendition="#i">Naustall </hi>
               </placeName>
               <hi rendition="#i">durch die drei kriegsfürsten auf mitwochen jungstverschinen </hi>[Mai 6.] <hi rendition="#i">erobert sei, </hi>
               <persName xml:id="person_d24e164a1050"
                         ref="nognd"
                         resp="Hofer-Bindeus_Johannes"
                         key="Sickingen, Franz von">
                  <hi rendition="#i">Franntz von Sickingen </hi>
               </persName>
               <hi rendition="#i">dornnstags darnach mit toud verschiden und allso zuganngen, das durch ain schuts ain spriss von ainem balcken ine Franntzen an die brust getroffen, das ime der leib davon geöffnet. Und als das schlos auffganngen, sei der phallennts hoffmaister zu ime ganngen und gesagt: Frannts kenstu mich auch? daruf er geantwirt: Ich bitt dich red luter. Als das der hoffmaister gethan, hat er, Frannts, gesagt, er sei nit die braut darumb man tantzt. Uff solhs si der ertzbischof zu Trier auch hinein zu Franntzen ganngen und gesagt: Frantz, was hastu mich nur dich selbs getzigen, hab er geanntwirt, er hat ursach gehabt, und daruf weitter nit mer geredt sonnder onlanng darnach verschiden. </hi>(Wien, St.-A., Württembergica 1, Orig.)</p>
            <p>Über die Gründe, weshalb sich das Eintreffen der Reichs-Türkenhilfe verzögerte, vgl. DRA 4, S. 3 ff.</p>
            <p>Die Klage richtet sich gegen Hans von der Planitz, der 1521—1524 als Vertreter des Kurfürsten von Sachsen am Reichsregimente in Nürnberg weilte. Über dessen sonstige Tätigkeit vgl. dessen Berichte, herausgegeben in den Schriften der königl. sächsischen Kommission für Geschichte 3, Leipzig 1899.</p>
            <p>Es handelte sich in diesem Kampfe um Ansprüche auf die Grafschaft <placeName xml:id="place_d24e360a1050"
                          ref="nognd"
                          resp="Christopher_F._Laferl"
                          key="Montbéliard">Mömpelgard</placeName>. Chr. Fr. Sattler, Geschichte des Herzogthums Würtenberg 2, S. 100 f.</p>
         </div>
      </body>
   </text>
</TEI>
