<?xml version="1.0" encoding="UTF-8"?>
<TEI xmlns="http://www.tei-c.org/ns/1.0">
   <teiHeader>
      <fileDesc>
         <titleStmt>
            <title type="main">A40.</title>
            <title type="sub">Ludwig II. an Ferdinand, 1523 Mai 27, Ofen.</title>
            <author>
               <persName ref="nognd">Ludwig II.</persName>
            </author>
         </titleStmt>
         <editionStmt>
            <edition>Vollständige digitalisierte Ausgabe</edition>
         </editionStmt>
         <publicationStmt>
            <publisher xml:id="nnnn">
               <orgName role="hostingInstitution">Universität Salzburg</orgName>
               <orgName role="project">Edition der Familienkorrespondenz Ferdinands I.</orgName>
               <address>
                  <addrLine>Paris Lodron Universität Salzburg PLUS</addrLine>
                  <addrLine>Kapitelgasse 4</addrLine>
                  <addrLine>A-5020 Salzburg - Österreich</addrLine>
               </address>
            </publisher>
            <pubPlace>Salzburg</pubPlace>
            <date type="publication">2015-07-09</date>
            <availability>
               <licence target="https://creativecommons.org/licenses/by/3.0/">
                  <p>Creative Commons BY 3.0</p>
               </licence>
            </availability>
            <idno type="DOI">nnnn</idno>
         </publicationStmt>
         <sourceDesc>
            <bibl type="MS">Die Korrespondenz Ferdinands I. Familienkorrespondenz bis 1526</bibl>
            <biblFull>
               <titleStmt>
                  <title type="main">Die Korrespondenz Ferdinands I. Familienkorrespondenz bis 1526</title>
               </titleStmt>
               <publicationStmt>
                  <publisher>
                     <name>Holzhausen</name>
                  </publisher>
                  <publisher>
                     <name>Kommission für Neuere Geschichte Österreichs</name>
                  </publisher>
                  <pubPlace>Wien</pubPlace>
                  <date type="publication">1912</date>
               </publicationStmt>
            </biblFull>
         </sourceDesc>
      </fileDesc>
      <profileDesc>
         <correspDesc>
            <correspAction type="sent">
               <persName ref="nognd">Ludwig II.</persName>
               <placeName ref="nognd">Ofen</placeName>
               <date>1523 Mai 27</date>
            </correspAction>
            <correspAction type="received">
               <persName ref="nognd">Ferdinand</persName>
            </correspAction>
         </correspDesc>
      </profileDesc>
      <encodingDesc>
         <appInfo>
            <application ident="TEI_fromDOCX" version="2.15.0">
               <label>DOCX to TEI</label>
            </application>
         </appInfo>
      </encodingDesc>
      <revisionDesc>
         <listChange>
            <change>
               <date>2022-11-12T09:55:11Z</date>
               <name ref="nognd">Pitzer Doris</name>
            </change>
         </listChange>
      </revisionDesc>
   </teiHeader>
   <text>
      <body>
         <div n="1"><!-- letter_header -->
            <p>
               <hi rendition="#b">A40.</hi>
            </p>
            <table rend="rules">
               <row>
                  <cell>
                     <hi rendition="#i">Ludwig II. an Ferdinand.</hi>
                  </cell>
                  <cell>
                     <hi rendition="#i">1523 Mai 27. Ofen.</hi>
                  </cell>
               </row>
            </table>
         </div>
         <div n="2" xml:lang="de"><!-- regest_de -->
            <p>ln diesen Tagen haben die Bürger der Stadt Ödenburg <hi rendition="#i">(cives </hi>
               <placeName xml:id="place_d46e89a1050"
                          ref="nognd"
                          resp="Hofer-Bindeus_Johannes"
                          key="Sopron">
                  <hi rendition="#i">Sopronienses</hi>
               </placeName>
               <hi rendition="#i">)</hi> mitgeteilt, es sei ihnen die Ausfuhr des <index resp="Christopher_F._Laferl">
                  <term xml:id="index_d46e96a1051" key="Wein, Ausfuhr, Sopron">Weines</term>
               </index>
               <hi rendition="#i">per civitates </hi>
               <placeName xml:id="place_d46e101a1050"
                          ref="nognd"
                          resp="Hofer-Bindeus_Johannes"
                          key="Bruck an der Leitha">
                  <hi rendition="#i">Pruk</hi>
               </placeName>
               <hi rendition="#i"> et </hi>
               <placeName xml:id="place_d46e106a1050"
                          ref="nognd"
                          resp="Hofer-Bindeus_Johannes"
                          key="Hainburg">
                  <hi rendition="#i">Hainburgh</hi>
               </placeName>
               <hi rendition="#i"> aliaque loca archiducatus </hi>
               <index resp="Christopher_F._Laferl">
                  <term xml:id="index_d22e125a1051" key="Österreich"/>
               </index>
               <hi rendition="#i"> Ser</hi>
               <hi rendition="#i #sup">tis</hi>
               <hi rendition="#i">V</hi>
               <hi rendition="#i #sup">re</hi>
               <hi rendition="#i">inhibitam per regentes eiusdem, licet a ser</hi>
               <hi rendition="#i #sup">mis</hi>
               <persName xml:id="person_d46e130a1050"
                         ref="nognd"
                         resp="Hofer-Bindeus_Johannes"
                         key="Friedrich III., Kaiser">
                  <hi rendition="#i">Friderico</hi>
               </persName>
               <hi rendition="#i"> et </hi>
               <persName xml:id="person_d5e124a1050"
                         ref="nognd"
                         resp="Christopher_F._Laferl"
                         key="Maximilian I.">
                  <hi rendition="#i">Maximiliano</hi>
               </persName>
               <hi rendition="#i"> . . . literas et indulta se habere asserant </hi>unter der Bedingung, daß es ihnen freistehe, <hi rendition="#i">sique cause alique acciderent,</hi> ihre Erlaubnis zu widerrufen. Nun sind diese Briefe auf <persName xml:id="person_d20e158a1050"
                         ref="nognd"
                         resp="Christopher_F._Laferl"
                         key="Ludwig II.">Ludwigs </persName>Bitte hin von F bestätigt worden und nichts ist vorgefallen, <hi rendition="#i">cur huiusmodi privilegia et indulta divorum imperatorum et Ser</hi>
               <hi rendition="#i #sup">tis</hi>
               <hi rendition="#i">V</hi>
               <hi rendition="#i #sup">re</hi>
               <hi rendition="#i">mutentur,</hi> deshalb bittet er F, er möge seinen Regenten auftragen, daß sie den Bürgern von Ödenburg die Erlaubnis gäben, Wein auszuführen, <hi rendition="#i">ita tamen ut portoria et alia solita vectigalia sicut hactenus et deinceps per eos exolvantur . . . Petimus, velit litteras suas prioribus temporibus in confirmacionem litterarum avi et abavi sui ad peticionein nostram civibus nostris datas in vigore et tenore suo observantes, quorum interest committere, ut cives nostri Sopronienses passus liberos et facultatem educendi vina, quo voluerint, habeant.</hi>
            </p>
         </div>
         <div n="3" xml:lang="en"><!-- regest_en -->
            <p>In recent days, the citizens of Ödenburg <hi rendition="#i">(cives Sopronienses)</hi> have informed us that they are exporting the wine   <hi rendition="#i">per civitates Pruk et Hainburgh aliaque loca archiducatus Austrie Ser</hi>
               <hi rendition="#i #sup">tis</hi>
               <hi rendition="#i">V</hi>
               <hi rendition="#i #sup">re</hi>
               <hi rendition="#i">inhibitam per regentes eiusdem, licet a ser</hi>
               <hi rendition="#i #sup">mis</hi>
               <hi rendition="#i">Friderico et Maximiliano . . . literas et indulta se habere asserant </hi>on the condition that they be free to do so, <hi rendition="#i">sique cause alique acciderent, </hi>to revoke their permission. Now these letters have been confirmed by F at Ludwig's request and nothing has happened, <hi rendition="#i">cur huiusmodi privilegia et indulta divorum imperatorum et Ser</hi>
               <hi rendition="#i #sup">tis</hi>
               <hi rendition="#i">V</hi>
               <hi rendition="#i #sup">re</hi>
               <hi rendition="#i">mutentur, </hi>therefore he asks F to instruct his regents to give the citizens of Ödenburg permission to export wine , <hi rendition="#i">ita tamen ut portoria et alia solita vectigalia sicut hactenus et deinceps per eos exolvantur . . . Petimus, velit litteras suas prioribus temporibus in confirmacionem litterarum avi et abavi sui ad peticionein nostram civibus nostris datas in vigore et tenore suo observantes, quorum interest committere, ut cives nostri Sopronienses passus liberos et facultatem educendi vina, quo voluerint, habeant.</hi>
            </p>
         </div>
         <div n="4"><!-- archive_desc -->
            <p>Wien, St.-A. Hungarica 1. Or. mit eigenhändiger Unterschrift. Siegel abgefallen. Rückwärts Adresse: <hi rendition="#i">Ser</hi>
               <hi rendition="#i #sup">mo</hi>
               <hi rendition="#i">principi, domino Ferdinando, principi Hyspaniarum, archiduci Austrie, duci Burgundie etc., sacri Romani imperii vicario generali, fratri et sororio nostro charmo. </hi>Als Datum: <placeName xml:id="place_d46e220a1050"
                          ref="nognd"
                          resp="Hofer-Bindeus_Johannes"
                          key="Budapest">
                  <hi rendition="#i">Bude</hi>
               </placeName>
               <hi rendition="#i">, vigesimo septimo die maii, anno domini millesimo quingentesimo vigesimo tercio.</hi>
            </p>
            <p>Druck: Familienkorrespondenz Bd. 1, Nr. 40, S. 68.</p>
         </div>
      </body>
   </text>
</TEI>
