<?xml version="1.0" encoding="UTF-8"?>
<TEI xmlns="http://www.tei-c.org/ns/1.0">
   <teiHeader>
      <fileDesc>
         <titleStmt>
            <title type="main">A41.</title>
            <title type="sub">Karl an Ferdinand, 1523 Juni 20, Valladolid.</title>
            <author>
               <persName ref="nognd">Karl</persName>
            </author>
         </titleStmt>
         <editionStmt>
            <edition>Vollständige digitalisierte Ausgabe</edition>
         </editionStmt>
         <publicationStmt>
            <publisher xml:id="nnnn">
               <orgName role="hostingInstitution">Universität Salzburg</orgName>
               <orgName role="project">Edition der Familienkorrespondenz Ferdinands I.</orgName>
               <address>
                  <addrLine>Paris Lodron Universität Salzburg PLUS</addrLine>
                  <addrLine>Kapitelgasse 4</addrLine>
                  <addrLine>A-5020 Salzburg - Österreich</addrLine>
               </address>
            </publisher>
            <pubPlace>Salzburg</pubPlace>
            <date type="publication">2015-07-09</date>
            <availability>
               <licence target="https://creativecommons.org/licenses/by/3.0/">
                  <p>Creative Commons BY 3.0</p>
               </licence>
            </availability>
            <idno type="DOI">nnnn</idno>
         </publicationStmt>
         <sourceDesc>
            <bibl type="MS">Die Korrespondenz Ferdinands I. Familienkorrespondenz bis 1526</bibl>
            <biblFull>
               <titleStmt>
                  <title type="main">Die Korrespondenz Ferdinands I. Familienkorrespondenz bis 1526</title>
               </titleStmt>
               <publicationStmt>
                  <publisher>
                     <name>Holzhausen</name>
                  </publisher>
                  <publisher>
                     <name>Kommission für Neuere Geschichte Österreichs</name>
                  </publisher>
                  <pubPlace>Wien</pubPlace>
                  <date type="publication">1912</date>
               </publicationStmt>
            </biblFull>
         </sourceDesc>
      </fileDesc>
      <profileDesc>
         <correspDesc>
            <correspAction type="sent">
               <persName ref="nognd">Karl</persName>
               <placeName ref="nognd">Valladolid</placeName>
               <date>1523 Juni 20</date>
            </correspAction>
            <correspAction type="received">
               <persName ref="nognd">Ferdinand</persName>
            </correspAction>
         </correspDesc>
      </profileDesc>
      <encodingDesc>
         <appInfo>
            <application ident="TEI_fromDOCX" version="2.15.0">
               <label>DOCX to TEI</label>
            </application>
         </appInfo>
      </encodingDesc>
      <revisionDesc>
         <listChange>
            <change>
               <date>2022-11-12T09:55:18Z</date>
               <name ref="nognd">Abel Laura</name>
            </change>
         </listChange>
      </revisionDesc>
   </teiHeader>
   <text>
      <body>
         <div n="1"><!-- letter_header -->
            <p>
               <hi rendition="#b">A41.</hi>
            </p>
            <table rend="rules">
               <row>
                  <cell>
                     <hi rendition="#i">Karl an Ferdinand.</hi>
                  </cell>
                  <cell>
                     <hi rendition="#i">1523 Juni 20. Valladolid.</hi>
                  </cell>
               </row>
            </table>
         </div>
         <div n="2" xml:lang="de"><!-- regest_de -->
            <p>Fordert F dringendst und zum letzten Male auf, zu den Verhandlungen mit Venedig seine Vollmacht zu senden. Wichtig, die Venezianer von Frankreich zu trennen.</p>
         </div>
         <div n="3" xml:lang="en"><!-- regest_en -->
            <p>Urgently demands that F send a mandate for the negotiations with Venice. It is vital that the Venetians be separated from the French.</p>
         </div>
         <div n="4"><!-- archive_desc -->
            <p>Wien, St.-A. Belgica PA. 5. Konzept mit Nachträgen und Verbesserungen.</p>
            <p>Druck: Familienkorrespondenz Bd. 1, Nr. 41, S. 68-70.</p>
         </div>
         <div type="letter" n="5"><!-- transcription -->
            <p>Mon bon frere, j’ai entendu par lectres de mon ambassadeur qu’est à <index resp="Laura_Abel">
                  <term xml:id="index_d24e283a1051" key="Venedig">Venyse</term>
               </index> que n’avez encoires envoyé vostre pouoir pour conclure avec les Venissiens, qu’est chose dont me donne grand merveille, veu ce que vous ai escript par trois fois, vous donnant assez à cognoistre que est la verité que l’appointement avec lesd. Venissiens estoit austant ou plus à vostre prouffit que au mien. Et ne puis entendre de quoi peult servir ceste retardacion si non pour destruire mes affaires et les vostres joinctement et donner à cognoistre à tout le monde comme entre nous deux n’y ait la conformité que le raison vouldroit. Et ceulx qui vous conseillent mectre ces delais et difficultéz monstrent qu’ilz n’entendent l’affaire ou qu’ilz ne desirent grandement nostre commung bien. Car vous devez assez cognoistre ce que emporte<hi rendition="#sup">a</hi>) à separer lesd. Venitiens de <persName xml:id="person_d24e327a1050"
                         ref="nognd"
                         resp="Laura_Abel"
                         key="Franz I.">roi de France</persName> et quelle charge nous est à tenir ceste affaire en suspens tant longuement. Pour ce que si dez le commencement eussiez envoyé vostre pouoir, lesd. Venissiens n’eussent eu aulcune excuse à se resouldre ou en l’affirmative ou en la negative. Et s’ilz se fussent resoluz en l’affirmative, eussions peu sans danger employer nostre armée à faire la <index resp="Laura_Abel">
                  <term xml:id="index_d35e140a1051" key="Frankreich B">guerre en France</term>
               </index> sans<hi rendition="#sup">b</hi>) laisser noz gens d’armes oiseulx à destruire ce que nous tenons. Et si<hi rendition="#sup">c</hi>) lesd. Venissiens eussent baillé la negative, avions le chemin ouvert pour avec nostred. armée lez faire cognoistre leurs erreurs et les mener à la raison, avant qu’ilz eussent peu avoir aulcun secours de France ni d’ailleurs. Et pour vostre dilacion j’ai esté contrainct entretenir nostred. armée en oisiveté sans riens faire, despendant mon argent inutillement et laissant destruire mes subgetz et amis de mes propres gens d’armes. Et s’il vous semble que cela soit vostre prouffit ou que vous en sceussiez mieulx dresser voz affaires, je le vous laisse panser, car d’austant plus que mon armée en <index resp="Laura_Abel">
                  <term xml:id="index_d35e144a1051" key="Italien">Ytalie</term>
               </index> se trouvera infantueuse et plus empeschée. Je pourrai faire tant mander exploit contre noz commungs ennemiz et mesmes contre <persName xml:id="person_d29e215a1050"
                         ref="nognd"
                         resp="Laura_Abel"
                         key="Süleyman I.">le Turc</persName>. Si<hi rendition="#sup">d</hi>) aussi, si lesd. Venissiens s’apercevoient qu’il y ait moyen de quelque tresve d’entre moi et led. roi François devez croier firmement que lesd. Venissiens pour riens du monde ni viendront à appoinctement quelquung avec vous ni avec moi, ains demeureront<hi rendition="#sup">e</hi>) comme ilz sont et ni vous ni nous n’aurons fruict d’eulx ni pour cas après retourner aux termes que sommes presentement. Et par ainsi serez cause du tout ce mal si n’aviez si bonne occasion me demander alors aulcung secours en voz affaires, veu que m’aurez<hi rendition="#sup">f</hi>) empesché le moyen de le vous pouoir bailler. Parquoi de rechief une<hi rendition="#sup">e</hi>) pour toutes je vous prie y vouloir bien panser et puisque tout l’argent que m’en doit venir, j’ai esté et suis contant le vous laisser sur ce que vous prie devoir à cause de vostred. <index resp="Laura_Abel">
                  <term xml:id="index_d21e122a1051" key="F, Heirat mit A">mariage</term>
               </index>
               <hi rendition="#sup">g</hi>) n’y veullez mectre plus de difficulté et envoyer vostre pouoir ample pour conclure conforme aux articles que desia vous ai envoyé et en faire de sorte que l’on ne cognoisse difformité en noz voluntéz, car ce ne seroit vostre prouffit ni le mien. Et ceci est ma vraie resolution de la derniere que vous escriprai touchant ceste matiere. Atant.</p>
            <p>De <placeName xml:id="place_d6e116a1050"
                          ref="nognd"
                          resp="Laura_Abel"
                          key="Valladolid">Valladolid</placeName>, 20<hi rendition="#sup">e</hi> de juing 1523.</p>
         </div>
         <div n="6"><!-- commentary -->
            <p>a) durchgestrichen <hi rendition="#i">la separation de.</hi>
            </p>
            <p>b) ursprünglich <hi rendition="#i">les laisser</hi>.</p>
            <p>c) ursprünglich <hi rendition="#i">s’ilz.</hi>
            </p>
            <p>d) <hi rendition="#i">Si aussi — pour toutes</hi> vom Konzipisten an der Seite nachgetragen.</p>
            <p>e) die Lesung dieses Wortes unsicher.</p>
            <p>f) durchgestrichen <hi rendition="#i">destourné.</hi>
            </p>
            <p>g) durchgestrichen <hi rendition="#i">je vous prie.</hi>
            </p>
            <p>Dieser Brief beschließt eine Episode im Verhältnisse der beiden Brüder, die zu den unliebsamsten gehört, die in den Beziehungen zwischen dem Kaiser und F zu finden ist (Bauer, S. 199 f.). Über die allgemeine Weltlage, die für K in dieser Angelegenheit allein maßgebend war, ist den Darlegungen dieses Briefes nichts weiter beizufügen. Bei F aber kamen landesherrliche Interessen in betreff der Grenzregulierung gegen Venedig hin ins Spiel. Und gerade in diesem Punkte zeigte sich die Signorie desto starrer, je weniger die Signorie und namentlich der Doge <persName xml:id="person_d47e185a1050"
                         ref="nognd"
                         resp="Laura_Abel"
                         key="Gritti, Andrea">Andrea Gritti</persName> (Bergenroth 2, S. 549) den kaiserfreundlichen Bestrebungen zuneigten. Nicht zuletzt war es wohl das Drängen von Seite <index resp="Laura_Abel">
                  <term xml:id="index_d20e162a1051" key="Ungarn">Ungarns</term>
               </index>, wo man begreiflicherweise den Frieden herbeisehnte, wie dies z. B. aus dem Schreiben <persName xml:id="person_d24e180a1050"
                         ref="nognd"
                         resp="Laura_Abel"
                         key="Burgo">Burgos</persName> an <persName xml:id="person_d31e160a1050"
                         ref="nognd"
                         resp="Laura_Abel"
                         key="Salamanca">Salamanca</persName>, 1523 Juni 24, Ofen (Wien, St.-A., Gr. Korr. 25<hi rendition="#sup">b</hi>) hervorgeht, was für F mitbestimmend wurde, die Vollmacht zu senden, an deren Erteilung Venedig den Abschluß des Bündnisses knüpfte. F’s Vollmacht ddo. 1523 Juni 15, Innsbruck (gedruckt Sanuto 34, 328—329). langte am 19. Juni in Venedig ein (ebenda 260). Sie war für F’s Orator Balthasar <persName xml:id="person_d32e667a1050"
                         ref="nognd"
                         resp="Laura_Abel"
                         key="Cles, Balthasar von">Cles</persName> ausgestellt. Als kaiserlicher Gesandter war nach <persName xml:id="person_d24e553a1050"
                         ref="nognd"
                         resp="Laura_Abel"
                         key="Adurno, Girolamo, Gesandter K’s in Venedig">Adornos</persName>
               <index resp="Christopher_F._Laferl">
                  <term xml:id="index_d47e209a1051" key="Tod, Girolamo Adurno">Tod</term>
               </index> am 20. März (Bergenroth 2, S. 536) lange Zeit hindurch <persName xml:id="person_d24e550a1050"
                         ref="nognd"
                         resp="Laura_Abel"
                         key="Sánchez, Alfonso">Alonso Sanchez</persName> allein tätig, bis am 16. Juni <persName xml:id="person_d47e215a1050"
                         ref="nognd"
                         resp="Christopher_F._Laferl"
                         key="Caracciolo, Marino">Marino Caracciolo </persName>an Adornos Stelle neben Sanchez trat (Sanuto 34, 257). Der Vertrag selbst kam aber erst am 29. Juli zustande. Er ist gedruckt bei Sanuto 34, 316—323.</p>
         </div>
      </body>
   </text>
</TEI>
