<?xml version="1.0" encoding="UTF-8"?>
<TEI xmlns="http://www.tei-c.org/ns/1.0">
   <teiHeader>
      <fileDesc>
         <titleStmt>
            <title type="main">A50.</title>
            <title type="sub">Ferdinand an Karl, 1523 Dezember 18, Nürnberg.</title>
            <author>
               <persName ref="nognd">Ferdinand</persName>
            </author>
         </titleStmt>
         <editionStmt>
            <edition>Vollständige digitalisierte Ausgabe</edition>
         </editionStmt>
         <publicationStmt>
            <publisher xml:id="nnnn">
               <orgName role="hostingInstitution">Universität Salzburg</orgName>
               <orgName role="project">Edition der Familienkorrespondenz Ferdinands I.</orgName>
               <address>
                  <addrLine>Paris Lodron Universität Salzburg PLUS</addrLine>
                  <addrLine>Kapitelgasse 4</addrLine>
                  <addrLine>A-5020 Salzburg - Österreich</addrLine>
               </address>
            </publisher>
            <pubPlace>Salzburg</pubPlace>
            <date type="publication">2015-07-09</date>
            <availability>
               <licence target="https://creativecommons.org/licenses/by/3.0/">
                  <p>Creative Commons BY 3.0</p>
               </licence>
            </availability>
            <idno type="DOI">nnnn</idno>
         </publicationStmt>
         <sourceDesc>
            <bibl type="MS">Die Korrespondenz Ferdinands I. Familienkorrespondenz bis 1526</bibl>
            <biblFull>
               <titleStmt>
                  <title type="main">Die Korrespondenz Ferdinands I. Familienkorrespondenz bis 1526</title>
               </titleStmt>
               <publicationStmt>
                  <publisher>
                     <name>Holzhausen</name>
                  </publisher>
                  <publisher>
                     <name>Kommission für Neuere Geschichte Österreichs</name>
                  </publisher>
                  <pubPlace>Wien</pubPlace>
                  <date type="publication">1912</date>
               </publicationStmt>
            </biblFull>
         </sourceDesc>
      </fileDesc>
      <profileDesc>
         <correspDesc>
            <correspAction type="sent">
               <persName ref="nognd">Ferdinand</persName>
               <placeName ref="nognd">Nürnberg</placeName>
               <date>1523 Dezember 18</date>
            </correspAction>
            <correspAction type="received">
               <persName ref="nognd">Karl</persName>
            </correspAction>
         </correspDesc>
      </profileDesc>
      <encodingDesc>
         <appInfo>
            <application ident="TEI_fromDOCX" version="2.15.0">
               <label>DOCX to TEI</label>
            </application>
         </appInfo>
      </encodingDesc>
      <revisionDesc>
         <listChange>
            <change>
               <date>2022-11-12T09:56:12Z</date>
               <name ref="nognd">Pitzer Doris</name>
            </change>
         </listChange>
      </revisionDesc>
   </teiHeader>
   <text>
      <body>
         <div n="1"><!-- letter_header -->
            <p>
               <hi rendition="#b">A50.</hi>
            </p>
            <table rend="rules">
               <row>
                  <cell>
                     <hi rendition="#i">Ferdinand an Karl.</hi>
                  </cell>
                  <cell>
                     <hi rendition="#i">1523 Dezember 18. Nürnberg.</hi>
                  </cell>
               </row>
            </table>
         </div>
         <div n="2" xml:lang="de"><!-- regest_de -->
            <p>1. Entschuldigt sein langes Schweigen. Empfing K’s Briefe vom 15. August und 8. September. 2. Hat dem Vertrage mit Venedig nur um K’s willen zugestimmt. 3. Seine Fürsorge für die nach Spanien bestimmten 3000 Mann. 4. Loquinghens Sendung an F betreffs Ausrüstung von 10.000 Mann. F’s Eingreifen gelegentlich der Schwierigkeiten, die von seiten der Augsburger Kaufleute bei Auszahlung der 50.000 Goldgulden gemacht wurden. Das Eintreffen des englischen Geldes verzögerte sich. 5. Die Führung dieser Truppen. Die hiezu bestellten Persönlichkeiten. 6. Forderung von seiten des Hgs von Mailand und anderer betreffs weiterer 6000 Mann. F traf alle nötige Fürsorge für die Ausrüstung dieser Truppen. 7. Ließ auf Wunsch des Vizekgs von Neapel noch weitere 6000 Mann ausheben. 8. Beklagt sich, daß ihm K nicht auch eine entsprechende Stelle in diesem Kriege übertragen hat. 9. Vergebliche Bemühungen, den Pfalzgfen Friedrich zu bewegen, die Statthalterschaft im Reiche zu behalten. F erwartet K’s Abgesandten Hannart. Traurige Zustände im Reiche. Bevorstehende Auflösung des Reichsregimentes. 10. Eintreibung des Gemeinen Pfennings. 11. Kann trotz des besten Willens die Versorgung Georgs von Österreich nicht übernehmen. 12. Die verunglückte Kriegsunternehmung des vertriebenen Dänenkgs. Dessen traurige Lage. 13. Hätte die 200.000 Dukaten nicht als Heiratsgut, wohl aber als Entschädigung für die Verluste im Vertrag mit Venedig erwartet. 14. Schwierigkeiten, Georg von Sachsen zu befriedigen. Die Zahlungsbedingungen, die er eingegangen. 15. Da der Margareten-Reichstag unbesucht blieb, schrieb er einen für den Martinstag nach Nürnberg aus. Fand hier nur Kf Friedrich von Sachsen vor. Dieser und die wenigen Fürsten, die noch gekommen, wollen abreisen. 16. Dankt K, daß er den jungen Hg Christoph von Württemberg an seinen Hof nehmen will, doch ist die Einwilligung der Hgge von Bayern notwendig. 17. Bezahlung der Schulden nach Kaiser Maximilian I. 18. Das Vorgehen des Schwäbischen Bundes gegen die fränkische Ritterschaft. 19. Sucht nach einem Waffenschmied für K. 20. Empfiehlt B Bernhard von Trient. 21. Die Absicht Bourbons, mit F zusammenzukommen, wurde aufgegeben. 22. Bezieht sich auf den demnächst an K abzusendenden Orator. 23. Wahl des neuen Papstes. 24. Hemricourt ist noch nicht zurück. 25. Seine Zusammenkunft mit dem ungarischen Kgspaar in Wiener-Neustadt. Die dort gefaßten Beschlüsse betreffs der Rüstung gegen die Türken. 26. Fortschritte der lutherischen Lehre. Übersendet K Predigten, die in Konstanz gehalten wurden. Die lutherische Gesinnung in den Reichsstädten. 27. Wartet auf die Ankunft Hannarts und Hemricourts.</p>
         </div>
         <div n="3" xml:lang="en"><!-- regest_en -->
            <p>1. Apologizes for his long silence. Has received K's letters dated August 15 and September 8. 2. Only agreed to the treaty with Venice for K's benefit. 3. Provisions for the 3,000 troops deployed to Spain. Loquingen's message to F regarding the deployment of 10,000 troops. F intervening in the matter of the Augsburg merchants' being difficult regarding disbursement of 50,000 guilder. The arrival of the money has been delayed. 5. Troop leadership. The men assigned to these positions. 6. Demands made by the Duke of Milan and others regarding 6,000 more troops. F has made all provisions necessary to supply these troops. 7. As requested by the Viceroy of Naples, F has levied 6,000 more men. 8. Complains that K has not given him an appropriate position in this war. 9. Attempts to convince Count Palatine Frederick to keep the position of stadtholder have failed. F is expecting K's delegate Hannart. Miserable conditions in the empire. Impending dissolution of the Imperial Government. 10. Collection of the Common Penny. 11. Although he would like to, he is unable to provide for George of Austria. 12. The expelled King of Denmark's failed military operation. His miserable condition. 13. Had expected to receive the 200,000 ducats not as a dowry but as compensation for losses incurred in the treaty with Venice. 14. Difficulties satisfying George of Saxony. The terms of payment to which he has agreed. 15. As the Imperial Diet on St. Margaret's Day was poorly attended, he has announced another one on St. Martin's Day in Nuremberg. He only encountered Prince-Elector Frederick of Saxony there. He and the few other princes in attendance are planning to depart. 16. He thanks K for his willingness to have young Duke Christoph of Württemberg at his court, but this will require the consent of the Dukes of Bavaria. 17. Clearance Emperor Maximilian I's debt. 18. Actions taken by the Swabian League against the Frankish knights. 19. Is looking for an armorer for K. 20. Commends Bishop Bernhard of Trent. 21. Attempts at a meeting between Bourbon and F have been abandoned. 22. Refers to the orator who will soon be deployed to K. 23. Election of the new Pope. 24. Hemricourt has not yet returned. 25. His meeting with the Hungarian royal couple in Wiener Neustadt. The decisions made there regarding armament against the Turks. 26. Advancement of Luther's teachings. Is sending K sermons being held in Constance. Lutheranism in the imperial cities. 27. Awaits Hannart's and Hemricourt's arrival.</p>
         </div>
         <div n="4"><!-- archive_desc -->
            <p>Wien, St.-A. PA 7. Original. Rückwärts Adresse: <hi rendition="#i">A l’empereur mons</hi>
               <hi rendition="#i #sup">r</hi>.</p>
            <p>Druck: Lanz, Jahrbücher der Literatur 112, S. 29-37. Abschnitt 25 bei Fiedler, Quellen und Forschungen, S. 104. Familienkorrespondenz Bd. 1, Nr. 50, S. 80-91.</p>
         </div>
         <div type="letter" n="5"><!-- transcription -->
            <p>Mons<hi rendition="#sup">r</hi> treshumblement à vostre bonne grace me recommande. Mons<hi rendition="#sup">r</hi>, si j’ai mis si longuement à vous escripre, la cause a esté que puis six mois ença je n’ai fait que cheminer d’ung et d’autre cousté et que ne vous vouloie faicher de mes lettres si non faire ez affaires ce que par voz lettres et gens me commandiez, comme amplement vous declarerai par cestes, par lesquelles aussi respondrai à aucunes voz lettres datées du 15<hi rendition="#sup">e</hi> d’aoust et 8<hi rendition="#sup">e</hi> de septembre passéz.</p>
            <p>Et premiers mons<hi rendition="#sup">r</hi>, quant aux affaires de <index resp="Abel_Laura">
                  <term xml:id="index_d24e283a1051" key="Venedig">Venize</term>
               </index>, desia savez et qu’en ai fait à quoi, si n’eust esté pour vous faire service, ne me feusse jamais accordé que plustost n’eusse assayé la fortune pour les raisons que par pluiseurs lettres vous ai escriptes.</p>
            <p>
               <persName xml:id="person_d56e125a1050"
                         ref="nognd"
                         resp="Abel_Laura"
                         key="Montfort, Wolf">Montfort</persName>, vostre escuier de chambre, m’apporta une lettre de credence depar vous pour l’assister et donner ordre qu’il puist avoir 4000 pietons pour mener en <index resp="Abel_Laura">
                  <term xml:id="index_d11e144a1051" key="Spanien">Espaigne</term>
               </index>, duquel pourrez mons<hi rendition="#sup">r</hi> avoir entendu le devoir que j’en feiz tant en mes pays comme aux voisins où ilz avoient à eulx assembler et passer pour descendre en <index resp="Abel_Laura">
                  <term xml:id="index_d27e297a1051" key="Flandern">Flandres</term>
               </index>, leur faisant donner vivres, passaige et toutes autres choses necessaires.</p>
            <p>D’autre part avez envoyé le <persName xml:id="person_d52e141a1050"
                         ref="nognd"
                         resp="Abel_Laura"
                         key="Croÿ, Adrien de">s<hi rendition="#sup">r</hi> de Beaurains</persName> et avec lui <persName xml:id="person_d52e106a1050"
                         ref="nognd"
                         resp="Abel_Laura"
                         key="Loquinghen">Loquinghen</persName> pour avoir 10000 pietons pour assister <persName xml:id="person_d54e97a1050"
                         ref="nognd"
                         resp="Abel_Laura"
                         key="Bourbon">le duc de Bourbon</persName>. Et pour les causes qu’avez peu mons<hi rendition="#sup">r</hi> entendre led. de Beaurains ne s’est peu trouver vers moi et a envoyé led. Loquinghen avec une lettre de credence joinctement avec la vostre et aiant entendu vostre volunté incontinant et à diligence donnai ordre à ce que lesd. pietons furent prestz endedens le terme de dix jours pour marcher la où on les eust voulu emploier. Et comme pour le payement d’iceulx fussent ordonnéz les 50000 florins d’or que <persName xml:id="person_d42e105a1050"
                         ref="nognd"
                         resp="Abel_Laura"
                         key="Prantner">le docteur Prantnaer</persName> devoit avoir vers lui pour practicquer avec <index resp="Abel_Laura">
                  <term xml:id="index_d24e129a1051" key="Schweiz">les Suisses</term>
               </index>, lesquelx il avoit à recevoir d’aucuns marchans à <placeName xml:id="place_d4e192a1050"
                          ref="nognd"
                          resp="Abel_Laura"
                          key="Augsburg">Aubsbourg</placeName>, desquelx avoit seullement receu 18000 et n’en vouloient iceulx plus avant payer, disant que pardela l’on ne leur avoit satisfait selon que leur avoit esté promis. Et afin que la despesche desd. pietons ne fust retardée et que à ceste cause n’en avint chose quel fust contraire à vostre service et promesse qu’aviez faicte aud. de Bourbon, je mandai par poste lesd. marchans vers moi et feiz traicter avec eulx de sorte que en m’obligeant tant au principal que aux interrestz obtins d’eulx qu’ilz desbourcerent les autres 32000 florins d’or pour faire led. payement, lesquelx j’entens mons<hi rendition="#sup">r</hi> par voz lettres au terme que j’ai promis seront pardela payéz dont treshumblement vous mercie. Puis après à la paye du second mois eurent faulte de payement à cause que l’argent du <persName xml:id="person_d38e129a1050"
                         ref="nognd"
                         resp="Abel_Laura"
                         key="Heinrich VIII.">roi d’Angleterre</persName> se retardoit et en continuant et, afin que vostre honneur, comme dit est, fust gardé, mandai au <persName xml:id="person_d32e450a1050"
                         ref="nognd"
                         resp="Abel_Laura"
                         key="Fugger">Foucker</persName> leur envoier 20000 fl. d’or oultre autres 6000 que mes regens de <placeName xml:id="place_d24e147a1050"
                          ref="nognd"
                          resp="Abel_Laura"
                          key="Ensisheim">Enghsse</placeName> leur avoient fait avoir et presté. Et ce pendant vint l’argent dud. s<hi rendition="#sup">r</hi> roi d’Angleterre, pour lequel solliciter dez <placeName xml:id="place_d6e204a1050"
                          ref="nognd"
                          resp="Abel_Laura"
                          key="Linz">Lincz</placeName> envoyai ung gentilhomme de ma maison vers <persName xml:id="person_d13e136a1050"
                         ref="nognd"
                         resp="Abel_Laura"
                         key="Mg">m<hi rendition="#sup">me</hi>, ma tante</persName>, et led. s<hi rendition="#sup">r</hi> roi d’Angleterre.</p>
            <p>Ce que depuis est survenu et comme lesd. pietons et leurs capitaines se sont conduictz, en serez mons<hi rendition="#sup">r</hi> averti plus à plain par le <persName xml:id="person_d54e97a1050"
                         ref="nognd"
                         resp="Abel_Laura"
                         key="Bourbon">duc de Bourbon</persName> et aussi de <persName xml:id="person_d52e106a1050"
                         ref="nognd"
                         resp="Abel_Laura"
                         key="Loquinghen">Loquinghen</persName> qui ont esté emprès eulx. L’on en veult donner quelque charge au <persName xml:id="person_d24e140a1050"
                         ref="nognd"
                         resp="Abel_Laura"
                         key="Fürstenberg, Graf Wilhelm von">conte de Furstemberch</persName> dont je ne sçai riens à la vérité et pour en savoir comment il en va, ai escript à lui, au <persName xml:id="person_d52e130a1050"
                         ref="nognd"
                         resp="Abel_Laura"
                         key="Werdenberg, Graf Felix von">conte Felix</persName> et à <persName xml:id="person_d39e110a1050"
                         ref="nognd"
                         resp="Abel_Laura"
                         key="Ems (Hohenems), Marx Sittich I. von, Landsknechtsführer">Marck Sitigh</persName> d’eulx trouver vers moi. Si l’on veult dire que j’aie entremis led. de Furstemberch, comme <persName xml:id="person_d13e136a1050"
                         ref="nognd"
                         resp="Abel_Laura"
                         key="Mg">mad. dame et tante</persName> le m’a escript, je vous avise mons<hi rendition="#sup">r</hi> que non et que ne feiz si non ce que Lonquinghen me dit depar vous, qu’estoit qu’il avoit commission depar V<hi rendition="#sup">re</hi> M<hi rendition="#sup">te</hi> que les contes Felix, de Furstemberch, <persName xml:id="person_d56e228a1050"
                         ref="nognd"
                         resp="Abel_Laura"
                         key="Herberstein, Siegmund von">Hebrestain</persName> et <persName xml:id="person_d32e173a1050"
                         ref="nognd"
                         resp="Abel_Laura"
                         key="Zollern (Hohenzollern), Graf Eitel Friedrich (Eitelfritz) III. von">Sollern</persName> se devroient entremectre de ceste expedicion, de laquelle led. conte Felix devoit estre chief. Et lors que led. Loquinghen vint vers moi et hastoit la despesche d’icelle expedicion l’on ne savoit où led. conte Felix estoit, il fut d’opinion et me dit ainsi, comme vostre commissaire, ou cas qu’on ne peusist trouver ou avoir led. conte Felix temps assez qu’on donnast la charge totale des 10000 pietons aud. de Furstemberch comme aussi fut ordonné, si led. conte Felix ne fut venu, comme dit est en temps, ce qu’il fist, nonobstant que moi pour ma part n’estoie de cest advis pour les raisons qui à ce me mouvoient tellement que ce de quoi me suis entremis a esté de faire ce que me commandiez et prester de l’argent. Parquoi, s’il y a chose malfaicte, ne m’en donnez mons<hi rendition="#sup">r</hi> la coulpe, car certes j’en ai fait tout ce que eusse peu faire, si j’eusse cuidié saulver mon ame.</p>
            <p>En ce meisme temps envoyerent <persName xml:id="person_d27e555a1050"
                         ref="nognd"
                         resp="Abel_Laura"
                         key="Francesco II.">le duc de Milan</persName> et <persName xml:id="person_d52e124a1050"
                         ref="nognd"
                         resp="Abel_Laura"
                         key="Marín, Fernando, Abt von Nájera, Schatzmeister K’s in Italien">l’abbé de Matarra</persName>, vostre commissaire, en nom de vous, le <persName xml:id="person_d56e246a1050"
                         ref="nognd"
                         resp="Abel_Laura"
                         key="Arco, Graf von, Gesandter des Hgs von Mailand">conte d’Arc</persName> et cellui <persName xml:id="person_d56e249a1050"
                         ref="nognd"
                         resp="Abel_Laura"
                         key="Avena, conte d‘, Gesandter des Hgs von Mailand">d’Avena</persName>, me requerant et priant leur faire avoir autres 6000 pietons pour mener aud. Milan à quoi incontinant donnai ordre et d’avantaige leur feiz donner preques, culurines, pouldre, grant nombre de chariotz et chevaulx et en effect tout ce que leur estoit necessaire et qu’ilz sceurent demander, lesquelx au passer ne fut sans faire dommaige grant au pays mangeant le bon homme.</p>
            <p>Depuis nagueres vostre <persName xml:id="person_d27e663a1050"
                         ref="nognd"
                         resp="Abel_Laura"
                         key="Lannoy">viceroi de Naples</persName> m’escripvit aussi pour autres quatre ou six mil et incontinant aiant receu sa lettre, ordonnai aux regens d’<placeName xml:id="place_d8e140a1050"
                          ref="nognd"
                          resp="Abel_Laura"
                          key="Innsbruck">Isbrouch</placeName> et le semblable à ceulx de <placeName xml:id="place_d24e147a1050"
                          ref="nognd"
                          resp="Abel_Laura"
                          key="Ensisheim">Enghsse</placeName> qu’ils eussent en diligence à pourveoir qu’ils fussent levéz en nombre tel qu’il demandoit. Lequel a fait lever lesd. 6000.</p>
            <p>Pour ma part mons<hi rendition="#sup">r</hi> j’eusse bien désiré que m’eussiez donné aucune charge où eusse fait mon devoir tellement que apertement peussiez avoir congneu le vouloir que j’ai de vous servir sans que nulz autres mes affaires m’en eussent peu empescher. Et certes mons<hi rendition="#sup">r</hi> ne me tiens pas heureux que en temps qu’avez tant à faire de bons et loyaulx serviteurs m’avez mis en oubli, me delaissant garder les palles d’<index resp="Abel_Laura">
                  <term xml:id="index_d4e185a1051" key="Deutschland">Alemaigne</term>
               </index> dont beaucop de gens ne scevent comme l’entendre et leur avez donné et donnez journellement cause d’en dire chacun ce qu’il lui plaist n’est riens à mon honneur ni avantaige.</p>
            <p>Mons<hi rendition="#sup">r</hi>, quant au <persName xml:id="person_d24e255a1050"
                         ref="nognd"
                         resp="Abel_Laura"
                         key="Friedrich II.">conte Palatin</persName>, je vous avise que nulle priere ni requeste depar vous, depar <persName xml:id="person_d13e136a1050"
                         ref="nognd"
                         resp="Abel_Laura"
                         key="Mg">mad. dame et tante</persName> ni depar moi n’a peu aider à le tenir à la <index resp="Abel_Laura">
                  <term xml:id="index_d24e263a1051" key="HRR, Statthalterschaft">lieutenandise</term>
               </index> de l’empire, plusavant que jusques à la saint Michiel passé où quel temps aussi le regiment fusse dissolt par faulte de payement ne fust que j’en escripviz et m’obligeai les vouloir payer pour les trois premiers mois, ordonnant le Palatin nommé <persName xml:id="person_d56e290a1050"
                         ref="nognd"
                         resp="Abel_Laura"
                         key="Hundsrück, Hans von">Hanns von Hunsrucken</persName> pour lieutenant jusques à ma venue à la diette, ordonnée à la saint Martin, où j’esperoie aussi l’arrivée de vostre audiencier. Lequel j’entens desia estre à <placeName xml:id="place_d56e294a1050"
                          ref="nognd"
                          resp="Abel_Laura"
                          key="Mechelen/Malines">Malines</placeName>. Lui venu ici, vous pourra mons<hi rendition="#sup">r</hi> au long avertir de l’estat et disposicion des affaires de l’empire qu’est si mauvais que jamais pire, car il n’y a point d’execucion de justice ne aucune obeissance ne aura si longuement que led. regiment demourera comme il est à present. Et que pis est, je ne voi sinon qu’il se dissoldra, après ce Noël, saulf si vostred. audiencier rapporte quelque moyen pour l’entretenir, delaquelle dissoulucion pouez mons<hi rendition="#sup">r</hi> penser quel honneur en aurez; d’autrepart led. regiment et la <index resp="Abel_Laura">
                  <term xml:id="index_d24e249a1051" key="Schwäbischer Bund">lighe de Zwave</term>
               </index> ne s’accordent point bien ne est possible, car ilz sont totalement contraires, si ce n’est par ce moyen que led. regiment soit en vostre main, afin que aiant les deux, l’on tempore avec l’un et l’autre comme faisoit feu <persName xml:id="person_d5e124a1050"
                         ref="nognd"
                         resp="Abel_Laura"
                         key="Maximilian I.">l’empereur Maximilien, mons<hi rendition="#sup">r</hi> et grant-pere</persName>, cui dieu absoille. Pour ma part j’en ferai tout ce qu’il me sera possible et aiderai adresser les affaires, afin que vostre honneur qu’est bien le mien et reputacion soit gardé.</p>
            <p>Quant au <index resp="Abel_Laura">
                  <term xml:id="index_d56e316a1051" key="HRR, Gemeiner Pfennig">ghemaine phennung</term>
               </index> que l’on pourroit lever pour l’aide contre <persName xml:id="person_d29e215a1050"
                         ref="nognd"
                         resp="Abel_Laura"
                         key="Süleyman I.">le Turcq</persName>, il est bien vrai mons<hi rendition="#sup">r</hi> que, si en l’empire eust justice, obeissance et ordre, l’on pourroit lever qui monteroit à ung grant argent, mais cessant ce que dessus plus monteroient les despens qu’on y feroit que ce qu’on en leveroit.</p>
            <p>Touchant le fait de <persName xml:id="person_d48e106a1050"
                         ref="nognd"
                         resp="Abel_Laura"
                         key="Georg von Österreich">George</persName>, certes mons<hi rendition="#sup">r</hi> à lui et aux autres vouldroie faire tout le bien qu’il me seroit possible et desireroie avoir la puissance comme ai le vouloir, car ilz s’en sentiroient de sorte qu’ilz congnoistroient avoir en moi ung autre pere, mais comme vous mons<hi rendition="#sup">r</hi> savez, je suis pressé de pluiseurs coustéz tant de guerre, debtes, comme de grosses despences qui sont ennuyeuses à supporter, aiant tous mes pays engaigéz comme ils sont si veul je faire ce qu’il me sera possible et le moyen, si ainsi mons<hi rendition="#sup">r</hi> vous plaisoit, me sembleroit que vous prinssiez à vostre charge et le pourvoissiez pardela le susd. George et son frere ou ung autre des bastardz, lequel qu’il vous plairoit et les deux qui demoureroient pardeça, ensemble les filles je regarderoie aussi de les pourveoir, vous suppliant que, si ainsi vous plaist, le me veullez escripre, car j’en veul faire tout ce qu’il vous en plaira ordonner.</p>
            <p>Mons<hi rendition="#sup">r</hi>, j’ai entendu vostre advis et concept en l’affaire du <persName xml:id="person_d43e108a1050"
                         ref="nognd"
                         resp="Abel_Laura"
                         key="Christian II.">roi de Dennemarche</persName>, lequel estoit le vrai, s’il eust voulu croire conseil, ce que non, et lui en est allé tout ainsi comme je le pensoie et en escripviz à <persName xml:id="person_d13e136a1050"
                         ref="nognd"
                         resp="Abel_Laura"
                         key="Mg">mad. dame et tante</persName>. Et en effect, ce qu’il fist est qu’il traicta avec le <persName xml:id="person_d56e351a1050"
                         ref="nognd"
                         resp="Abel_Laura"
                         key="Albrecht von Preußen">maistre de Prusse</persName>, les <persName xml:id="person_d56e354a1050"
                         ref="nognd"
                         resp="Abel_Laura"
                         key="Heinrich II., der Jüngere, von Braunschweig-Wolfenbüttel, Herzog">ducz de Brunswyk</persName>, <persName xml:id="person_d56e358a1050"
                         ref="nognd"
                         resp="Abel_Laura"
                         key="Albrecht VII., Herzog von Mecklenburg">de Melckelbourg</persName> et autres bons personnaiges et fit tant par ses promesses qu’il assembla 18000 pietons et de six à sept mil chevaulx et les mena jusques aux pais du <persName xml:id="person_d27e505a1050"
                         ref="nognd"
                         resp="Abel_Laura"
                         key="Joachim I. von Brandenburg">marquis Joachin, electeur</persName>. Et la venuz, il n’eust point argent assez pour faire le premier payement tellement que tout son ost se deffit à sa grant honte, perte et dommaige et de ceulx qui s’en estoient entremis, et est pressé de ceulx qui lui ont conduict les susd. gens de guerre, ausquelx il est obligié en grosses sommes d’argent. Il est presentement en <index resp="Abel_Laura">
                  <term xml:id="index_d56e365a1051" key="Sachsen">Zaxe</term>
               </index> et <persName xml:id="person_d56e368a1050"
                         ref="nognd"
                         resp="Abel_Laura"
                         key="Isabella von Österreich">m<hi rendition="#sup">me</hi>, ma bonne seur</persName>, la roine est emprès le susd. marquis Joachin, electeur, tous deux vivans non comme roix, mais miserablement. Il y a eu aucuns princes qui se sont voulu entremectre pour trouver quelque bon moyen et appoinctement avec ses aversaires, mais l’on ne scet avenir à autre sinon qu’ilz lui bailleront une pension de 30000 florins d’or et à la roine ce qu’il lui appertient et prendront pour leur roi son filz aisné qui est jeusne de cincq ans, en lui baillant conseilliers et gens de bien pour gouverner le royaulme. Car tant que de lui ilz ne le admectront jamais, quant leur devroit couster si comme ilz dient leur vie avec leur vaillant. Depuis peu de jours il a envoyé vers moi pour avoir mon advis et opinion, laquelle lui ai declairé par ung propre ambassadeur qu’ai envoyé vers lui qu’est le meisme que m’avez mons<hi rendition="#sup">r</hi> escript. Si la veult accepter, je vous en aviserai incontinent et le semblable à m<hi rendition="#sup">me</hi>, ma tante, afin que pourvoyez d’ambassadeurs tant depar vous que depar <persName xml:id="person_d11e117a1050"
                         ref="nognd"
                         resp="Abel_Laura"
                         key="Hadrian VI.">nostre saint pere</persName> et le <persName xml:id="person_d38e129a1050"
                         ref="nognd"
                         resp="Abel_Laura"
                         key="Heinrich VIII.">roi d’Angleterre</persName>. </p>
            <p>Mons<hi rendition="#sup">r</hi>, vous me commandez que j’aie à prendre et accepter ou lieu des deux cens mil ducatz que à cause <index resp="Abel_Laura">
                  <term xml:id="index_d21e122a1051" key="F, Heirat mit A">de mon mariage</term>
               </index> me sont deuz, les deux cens mil que les <index resp="Abel_Laura">
                  <term xml:id="index_d24e283a1051" key="Venedig">Veniciens</term>
               </index> doivent payer endedens ce meisme terme avec les condicions contenues en vosd. lettres. Mons<hi rendition="#sup">r</hi>, j’eusse bien penssé que lesd. 200000 ducatz ou pour le moins une bonne et grosse somme d’iceulx me deussent estre donnéz pour une partie de la recompense des dommaige et interest qu’ai euz de l’acceptacion de la paix faicte avec lesd. Veniciens, saulf si ce n’est que vous mons<hi rendition="#sup">r</hi> par autre moyen me veulliez recompenser, comme m’avez donné l’espoir et espere encoires que ferez ce que vous supplie treshumblement. Et pour à ce vous donner plusgrant cause et en tout me conformer avec vostre vouloir et opinion suis content accepter led. payement en la forme que le m’escripvez. Parquoi vous supplie donner ordre que j’en soie payé et à la reste entendre à lad. recompense.</p>
            <p>Au regard du <persName xml:id="person_d27e212a1050"
                         ref="nognd"
                         resp="Abel_Laura"
                         key="Georg von Sachsen">duc George de Zaxe</persName>, je vous avise mons<hi rendition="#sup">r</hi> que j’ai eu de la paine beaucop et m’a faillu lui payer 50000 florins d’or en or argent comptant et des autres 50000 que lui devoient estre <index resp="Christopher_F._Laferl">
                  <term xml:id="index_d27e134a1051" key="F, Schulden">payéz en bagues </term>
               </index>ai appoinctié avec lui les lui payer en deux ans en argent comptant à cause que l’on tauxoit les bagues à telz pris que à grant paine l’eusse peu payer de toutes celles que rapportai de pardela; des autres cent mil doit estre payé en dix ans, commençant le premier payement à ce Noël prouchain dont ai esté et suis encoires bien fort pressé, car comme desia mons<hi rendition="#sup">r</hi> vous ai escript par pluiseurs fois, il m’a convenu et convient journellement faire grant despence en beaucop de lieux et payer pluiseurs grosses debtes et mes pays sont si engaigéz que je n’en lieue comme riens tellement que ne sçai plus desquelx; parquoi vous supplie mons<hi rendition="#sup">r</hi> treshumblement que incontinent veullez donner ordre que je soie payé de ce qu’ai desbourssé et du payement pour le temps avenir, je sçai mons<hi rendition="#sup">r</hi> que voz affaires sont grans, mais si avez dequoi les pouoir mieulx porter que moi mes petitz.</p>
            <p>Mons<hi rendition="#sup">r</hi>, pour ce que en la <index resp="Abel_Laura">
                  <term xml:id="index_d24e452a1051" key="HRR, Reichstag, Nürnberg (1522/23)">diette</term>
               </index> qu’estoit ordonnée à la sainte Marguerite les princes ne leurs procureurs ne comparurent et je veoie que les affaires de l’empire n’alloient comme eusse bien voulu et estoit necessaire pour la conservacion de vostre honneur et reputacion, me suis avisé avec le conseil de ceulx du regiment conscripre une diette en ceste ville de <placeName xml:id="place_d24e270a1050"
                          ref="nognd"
                          resp="Abel_Laura"
                          key="Nürnberg">Neuremberghe</placeName> à la saint Martin derreniere, en ordonnant par les mandemens que ung chacun y eust à comparoir en propre personne. Et, combien que les affaires qu’ai en mes pays sont grans et mon absence me porte grant dommaige, car depuis trois ans que ai prins la possession d’iceulx, n’ai peu avoir aucun repoz ou temps pour mectre l’ordre et police que bien vouldroie, si ai je le tout postposé et ensuivant vostre commandement suis venu en cested. ville où n’ai trouvé autre prince que le <persName xml:id="person_d42e368a1050"
                         ref="nognd"
                         resp="Christopher_F._Laferl"
                         key="Friedrich III. der Weise, Herzog von Sachsen, Kurfürst">duc Frederick de Saxe, electeur</persName>, ne n’est encoires venu sinon le <persName xml:id="person_d56e351a1050"
                         ref="nognd"
                         resp="Abel_Laura"
                         key="Albrecht von Preußen">maistre de Prusse</persName> et <persName xml:id="person_d56e447a1050"
                         ref="nognd"
                         resp="Abel_Laura"
                         key="Kasimir von Brandenburg-Kulmbach, Markgraf">marquis Casimirus</persName>, lesquelx s’en veullent retourner en leurs maisons, voiant qu’il y a desia cincq sepmaines que l’on devroit avoir commencé lad. diette et n’est encoires venu aucun prince ni procureurs que de deux ou de trois dont suis certes mons<hi rendition="#sup">r</hi> bien perplex, car je pers temps, fai grans despens et, que plus extime, ne voi moyen pour vous pouoir faire le service que desire. Et quant je vouldroie attenter ou faire quelque chose, l’on me diroit, comme l’on dit, que je suis seul et n’ai point tant de puissance de vous que pour disposer ne faire plus que ung autre du susd. regiment. Parquoi mons<hi rendition="#sup">r</hi>, si vostre audiencier n’apporte autres pouoirs ou maniere de faire, je ne voi sinon que le tout ira en ruine et ne sera en moi y pouoir remedier.</p>
            <p>Je vous mercie mons<hi rendition="#sup">r</hi> treshumblement qu’il vous plaist accepter le jeusne <persName xml:id="person_d56e461a1050"
                         ref="nognd"
                         resp="Abel_Laura"
                         key="Christoph von Württemberg">duc de Wirtemberch</persName>, lequel vous envoyerai, aiant parlé à ses oncles, les ducz de <index resp="Abel_Laura">
                  <term xml:id="index_d44e189a1051" key="Bayern">Baviere</term>
               </index>. Sans le sceu desquelx ne le pourroie envoier, si ce n’estoit contrevenant au contract fait par vous avec ceulx de la lighe, ce que je ne feroie voulentiers. Les lettres que escripvez mons<hi rendition="#sup">r</hi> envoyéz pour led. duc ne sont point esté envoyées. Parquoi vous supplie les commander envoyer et aussi autres à sesd. oncles, leur disant que voulez avoir icellui duc de costé vous en la forme que ai envoyé la copie à mon solicitateur <persName xml:id="person_d27e101a1050"
                         ref="nognd"
                         resp="Abel_Laura"
                         key="Salinas">Salines</persName>.</p>
            <p>Pour la descharge du trespasse et satisfaction de vostre honneur me semble mons<hi rendition="#sup">r</hi> que devez regarder de dresser le payement des <index resp="Christopher_F._Laferl">
                  <term xml:id="index_d27e466a1051" key="Maximilian I., Schulden">debtes </term>
               </index>de feu <persName xml:id="person_d5e124a1050"
                         ref="nognd"
                         resp="Abel_Laura"
                         key="Maximilian I.">l’empereur, mond. s<hi rendition="#sup">r</hi>
               </persName>, cui dieu absoille, ce que vous supplie treshumblement vouloir faire, car de ma part quelque povreté que j’aie si ai ordonné leur payement.</p>
            <p>La <index resp="Abel_Laura">
                  <term xml:id="index_d24e249a1051" key="Schwäbischer Bund">lighe de Zwave</term>
               </index> a fait ung bon exploit contre les <index resp="Abel_Laura">
                  <term xml:id="index_d42e234a1051" key="Franken">Francons</term>
               </index>, leur abbatant leurs chasteaulx qui ont esté au nombre de 23 et les chassant hors du pays, mais encoires aide bien peu, car par tout l’empire y a encoires des Francons et des practiques telles et plus grandes qu’il n’eust jamais, et si, ce que dieu ne veulle, voz affaires allassent aucunement en declinacion, vous verriez comme ceulx de pardeça se porteraient et cognoistriez qui sont voz serviteurs et amis, donc pouez mons<hi rendition="#sup">r</hi> croire que ne seroie sans m’en bien sentir dont de tout vous avertirai plus amplement par quelque bon personnaige que j’espere brief envoyer devers vous.</p>
            <p>Mons<hi rendition="#sup">r</hi>, j’ai rendu paine pour recouvrer quelque bon <index resp="Abel_Laura">
                  <term xml:id="index_d42e158a1051" key="Waffenschmied">armurier</term>
               </index> et le vous envoyer, mais n’ai encoires sceu nul trouver qui veulle partir hors du pays, si le ferai je chercher pour le vous envoyer le plustost qu’il sera possible.</p>
            <p>
               <persName xml:id="person_d24e421a1050"
                         ref="nognd"
                         resp="Abel_Laura"
                         key="Cles">L’evesque de Trante</persName>, mons<hi rendition="#sup">r</hi>, je le vous recommande, car il a esté bon serviteur de l’empereur, mond. s<hi rendition="#sup">r</hi>, et le vostre et encoires est le semblable et le mien aussi. Et le bien que lui ferez ne sera point perdu, ains gratiffierez ung leal serviteur.</p>
            <p>Mons<hi rendition="#sup">r</hi>, je vous avertiz que incontinant après que les dix mil pietons feurent retiréz, le <persName xml:id="person_d54e97a1050"
                         ref="nognd"
                         resp="Abel_Laura"
                         key="Bourbon">duc de Bourbon </persName>s’en vint à <placeName xml:id="place_d24e147a1050"
                          ref="nognd"
                          resp="Abel_Laura"
                          key="Ensisheim">Enghsse</placeName>, acompaigné de quelque cent chevaulx. Lequel m’en avertist par ung sien gentilhomme et aussi de la retraicte desd. pietons disant qu’il desiroit s’entreveoir avec moi. Et de ma part incontinant par poste de jour et de nuit lui signiffiai qu’estoie bien desplaisant de lad. retraicte et icelle expedicion avoir porté et fait si peu de fruit et, puis que ainsi estoit, que ne desiroie riens tant comme m’entreveoir aussi avec lui et aviser de quelque moyen pour rentrer à lad. expedicion ou pour le moins communicquer, comment l’on devroit faire ci-après et quelque diligence que mon maistre des postes sceust faire il ne le rattaindist qu’il ne fust à 10 ou 12 lieuwes d’<placeName xml:id="place_d8e140a1050"
                          ref="nognd"
                          resp="Abel_Laura"
                          key="Innsbruck">Isbrouch</placeName> qu’il s’en alloit pour passer en <index resp="Abel_Laura">
                  <term xml:id="index_d35e144a1051" key="Italien">Italie</term>
               </index>. Et aiant receu mes lettres par led. maistre des postes et depuis encoires par <persName xml:id="person_d56e539a1050"
                         ref="nognd"
                         resp="Abel_Laura"
                         key="Bloix, Kurier">Bloix</persName> et puis après par ung autre courrier que lui envoyai, me respondit à tout que nullement lui estoit possible convenir avec moi, car vous mons<hi rendition="#sup">r</hi> l’aviez desia par trois fois mandé venir vers vous et qu’il savoit avec sa presence vous pouoir faire grant service. Parquoi il me prioit voulsisse avoir la patience et le prendre de bonne part et en ceste sorte s’en est passé en Italie et espere sera plustost devers vous que cestes.</p>
            <p>Quant est du pouoir que mons<hi rendition="#sup">r</hi> demandez en tel personnaige de vostre conseil que vouldrai joinctement avec l’article escript en siffre, je ne serai par ceste responce et remectrai le tout à cellui que vous escriptz suis deliberé envoyer vers vous pour iceulx affaires et autres.</p>
            <p>De <index resp="Abel_Laura">
                  <term xml:id="index_d56e554a1051" key="Konklave">l’election du pape</term>
               </index> et subces des affaires d’<index resp="Abel_Laura">
                  <term xml:id="index_d35e144a1051" key="Italien">Italie</term>
               </index> et <index resp="Abel_Laura">
                  <term xml:id="index_d14e164a1051" key="Niederlande">Pays d’embaz</term>
               </index> je m’en deporte vous en escripre pour ce mons<hi rendition="#sup">r</hi> que de voz gens de l’un et autre cousté en serez au long averti.</p>
            <p>
               <persName xml:id="person_d27e98a1050"
                         ref="nognd"
                         resp="Abel_Laura"
                         key="Hemricourt">Hemericourt</persName>, par lequel escripvez m’avoit fait responce et escript au long de toutes choses n’est encoires arrivé vers moi, si m’a il escript de son arrivé en <index resp="Abel_Laura">
                  <term xml:id="index_d27e297a1051" key="Flandern">Flandres</term>
               </index>.</p>
            <p>Au surplus mons<hi rendition="#sup">r</hi> vous avertiz que environ la fin d’aoust je partiz de la conté de <index resp="Abel_Laura">
                  <term xml:id="index_d27e142a1051" key="Tirol">Tirol</term>
               </index> pour m’entreveoir avec le <persName xml:id="person_d20e158a1050"
                         ref="nognd"
                         resp="Abel_Laura"
                         key="Ludwig II.">roi de Hungrie</persName> et avec lui traicter d’aucune <index resp="Abel_Laura">
                  <term xml:id="index_d24e226a1051" key="Türken">guerre offensive ou deffensive à l’encontre des Turcqz</term>
               </index> et aussi de pluiseurs autres choses, concernans le bien de nous, noz pays et subgectz, laquelle entreveue fust accordée au 10<hi rendition="#sup">e</hi> de septembre passé. Premierement aux champs à demie lieuwe d’une sienne ville, nommée <placeName xml:id="place_d46e89a1050"
                          ref="nognd"
                          resp="Abel_Laura"
                          key="Sopron">Eydembourg</placeName>, où je allai joinctement avec ma compaigne, accompaigné d’environ 800 chevaulx arméz et me vint lui joinctement avec <index resp="Abel_Laura">
                  <term xml:id="index_d56e600a1051"
                        key="M, Treffen mit F in Wiener Neustadt (1523)">m, ma bonne seur, la roine de Hungrie</term>
               </index>, audevant avec le nombre de 600 à 700 chevaulx. Et aiant esté en sad. ville par deux jours et deux nuitz, vinmes à <placeName xml:id="place_d27e457a1050"
                          ref="nognd"
                          resp="Abel_Laura"
                          key="Wiener Neustadt">Nieuwstadt</placeName>, où je les feiz recevoir le mieulx qu’il me fust possible et deffroier avec leur train qu’estoit d’environ 1800 chevaulx l’espace de huit jours qu’ilz feurent avec moi, où il y eust joustes, tournois et autres passe-temps. Puis en eulx retirant en leur pays, feurent en une maison de plaisance où ilz eurent une <index resp="Christopher_F._Laferl">
                  <term xml:id="index_d9e109a1051" key="Jagd">bonne chasse par deux jours</term>
               </index>; nous traictasmes de pluiseurs choses, comme aurez mons<hi rendition="#sup">r</hi> peu entendre amplement par les lettres de messire <persName xml:id="person_d24e180a1050"
                         ref="nognd"
                         resp="Abel_Laura"
                         key="Burgo">Andreas de Burgho</persName>, lequel fut à tout present et principalement, comme dit est, de savoir ce que aurions à faire à l’encontre <persName xml:id="person_d29e215a1050"
                         ref="nognd"
                         resp="Abel_Laura"
                         key="Süleyman I.">du Turcq</persName>. Et en effect conclusmes que le roi et royaulmes de <index resp="Abel_Laura">
                  <term xml:id="index_d20e162a1051" key="Ungarn">Hungrie</term>
               </index>, <index resp="Abel_Laura">
                  <term xml:id="index_d24e174a1051" key="Böhmen">Boesme</term>
               </index> et autres seigneurs, estans des susd. royaulmes, bailleront à l’esté prouchain 60000 hommes de guerre et cent pieces d’artillerie avec monicion necessaire. Et pour ma part accordai avec aucunes condicions raisonnables dix mil pietons et 2000 bons chevaulx avec trente pieces d’artillerie aussi la monition necessaire, le tout paré pour le terme de demi an; mais les affaires de Hungrie sont en tel estat et tellement gouvernéz que crains leur promesse ne doive estre que fumée, comme desia ont esté celles qu’ilz ont faictes puis deux ans que si ainsi et le Turcq vient que dieu ne veulle j’estime estre perdu led. royaulme de Hungrie et mes pays après.</p>
            <p>Mons<hi rendition="#sup">r</hi>, <index resp="Abel_Laura">
                  <term xml:id="index_d32e217a1051" key="Lutheraner">le secte Luterien</term>
               </index> regne partout ce pays d’<index resp="Abel_Laura">
                  <term xml:id="index_d4e185a1051" key="Deutschland">Almaigne</term>
               </index> si trestant que desia les bons chrestiens craingnent d’eulx declarer et nommer. Et si dieu vous et <persName xml:id="person_d56e641a1050"
                         ref="nognd"
                         resp="Abel_Laura"
                         key="Klemens VII.">nostre saint pere</persName> n’y pourvoient et brief, il est à craindre que la chose viendra à plus mauvais termes. Ilz mectent avant tant de heresies que ne vous sçauroie escripre le nombre, mais entre autres vous envoye ici mons<hi rendition="#sup">r </hi>ce que ung prescheur a presché en chaiere publique en la ville de <placeName xml:id="place_d42e114a1050"
                          ref="nognd"
                          resp="Abel_Laura"
                          key="Konstanz">Constance</placeName> et l’on n’en presche gueres moins en ceste ville de <placeName xml:id="place_d24e270a1050"
                          ref="nognd"
                          resp="Abel_Laura"
                          key="Nürnberg">Neuremberghe</placeName> et en toutes les autres de l’empire imperiales; d’autrepart ne veullent payer les dismes, mangent de la chair les vendrediz, vont au sacrament sans eulx confesser et autres choses semblables.</p>
            <p>J’attens, comme dit est, la venue de <persName xml:id="person_d52e241a1050"
                         ref="nognd"
                         resp="Abel_Laura"
                         key="Hannart">vostre audiencier</persName> et de <persName xml:id="person_d27e98a1050"
                         ref="nognd"
                         resp="Abel_Laura"
                         key="Hemricourt">Hemericourt</persName>. Lesquelx arrivéz et avoir entendu leur charge, vous en ferai mons<hi rendition="#sup">r</hi> plus ample responce. Mons<hi rendition="#sup">r</hi>, je prie à tant le createur qu’il vous doint bonne vie et longue.</p>
            <p>Dud. Neuremberghe, ce 18<hi rendition="#sup">e</hi> jour de decembre a<hi rendition="#sup">o</hi> 23.</p>
            <p>Vostre<hi rendition="#sup">a</hi>) treshumble et tres obeisant frere Ferdinandus.</p>
         </div>
         <div n="6"><!-- commentary -->
            <p>Der Brief K’s vom 15. August wurde nicht aufgefunden. Das Itinerar F’s (Forsch. zur deutschen Gesch. 1, S. 385) weist tatsächlich seit August 1523 wenig Ruhepausen in dem Wanderleben des Ehgs auf, das ihn von Linz über Ödenburg nach Wiener-Neustadt, von dort über Wien usw., Linz usw., Passau nach Regensburg und von da nach Nürnberg führte.</p>
            <p>Über die Persönlichkeit des Gfen Felix von Werdenberg vgl. J. N. v. Vanotti, Geschichte der Gfen von Montfort und von Werdenberg, Belle-Vue 1845, S. 453 ff. Unter dem Gfen von Fürstenberg ist wohl Wilhelm gemeint. A. D. B. 8, S. 228 ff.</p>
            <p>Vermutlich ist unter Matarra der Abt Najera gemeint.</p>
            <p>Die Niederlegung des Statthalteramtes durch den Pfalzgfen und die beabsichtigte Substituierung durch Hg Hans von Hundsrück behandeln die DRA 4, S. 8 und 34. Über das Verhältnis des Reichsregiments zum Schwäbischen Bund s. ebenda S. 7.</p>
            <p>Vgl. Nr. 39.</p>
            <p>Die Verbündeten Christians II. waren damals der Hochmeister, Hg Heinrich von Braunschweig und Hg Albrecht von Mecklenburg. Die Auflösung des Heeres erfolgte zwischen dem 6. und 12. Oktober 1523 an der Elbe bei <placeName xml:id="place_d56e690a1050"
                          ref="nognd"
                          resp="Abel_Laura"
                          key="Dömitz">Dömitz</placeName> und <placeName xml:id="place_d56e693a1050"
                          ref="nognd"
                          resp="Abel_Laura"
                          key="Lenzen">Lenzen</placeName>. Christian und der Hochmeister waren zum Kf Friedrich von Sachsen, dem Onkel Christians, geeilt, der auch mit den Gläubigern des vertriebenen Dänenkönigs unterhandelte. D. Schäfer, Geschichte von Dänemark, Gotha 1893, 4, S. 34 ff. Über die Verhandlungen betreffs Zahlung einer Pension an Christian II. vgl. Bucholtz 7, S. 556 f.</p>
            <p>Die 200.000 Dukaten betreffen das Heiratsgut Annas, von dem bereits im Brüsseler Vertrag die Rede war, dessen Auszahlung aber noch immer nicht angefangen hatte. Bauer, S. 152. Die Urkunde, worin K diese Summe seinem Bruder überläßt, trägt das Datum 1524 April 7. Burgos. Wien, St.-A. Hausarchiv, Orig. Siegel an Pergamentpressel.</p>
            <p>Über die Schulden und deren Abzahlung an Hg Georg von Sachsen s. Bauer, S. 215; vgl. Gess, N. Arch. für sächs. Gesch. 19, S. 235 ff.</p>
            <p>Der Abschied des im Februar 1523 beendigten Reichstages hatte für den 13. Juli (Margaretentag) desselben Jahres einen zweiten Reichstag bestimmt, der ebenfalls in Nürnberg abgehalten werden sollte. Es ist nun nicht ganz richtig, wenn F behauptet, es seien keine Fürsten oder Bevollmächtigte von ihnen hiezu erschienen, vielmehr waren, wenn auch nur für kurze Zeit, Hg Georg von Sachsen, ferner 22 Gesandte mit Vollmachten für 32 Stände erschienen. Was das Nichtzustandekommen dieses Reichstages bewirkte, war vor allem die Tatsache, daß der kaiserliche Gesandte Hannart nicht angekommen war und F selbst eine Haltung einnahm, die zeigte, daß ihm eine Verschiebung des Tages erwünscht wäre. Am 12. August richtete F ein Schreiben an das Reichsregiment, worin er ihm die Einberufung des Reichstages für den 18. Oktober vorschlug. Schließlich griff das Regiment auf einen früheren Vorschlag F’s zurück und wählte den 11. November (Martinitag) als Beginn des künftigen nach Nürnberg einberufenen Reichstages. DRA 4, S. 1 ff., 34 f. etc. F kam am 29. November dahin (ebenda, S. 627). Er hatte auch noch am 31. Dezember seine Bemühungen fortgesetzt, die anwesenden Fürsten und Gesandten zum Bleiben zu bewegen, damit sie auf Hannart warteten (ebenda, S. 633 f.)</p>
            <p>Hg Christoph von Württemberg wurde zunächst nicht an den Hof K’s gebracht. Dies geschah erst im Jahre 1530. B. Kugler, Christoph, Herzog zu Wirtemberg. Stuttgart 1868, Bd. 1, S. 10 ff.</p>
            <p>Gemeint ist hier der Strafzug des Schwäbischen Bundes gegen <persName xml:id="person_d42e350a1050"
                         ref="nognd"
                         resp="Abel_Laura"
                         key="Absberg, Hans Thomas von, fränkischer Ritter">Hans Thomas von Absberg</persName>, der wegen Landfriedensbruches verfolgt wurde. Die kriegerische Handlung des Bundes dauerte von Mitte Juni bis Mitte Juli 1523 und bedeutete einen schweren Schlag gegen die <index resp="Abel_Laura">
                  <term xml:id="index_d56e707a1051" key="Fränkische Ritterschaft">fränkische Ritterschaft</term>
               </index>, die sich im selben Jahre zu <placeName xml:id="place_d56e710a1050"
                          ref="nognd"
                          resp="Abel_Laura"
                          key="Schweinfurt">Schweinfurt</placeName> in einem eigenen Bündnis vereinigt hatte. R. Fellner, Die fränkische Ritterschaft. Berlin 1905, S. 247, 285 f. usw.</p>
            <p>Über B Bernhard Cles von Trient vgl. A. D. Biogr. 4, S. 324 f. und Bauer, S. 173 ff.</p>
            <p>Bourbon kam im Laufe des Monats November nach <placeName xml:id="place_d56e716a1050"
                          ref="nognd"
                          resp="Abel_Laura"
                          key="Piacenza">Piacenza</placeName> (Sanuto 35, 205) und reiste dann nach Tirol. Am 29. November war er in Innsbruck. Brach aber am folgenden Tage bereits auf, um in aller Eile nach Italien zurückzukehren, mit der Absicht, nach <index resp="Abel_Laura">
                  <term xml:id="index_d11e144a1051" key="Spanien">Spanien</term>
               </index> zu gehen und die Schwester des Kaisers zu heiraten (ebenda 268). Eine Nacht verweilte Bourbon bei Andrea da Burgo auf dessen <placeName xml:id="place_d56e723a1050"
                          ref="nognd"
                          resp="Christopher_F._Laferl"
                          key="Enna, Schloss in Südtirol">Schloß Enn in Tirol</placeName>. Stoegmann, S. 226. F war in dieser Zeit auf der Fahrt durch Bayern nach Nürnberg begriffen.</p>
            <p>Der neue <persName xml:id="person_d56e641a1050"
                         ref="nognd"
                         resp="Abel_Laura"
                         key="Klemens VII.">Papst Klemens VII.</persName> war am 19. November endgültig aus dem <index resp="Abel_Laura">
                  <term xml:id="index_d56e554a1051" key="Konklave">Konklave</term>
               </index> als Erwählter hervorgegangen. Pastor 4<hi rendition="#sup">2</hi>, S. 169.</p>
            <p>F brach in der zweiten Hälfte August von Innsbruck auf. — Die Turniere bei Wiener-Neustadt scheinen in der Tat etwas reicher gewesen zu sein als es die Geldlage F’s eigentlich zugelassen hatte. Die Kosten für Seide und Gewänder überstiegen ganz beträchtlich die Summe von 500 fl. (Wien, HK-A Gedenkb. 21, Bl. 21 ff.). — Burgo gibt in seinem Bericht die Zahl der von F zu stellenden Fußsoldaten mit 8000 an. Stoegmann, S. 168.</p>
            <p>In Konstanz predigten damals in evangelischem Sinne <persName xml:id="person_d56e741a1050"
                         ref="nognd"
                         resp="Abel_Laura"
                         key="Wanner, Johannes">Johannes Wanner</persName>, <persName xml:id="person_d56e744a1050"
                         ref="nognd"
                         resp="Abel_Laura"
                         key="Windner, Jakob">Jakob Windner </persName>und <persName xml:id="person_d56e747a1050"
                         ref="nognd"
                         resp="Abel_Laura"
                         key="Metzler, Bartholomäus">Bartholomäus Metzler</persName>. E. Issel, Die Reformation in Konstanz. Freiburg i. B. 1898, S. 17 ff. Vgl. ferner Notizenblatt 2, S. 258 f.</p>
            <p>a) von <hi rendition="#i">vostre </hi>an eigenhändig.</p>
         </div>
      </body>
   </text>
</TEI>
