<?xml version="1.0" encoding="UTF-8"?>
<TEI xmlns="http://www.tei-c.org/ns/1.0">
   <teiHeader>
      <fileDesc>
         <titleStmt>
            <title type="main">A51.</title>
            <title type="sub">Ferdinand an Karl, 1523 Dezember 18, Nürnberg.</title>
            <author>
               <persName ref="nognd">Ferdinand</persName>
            </author>
         </titleStmt>
         <editionStmt>
            <edition>Vollständige digitalisierte Ausgabe</edition>
         </editionStmt>
         <publicationStmt>
            <publisher xml:id="nnnn">
               <orgName role="hostingInstitution">Universität Salzburg</orgName>
               <orgName role="project">Edition der Familienkorrespondenz Ferdinands I.</orgName>
               <address>
                  <addrLine>Paris Lodron Universität Salzburg PLUS</addrLine>
                  <addrLine>Kapitelgasse 4</addrLine>
                  <addrLine>A-5020 Salzburg - Österreich</addrLine>
               </address>
            </publisher>
            <pubPlace>Salzburg</pubPlace>
            <date type="publication">2015-07-09</date>
            <availability>
               <licence target="https://creativecommons.org/licenses/by/3.0/">
                  <p>Creative Commons BY 3.0</p>
               </licence>
            </availability>
            <idno type="DOI">nnnn</idno>
         </publicationStmt>
         <sourceDesc>
            <bibl type="MS">Die Korrespondenz Ferdinands I. Familienkorrespondenz bis 1526</bibl>
            <biblFull>
               <titleStmt>
                  <title type="main">Die Korrespondenz Ferdinands I. Familienkorrespondenz bis 1526</title>
               </titleStmt>
               <publicationStmt>
                  <publisher>
                     <name>Holzhausen</name>
                  </publisher>
                  <publisher>
                     <name>Kommission für Neuere Geschichte Österreichs</name>
                  </publisher>
                  <pubPlace>Wien</pubPlace>
                  <date type="publication">1912</date>
               </publicationStmt>
            </biblFull>
         </sourceDesc>
      </fileDesc>
      <profileDesc>
         <correspDesc>
            <correspAction type="sent">
               <persName ref="nognd">Ferdinand</persName>
               <placeName ref="nognd">Nürnberg</placeName>
               <date>1523 Dezember 18</date>
            </correspAction>
            <correspAction type="received">
               <persName ref="nognd">Karl</persName>
            </correspAction>
         </correspDesc>
      </profileDesc>
      <encodingDesc>
         <appInfo>
            <application ident="TEI_fromDOCX" version="2.15.0">
               <label>DOCX to TEI</label>
            </application>
         </appInfo>
      </encodingDesc>
      <revisionDesc>
         <listChange>
            <change>
               <date>2022-11-21T15:48:23Z</date>
               <name ref="nognd">Pitzer Doris</name>
            </change>
         </listChange>
      </revisionDesc>
   </teiHeader>
   <text>
      <body>
         <div n="1"><!-- letter_header -->
            <p>
               <hi rendition="#b">A51.</hi>
            </p>
            <table rend="rules">
               <row>
                  <cell>
                     <hi rendition="#i">Ferdinand an Karl.</hi>
                  </cell>
                  <cell>
                     <hi rendition="#i">1523 Dezember 18. Nürnberg.</hi>
                  </cell>
               </row>
            </table>
         </div>
         <div n="2" xml:lang="de"><!-- regest_de -->
            <p>Verteidigt Salamanca gegen die Beschuldigung, daß er die Verzögerung im Abschlusse des Friedens mit Venedig verursacht habe. Er ist sowohl ihm wie K ein treuer Diener.</p>
         </div>
         <div n="3" xml:lang="en"><!-- regest_en -->
            <p>Defends Salamanca against the accusation that he is to blame for the delay of the Peace Treaty with Venice. He is a loyal servant to both F and K.</p>
         </div>
         <div n="4"><!-- archive_desc -->
            <p>Wien, St.-A. Belgica PA 7. Original. Rückwärts Adresse: <hi rendition="#i">A l’empereur mons</hi>
               <hi rendition="#i #sup">r</hi>
               <hi rendition="#i">. </hi>
            </p>
            <p>Druck: Lanz, Jahrbücher der Literatur 112, S. 28. Familienkorrespondenz Bd. 1, Nr. 51, S. 91-92.</p>
         </div>
         <div type="letter" n="5"><!-- transcription -->
            <p>Mons<hi rendition="#sup">r</hi>, treshumblement à vostre bonne grace me recommande. Mons<hi rendition="#sup">r</hi>, j’ai entendu tant par lettres d’aucuns de pardela que autrement, comme aucuns vous ont donné à entendre, que par le moyen et conseil de mon tresorier <persName xml:id="person_d31e160a1050"
                         ref="nognd"
                         resp="Abel_Laura"
                         key="Salamanca">Salamanca</persName> la paix, nagueres conclute avec les <index resp="Abel_Laura">
                  <term xml:id="index_d38e142a1051" key="Venedig, Vertrag mit">Veniciens</term>
               </index>, a esté si longuement prolongié et retardée dont vous veulx mons<hi rendition="#sup">r</hi> avertir que ceulx qui le vous ont ainsi rapporté et dit l’ont fait contre verité et à tort, car led. Salamanca a esté cellui le plus enclin à icelle. Bien qu’elle se feist le plus que eust esté possible à l’honneur et avantaige de nous deux, si vous est il et à moi bon et leal serviteur et tel que pleust à dieu que vous et moi eussions beaucop de telz, car j’espereroie que noz affaires n’en vauldroient point de pis. Si vous asseure je, mons<hi rendition="#sup">r</hi>, qu’il n’y a personne autour de moi qui tant ait pourchassé ne rendu peine ni presentement rend à nous entretenir en bonne paix, union et fraternité comme lui, ne que plus grant peine ait prins et prent journellement à noz communs affaires que lui. Parquoi non seullement vous supplie l’avoir pour excusé et non croire maldisans ne telz rapportz, mais l’avoir pour recommandé pour lui faire du bien ensemble à son frere et autres ses parens qui sont en vostre service. Mons<hi rendition="#sup">r</hi>, je prie atant le createur qu’il vous doint bonne vie et longue.</p>
            <p>De<hi rendition="#sup">a</hi>) <placeName xml:id="place_d24e270a1050"
                          ref="nognd"
                          resp="Abel_Laura"
                          key="Nürnberg">Neuremberghe</placeName>, le 18<hi rendition="#sup">e</hi> jour de decembre a<hi rendition="#sup">o</hi> 23.</p>
            <p>Vostre<hi rendition="#sup">b</hi>) tres humble et tres obeisant frere Ferdinandus.</p>
         </div>
         <div n="6"><!-- commentary -->
            <p>a) das Datum von lichterer Tinte geschrieben. </p>
            <p>b) von <hi rendition="#i">vostre </hi>an eigenhändig.</p>
            <p>Die Mitteilungen über das Salamanca feindliche Gerede am Hofe K’s, auf das sich F in vorliegendem Schreiben bezieht, rühren wohl in erster Linie von F’s ständigem Vertreter beim Kaiser, Martin de <persName xml:id="person_d27e101a1050"
                         ref="nognd"
                         resp="Abel_Laura"
                         key="Salinas">Salinas</persName>, her. Dessen Berichte sind gedruckt bei Villa a. a. O. Auf die venezianische Angelegenheit und die Stellung Salamancas hiezu bezieht sich namentlich der Brief Salinas vom 2. Juli, ebenda S. 122. Die Anwürfe gegen F’s Schatzmeister verstummten nun auf F’s Brief hin keineswegs, wie noch die nach Spanien kolportierten Nachrichten im folgenden Jahre beweisen. Ebenda S. 216, 235 u. a. Über Salamancas Persönlichkeit und politische Stellung in diesen Jahren s. Bauer, S. 167 ff. </p>
         </div>
      </body>
   </text>
</TEI>
