<?xml version="1.0" encoding="UTF-8"?>
<TEI xmlns="http://www.tei-c.org/ns/1.0">
   <teiHeader>
      <fileDesc>
         <titleStmt>
            <title type="main">A56.</title>
            <title type="sub">Karl an Ferdinand, 1524 Jänner 16, Vitoria.</title>
            <author>
               <persName ref="nognd">Karl</persName>
            </author>
         </titleStmt>
         <editionStmt>
            <edition>Vollständige digitalisierte Ausgabe</edition>
         </editionStmt>
         <publicationStmt>
            <publisher xml:id="nnnn">
               <orgName role="hostingInstitution">Universität Salzburg</orgName>
               <orgName role="project">Edition der Familienkorrespondenz Ferdinands I.</orgName>
               <address>
                  <addrLine>Paris Lodron Universität Salzburg PLUS</addrLine>
                  <addrLine>Kapitelgasse 4</addrLine>
                  <addrLine>A-5020 Salzburg - Österreich</addrLine>
               </address>
            </publisher>
            <pubPlace>Salzburg</pubPlace>
            <date type="publication">2015-07-09</date>
            <availability>
               <licence target="https://creativecommons.org/licenses/by/3.0/">
                  <p>Creative Commons BY 3.0</p>
               </licence>
            </availability>
            <idno type="DOI">nnnn</idno>
         </publicationStmt>
         <sourceDesc>
            <bibl type="MS">Die Korrespondenz Ferdinands I. Familienkorrespondenz bis 1526</bibl>
            <biblFull>
               <titleStmt>
                  <title type="main">Die Korrespondenz Ferdinands I. Familienkorrespondenz bis 1526</title>
               </titleStmt>
               <publicationStmt>
                  <publisher>
                     <name>Holzhausen</name>
                  </publisher>
                  <publisher>
                     <name>Kommission für Neuere Geschichte Österreichs</name>
                  </publisher>
                  <pubPlace>Wien</pubPlace>
                  <date type="publication">1912</date>
               </publicationStmt>
            </biblFull>
         </sourceDesc>
      </fileDesc>
      <profileDesc>
         <correspDesc>
            <correspAction type="sent">
               <persName ref="nognd">Karl</persName>
               <placeName ref="nognd">Vitoria</placeName>
               <date>1524 Jänner 16</date>
            </correspAction>
            <correspAction type="received">
               <persName ref="nognd">Ferdinand</persName>
            </correspAction>
         </correspDesc>
      </profileDesc>
      <encodingDesc>
         <appInfo>
            <application ident="TEI_fromDOCX" version="2.15.0">
               <label>DOCX to TEI</label>
            </application>
         </appInfo>
      </encodingDesc>
      <revisionDesc>
         <listChange>
            <change>
               <date>2022-11-12T09:56:49Z</date>
               <name ref="nognd">Pitzer Doris</name>
            </change>
         </listChange>
      </revisionDesc>
   </teiHeader>
   <text>
      <body>
         <div n="1"><!-- letter_header -->
            <p>
               <hi rendition="#b">A56.</hi>
            </p>
            <table rend="rules">
               <row>
                  <cell>
                     <hi rendition="#i">Karl an Ferdinand.</hi>
                  </cell>
                  <cell>
                     <hi rendition="#i">1524 Jänner 16. Vitoria.</hi>
                  </cell>
               </row>
            </table>
         </div>
         <div n="2" xml:lang="de"><!-- regest_de -->
            <p>1. Ist seit vier Monaten ohne Mitteilung F’s. Bittet um häufige Nachrichten von F. Fortschritte seiner Armee in Frankreich. Kämpfe um Bayonne. 2. Wiederholt seine Bitte um Nachrichten. 3. Zur Einigung gegen die Türken Geld notwendig. Wünschte vom Schwäbischen Bund solches zu erhalten. 4. Schlägt F einen Plan vor, die deutschen Kirchen zur Zahlung eines Beitrages heranzuziehen. Überläßt die Entscheidung F. 5. F soll sich der französischen Grenze nähern und im Einverständnis mit Bourbon Burgund nehmen. 6. F soll veranlassen, daß der Reichsbann gegen Franz I. von Frankreich erlassen werde.</p>
         </div>
         <div n="3" xml:lang="en"><!-- regest_en -->
            <p>1. Has not received word from F in four months. Requests frequent updates from F. His army's successes in France. Battle of Bayonne. 2. Repeats his request for news. 3. Funds are necessary for the alliance against the Turks. Is hoping to receive funding from the Swabian League. 4. Suggests calling on German churches to make a monetary contribution. Leaves the decision up to F. 5. F shall approach the French border and take Burgundy in alliance with Bourbon. 6. F shall have the imperial ban issued against Francis I. of France.</p>
         </div>
         <div n="4"><!-- archive_desc -->
            <p>(W.) Wien, St.-A. Belgica PA. 5. Konzept mit Verbesserungen und Nachträgen von anderer Hand. Grundlage für den folgenden Abdruck. Rückwärts Adresse: <hi rendition="#i">A mon bon frere, l’archiduc, prince infante des Espaignes, duc de Bourgoigne etc.</hi>
            </p>
            <p>(B.) Brüssel, Coll. Arch. gén. Papiers de l’Etat et d’Audience. 43, Bl. 1, Kopie s. XVIII, vermutlich nach dem Original; vollständiger als (W.).</p>
            <p>Druck: Lanz, Korrespondenz 1, 80—83 nach (B.). Familienkorrespondenz Bd. 1, Nr. 56, S. 96-101.</p>
         </div>
         <div type="letter" n="5"><!-- transcription -->
            <p>Mon bon frere, il<hi rendition="#sup">a</hi>) y a plus de quatre mois passéz que je n’ai eu de voz nouvelles. Vous sçavez bien que ce me sera grand plaisir d’en estre adverti souvent et vous prie cordiallement ainsi le vouloir faire. Et pour vous dire des miennes tout amplement et cela qu’est survenu dez le partement des dernieres lettres de decembre que nagaires vous ai escript c’est du progres de mon armée assavoir que, voyant la diversité de l’iver aprèz<hi rendition="#sup">b</hi>) la prinse de la ville de <placeName xml:id="place_d62e107a1050"
                          ref="nognd"
                          resp="Abel_Laura"
                          key="Salvatierra">Salvatierra</placeName>, considerant que icelle ville estoit si avant en pays qu’elle ne se pouoit garder, je feiz razer la force et icelle habandonner, pour non faire cuirie de mes gens à mes propres ennemis. Dez led. Salvatierra, mon armée print la ville de <placeName xml:id="place_d62e110a1050"
                          ref="nognd"
                          resp="Abel_Laura"
                          key="Bidache">Vidachen</placeName> et le chasteau d’assault, tuerent ceulx qui y estoient, et le feug mis dedens de sorte que tout ce quartier en bonne grandeur a esté bien visité. De la tirarent à <placeName xml:id="place_d62e113a1050"
                          ref="nognd"
                          resp="Abel_Laura"
                          key="Ustaritz">Ostarez</placeName> que <index resp="Abel_Laura">
                  <term xml:id="index_d29e142a1051" key="Deutsche">les Allemans</term>
               </index> avoient destruit en venant, et c’est à deux lieues de <placeName xml:id="place_d62e121a1050"
                          ref="nognd"
                          resp="Abel_Laura"
                          key="Bayonne">Bayonne</placeName>, où avoie conclud faire mettre le siege, ayant tant de bonne artillerie que j’ai, mais lesd. ennemis s’en doubtans ont bruslé et gasté tout le quartier environ led. Bayonne, et de sorte que mes gens ont estéz fort constrains de famine par là entour environ six jours, et fin force leur a esté tirer à <placeName xml:id="place_d62e124a1050"
                          ref="nognd"
                          resp="Abel_Laura"
                          key="Saint-Jean-de-Luz">Saint Jehan de Lux</placeName> qu’ilz ont bruslé. Et en y venant, leur vindrent costoyer deux cens hommes d’armes François et deux mil pietons, lesquelz, voyans mes gens en ordre, sans le vouloir attendre se mirent en fuite, de sorte que lesd. François cuidarent perdre leurs mesmes pietons et y eust quelque prisonniers des leurs en petit nombre, car mes gens estoient lors en tel estat de fain qu’ilz n’eurent point de suite d’eulx. Maintenant ilz sont au siege de <placeName xml:id="place_d24e322a1050"
                          ref="nognd"
                          resp="Abel_Laura"
                          key="Hondarribia">Fontarabie</placeName>, la où je ferai tout l’effort à moi possible, et de ce que en sera vous avertirai.</p>
            <p>Mon<hi rendition="#sup">c</hi>) bon frere, je vous advertirai aussi tousiours de tout l’estat de mes affaires de sorte que vous cognoissez que ne veulx que vous soit cachée chose du monde, et sans point de faulte vous me ferez plesir de m’escripre de voz nouvelles le plus souvent que pourrez.</p>
            <p>Ausurplus,<hi rendition="#sup">d</hi>) mon frere, vous sçavez assez, et il est à tous notoire, comme tousiours m’est desir et principale affection a esté d’avoir et entretenir paix et repos<hi rendition="#sup">e</hi>) en la <index resp="Abel_Laura">
                  <term xml:id="index_d38e111a1051" key="Christenheit">chrestienté</term>
               </index>, et tout ce que j’ai<hi rendition="#sup">f</hi>) fait et presentement n’est si non tendant à l’effect de lad. paix,<hi rendition="#sup">g</hi>) moyennant laquelle les armées et forces des chrestiens se puissent joindre et unir<hi rendition="#sup">h</hi>) afin de non seullement <index resp="Abel_Laura">
                  <term xml:id="index_d41e130a1051" key="Türkenabwehr">repulser les Turcs</term>
               </index> et infideles en<hi rendition="#sup">i</hi>) leurs emprinses, mais aussi leur faire la guerre, augmenter, exaulcer et amplier la foi et relligion chrestienne. Pour à quoi parvenir plus commodement et facillement, considerant les grosses sommes de deniers qu’est innumerables que j’ai<hi rendition="#sup">j</hi>) despendu les années passées en la <index resp="Abel_Laura">
                  <term xml:id="index_d35e140a1051" key="Frankreich B">guerre contre noz ennemis François</term>
               </index>, et encoires journellement convient despendre avec gros exercice tant de gens de pied que de cheval pour contraindre nostre ennemi à la raison et venir à paix à l’effect que dessus, aussi que l’argent est le nerf et force de la guerre, et sans lequel l’on ne peut faire ne entretenir armées ni exercites, je à ceste cause ai pensé de requerir aide et assistance de ceulx qu’il me semble le pourront faire et par devoir ne le refuseront, et mesmes je desireroie que l’estat de la <index resp="Abel_Laura">
                  <term xml:id="index_d24e249a1051" key="Schwäbischer Bund">lighe de Suavve</term>
               </index> me voulsissent, comme leur chief souverain, aucteur et protecteur, succourir et aider de quelque bonne somme de deniers. Et pour à ce parvenir j’envoye presentement à mon secretaire maistre Jehan <persName xml:id="person_d52e241a1050"
                         ref="nognd"
                         resp="Abel_Laura"
                         key="Hannart">Hannart</persName>, mon ambassadeur en <index resp="Abel_Laura">
                  <term xml:id="index_d4e185a1051" key="Deutschland">Allemagne</term>
               </index>, une instruction, touchant ceste affaire, pour icelle vous bailler et monstrer, et par vostre bon conseil, ordonnance et deliberacion, et non autrement proceder et entendre en ceste affaire où quel vous prie vouloir entendre et vous employer de vostre mieulx comme j’ai ma fiance entiere a vous.</p>
            <p>Et pour les mesmes raisons devant escriptes, considerant que l’estat de l’empire pourroit estre fort bas et vuide d’argent, et ne pourroit l’on recouvrer d’icellui si tost ne promptement sommes de deniers, j’ai aussi deliberé et avec l’auctorité de <persName xml:id="person_d56e641a1050"
                         ref="nognd"
                         resp="Abel_Laura"
                         key="Klemens VII.">nostre sainct pere, le pape</persName>, ou de la mienne seulle, si faire se pouvoit et que bon vous semble<hi rendition="#sup">k</hi>) requerir, imposer et exiger aide et succours des eglises, subiectes à moi et au sainct empire, sans toutesfois les vouloir grever ni efforcer, mais les traicter le plus dolcement que sera possible. A quoi par raison ilz ne devront contredire, actendu mesmes que icelles eglises sont fondées et dotées par noz predecesseurs empereurs et rois, et que pour la deffence, augmentation et soubstenement de la foi les biens desd. eglises doivent estre employéz. Et par ce moyen pourrons lever de chacune eglise selon sa qualité quelque bon aide et prenant au deffault d’argent monnoyé ung meuble, joyau ou baghe, assavoir de une eglise metropolitaine ung joyaul en valeur de dix marcs, le marc compté pour 103 florins de Rin, de une eglise cathedrale ung joyaux ou cinq marcs d’argent, d’une eglise collegiale ung marc d’argent, d’une eglise parrochiale demi marc, d’une abbaye 10 marcs, d’ung prioré cinq marcs, et consequamment selon la qualité des eglises et benefices sans nulz excepter. Aussi y a des eveschiés subz l’empire jusques au nombre de soixante ou environ et d’abbayes, prioréz, Colleges, prevostéz, convenis de <index resp="Abel_Laura">
                  <term xml:id="index_d62e192a1051" key="Benediktinerorden">l’ordere Saint Benoist</term>
               </index>, de <index resp="Abel_Laura">
                  <term xml:id="index_d62e196a1051" key="Zisterzienserorden">l’ordre de Cisteaulx</term>
               </index>, chanoinies regulieres de Premonstier, <index resp="Abel_Laura">
                  <term xml:id="index_d62e200a1051" key="Antoniusklöster">monasteres de Saint Anthoine</term>
               </index>, des abesses, des prieuses et des eglises parrochiales en grant nombre, des chartreues fort riches et opulens, devers tous lesquelx vous pourrez aider de cestui moyen, et comme dit est, en faire user et disposer comme il vous semblera pour le mieulx. Car je le remetz entierement à vous selon que plus au long j’escriptz aud. maistre Jehan <persName xml:id="person_d52e241a1050"
                         ref="nognd"
                         resp="Abel_Laura"
                         key="Hannart">Hannart</persName>, mon ambassadeur, et n’entens que riens se faire sinon par vostre ordre, ordonnance et commandement comme mon bon frere, lieutenant et vicaire generale par tout l’empire et celui en qui j’ai ma vraie fiance totale et toute entiere.</p>
            <p>Mon frere, je vous ai escript nagaires du depesche de <persName xml:id="person_d52e141a1050"
                         ref="nognd"
                         resp="Abel_Laura"
                         key="Croÿ, Adrien de">Beaurain</persName> devers mons<hi rendition="#sup">r</hi> de <persName xml:id="person_d54e97a1050"
                         ref="nognd"
                         resp="Abel_Laura"
                         key="Bourbon">Bourbon</persName>. J’atens sçavoir des nouvelles du son besogne, duquel led. Beaurain vous advertira souvent, et ferez bien<hi rendition="#sup">l</hi>) de lui escripre aussi souvent, car j’espere que serez prouchain de ce cartier la et dont je vous prie tres affectueusement pour ce que vous, estant voisin de la frontiere de noz <index resp="Abel_Laura">
                  <term xml:id="index_d7e168a1051" key="Frankreich">ennemiz François</term>
               </index>. Vostre presence servira beaucop à noz commungs affaires et y donnera grosse faveur et reputacion. Et si par les moyens de gens et d’argent que sont ci-dessus declairéz et par l’intelligence que aussi pourrez prendre avec led. s<hi rendition="#sup">r</hi> de Bourbon et mon armée d’<index resp="Abel_Laura">
                  <term xml:id="index_d35e144a1051" key="Italien">Ytalie</term>
               </index> que marchera avant pouiez secretement emprendre et parvenir ceste prouchaine saison à la conqueste de la <index resp="Abel_Laura">
                  <term xml:id="index_d37e259a1051" key="Burgund, Herzogtum">duché de Bourgoigne</term>
               </index>, comment aultrefoiz vous ai escript. Ce vous seroit chose grandement honnorable, prouffitable et à moi tres agreable, ainsi que pouez penser. Je remetz l’affaire à vous et à la bonne affection que je crois fermement y avez pour l’honneur de vous et de moi. Car de vous en escripre souvent vous sçavez qu’il y a trop long de l’ung à l’aultre et devroit estre le cop baillé et executé avant que actendre responce ni nouvelle de moi que suis si longtain et vous baillo<hi rendition="#sup">m</hi>) les moyens que je puis avoir, et si en avoir aultres les vous bailleroie.<hi rendition="#sup">n</hi>)</p>
            <p>Aussi,<hi rendition="#sup">o</hi>) mon frere, par mes lettres en allemand je vous escriptz et à <index resp="Christopher_F._Laferl">
                  <term xml:id="index_d32e267a1051" key="HRR, Reichskammergericht">ma chambre imperialle </term>
               </index>pour faire proceder au ban imperial et confiscation contre led. <persName xml:id="person_d24e327a1050"
                         ref="nognd"
                         resp="Abel_Laura"
                         key="Franz I.">roi François</persName>, nostre ennemi, des terres qu’il usurpe et occupe subgectes de l’empire,<hi rendition="#sup">p</hi>) si comme du royaume d’<placeName xml:id="place_d62e258a1050"
                          ref="nognd"
                          resp="Laferl_Christopher"
                          key="Arles">Arles</placeName> et <placeName xml:id="place_d62e262a1050"
                          ref="nognd"
                          resp="Laferl_Christopher"
                          key="Dauphiné">Dauphiné</placeName>, <placeName xml:id="place_d62e265a1050"
                          ref="nognd"
                          resp="Abel_Laura"
                          key="Lyonnais">Lyonnois</placeName>, <placeName xml:id="place_d62e268a1050"
                          ref="nognd"
                          resp="Abel_Laura"
                          key="Valence">contéz de Valance</placeName>, <placeName xml:id="place_d62e271a1050"
                          ref="nognd"
                          resp="Abel_Laura"
                          key="Diois">d’Yois</placeName>, <placeName xml:id="place_d52e190a1050"
                          ref="nognd"
                          resp="Abel_Laura"
                          key="Provence">Provance</placeName>, <placeName xml:id="place_d62e277a1050"
                          ref="nognd"
                          resp="Abel_Laura"
                          key="Orange, Fürstentum">principaulté d’Oranges</placeName>, <placeName xml:id="place_d62e281a1050"
                          ref="nognd"
                          resp="Abel_Laura"
                          key="Montélimar">Monteslimar</placeName>, seigneuries de <placeName xml:id="place_d62e284a1050"
                          ref="nognd"
                          resp="Christopher_F._Laferl"
                          key="Mousson (?)">Moson</placeName>, de <placeName xml:id="place_d39e117a1050"
                          ref="nognd"
                          resp="Abel_Laura"
                          key="Mézières">Masieres</placeName> et aultres pays qu’il occupe et dont il m’est rebelle subgect et a commis felonnie pour avoir commencé <index resp="Abel_Laura">
                  <term xml:id="index_d35e140a1051" key="Frankreich B">la guerre</term>
               </index> contre moi. Je vous prie que sans delai ni actendre consulte vers moi vous entendez à ceste matiere de la faire pousser oultre comme mon lieutenant general et ordonner les adjournement, sentence et condempnacion à la forme de l’empire ainsi que par mad. lectre en allemand je vous escriptz de sorte qu’il en soit bruit et renommée par tout le monde et sache nostred. ennemi ceste procedure avec les ceremonies en tel cas necessaires et accoustumées et vaille ce que pourra valoir ou temps advenir avec l’execution que mad. armée d’<index resp="Abel_Laura">
                  <term xml:id="index_d35e144a1051" key="Italien">Ytalie</term>
               </index> y pourra faire, vous priant de rechief prendre ceste affaire à ceur, et que j’aie de vous nouvelles le plus souvent que pourrez. Et je ferai le semblable, priant dieu atant que, mon bon frere, vous doint ce que plus desirez.</p>
            <p>Escript à <placeName xml:id="place_d62e300a1050"
                          ref="nognd"
                          resp="Abel_Laura"
                          key="Vitoria-Gasteiz">Vittoria</placeName>, le 16<hi rendition="#sup">e</hi> de janvier 24.</p>
         </div>
         <div n="6"><!-- commentary -->
            <p>a) <hi rendition="#i">Il y a — l’iver </hi>in W an der Seite nachgetragen. - b) <hi rendition="#i">aprèz — sera vous avertirai</hi> fehlt in W.</p>
            <p>K, der, um dem Kriegsschauplätze näher zu sein, von <placeName xml:id="place_d54e153a1050"
                          ref="nognd"
                          resp="Abel_Laura"
                          key="Pamplona">Pamplona</placeName> nach <placeName xml:id="place_d62e300a1050"
                          ref="nognd"
                          resp="Abel_Laura"
                          key="Vitoria-Gasteiz">Vittoria</placeName> zog, hatte mit seinem Heere eigentlich weniger erreicht, als man nach dem vorliegenden Berichte meinen könnte. Wenn man <persName xml:id="person_d27e101a1050"
                         ref="nognd"
                         resp="Abel_Laura"
                         key="Salinas">Salinas</persName> glauben darf, so waren die eroberten Schlösser samt der Stadt Salvatierra von keiner Wichtigkeit. Der Hauptschlag aber, der gegen Bayonne, mißlang, wie man aus dem Briefe K’s entnimmt, und doch hätte ein Erfolg in dieser Hinsicht auf die Belagerten in Fuenterrabia den größten Eindruck machen müssen. Villa, S. 161 f. </p>
            <p>c) in W Absatz 2] an der Seite nachgetragen.</p>
            <p>d) <hi rendition="#i">Ausurplus, mon frere</hi> fehlt in W. - e) ursprünglich <hi rendition="#i">entre les chrestiens </hi>W<hi rendition="#i">.</hi> - f) W ursprünglich <hi rendition="#i">avons fait et faisons</hi>. - g) in W folgt durchgestrichen <hi rendition="#i">qu’elle en lad. chrestienté, affin que ayant icelle, les et.</hi> - h) W durchgestrichen <hi rendition="#i">amasser.</hi> - i) W durchgestrichen <hi rendition="#i">resister à</hi>. - j) W ursprünglich <hi rendition="#i">nous avons despendu ceste lʼannée.</hi>
            </p>
            <p>Den Schwäbischen Bund zur Türkenhilfe heranzuziehen, hatte K keinen günstigen Augenblick gewählt. Einerseits war gerade in den führenden Bundesständen ein gewisser Argwohn gegen <index resp="Abel_Laura">
                  <term xml:id="index_d22e125a1051" key="Österreich">Österreich</term>
               </index> lebendig, andererseits bestand zwischen dem Bund und dem <index resp="Abel_Laura">
                  <term xml:id="index_d24e259a1051" key="HRR, Regiment">Reichsregiment</term>
               </index> eben damals eine feindliche Spannung, die zu verschiedenen Beschwerden und gegenseitigen Anklagen führte. Notizenbl. 2 (1852), S. 81 ff., und DRA 4, S. 18, 28 usw.</p>
            <p>k) <hi rendition="#i">semblat</hi> B.</p>
            <p>Die Einführung einer außerordentlichen <index resp="Abel_Laura">
                  <term xml:id="index_d62e372a1051" key="HRR, Kirchensteuer">Reichskirchensteuer</term>
               </index> aus Anlaß der <index resp="Abel_Laura">
                  <term xml:id="index_d41e130a1051" key="Türkenabwehr">Türkengefahr</term>
               </index> drang nicht durch. Vielleicht war der Gedanke an den <index resp="Abel_Laura">
                  <term xml:id="index_d56e316a1051" key="HRR, Gemeiner Pfennig">Gemeinen Pfennig</term>
               </index>, den auch die Geistlichen und Klöster zu entrichten hatten, für K und dessen Räte mitbestimmend für diesen Plan. Die Meinung, daß die Kirchen als Gründungen der deutschen Kaiser und Könige zu Leistungen für die Verteidigung und Ausbreitung des <index resp="Abel_Laura">
                  <term xml:id="index_d38e111a1051" key="Christenheit">christlichen Glaubens</term>
               </index> herangezogen werden können, klingt an mittelalterliche Anschauungen betreffs des Reichskirchengutes an. Schröder, Lehrbuch der deutschen Rechtsgesch., S. 506 f.</p>
            <p>l) In W verwischt. - m) In W hier ein Loch im Papier. - n) Aus B nachgetragen. </p>
            <p>Schon in Nr. A46 wurde F von K aufgefordert, sich Burgunds zu bemächtigen. Immer kehrt von seiten des kaiserlichen Hofes die Klage wieder, daß F so fern vom Schauplatze des Krieges sei. Villa, S. 155. Trotzdem verweigerte man F zu seinem großen Leidwesen ein bestimmtes Kommando. — Über den Inhalt der Sendung Beaurains an Bourbon schreibt K am 15. Dezember aus <placeName xml:id="place_d54e153a1050"
                          ref="nognd"
                          resp="Abel_Laura"
                          key="Pamplona">Pamplona</placeName> an <persName xml:id="person_d13e136a1050"
                         ref="nognd"
                         resp="Abel_Laura"
                         key="Mg">Mg</persName>: ,<hi rendition="#i">Et afin que sachez la responce que je fais presentement aud. s</hi>
               <hi rendition="#i #sup">r</hi>
               <hi rendition="#i"> de Bourbon: J’envoye le s</hi>
               <hi rendition="#i #sup">r</hi>
               <hi rendition="#i"> de Beaurain et led. </hi>
               <persName xml:id="person_d62e406a1050"
                         ref="nognd"
                         resp="Abel_Laura"
                         key="Lurssy, Gesandter K’s bei Bourbon">
                  <hi rendition="#i">Lurssy</hi>
               </persName>
               <hi rendition="#i"> devers lui en Ytalie, en cas que devant leur partement de Barcellonne il n’y fist desia arrivé et ai donné charge aud. Beaurain qu’il se haste pour le trouver en Ytalie, s’il est possible, et que avec le </hi>
               <persName xml:id="person_d27e663a1050"
                         ref="nognd"
                         resp="Abel_Laura"
                         key="Lannoy">
                  <hi rendition="#i">viceroi de Naples</hi>
               </persName>
               <hi rendition="#i"> il persuade aud. s</hi>
               <hi rendition="#i #sup">r</hi>
               <hi rendition="#i"> de Bourbon d’emprendre la guerre par le Dauphiné ou Provence à ceste prima vera, comme j’espere qu’il fera. Et afin qu’il ne soit sans charge, lui ai envoyé commission de mon lieutenant general, representant ma propre personne en mon armée. Et si ai donné ordre pour lui faire furnir le complement de ses cent mille escuz. J’escriptz aud. </hi>
               <persName xml:id="person_d62e421a1050"
                         ref="nognd"
                         resp="Abel_Laura"
                         key="Praet">
                  <hi rendition="#i">s</hi>
                  <hi rendition="#i #sup">r</hi>
                  <hi rendition="#i"> de Praet</hi>
               </persName>
               <hi rendition="#i">, mon ambassadeur, qu’il sollicite le semblable en </hi>
               <index resp="Abel_Laura">
                  <term xml:id="index_d29e104a1051" key="England"/>
               </index>
               <hi rendition="#i">, comm’il est bien de besoing pour conserver led. s</hi>
               <hi rendition="#i #sup">r</hi>
               <hi rendition="#i"> de Bourbon en nostre alliance et service, et que trouveroie bon que ne feissions plus tant de diverses armées, car vous voyez, comm’il en succede, et que pour la difficulté des passages l’on ne peut avoir nouvelles l’ung de l’autre comm’il seroit necessaire pour selon ce dresser les affaires chacun à son endroit, parquoi vauldroit mieulx faire une bonne armée. En laquelle chacun de nous contribuast par moitié et que par l’advis dud. s</hi>
               <hi rendition="#i #sup">r</hi>
               <hi rendition="#i"> de Bourbon l’on regardast en lieu, par où lad. armée pourroit entrer. Et si sembloit que celle que j’ai en Italie, comme dit est, seroit la plus propice, y ayant les bons capitaines que ici ai avec ung bon nombre d’</hi>
               <index resp="Abel_Laura">
                  <term xml:id="index_d11e144a1051" key="Spanien"/>
               </index>
               <hi rendition="#i"> et </hi>
               <index resp="Abel_Laura">
                  <term xml:id="index_d29e142a1051" key="Deutsche"/>
               </index>
               <hi rendition="#i"> et que led. s</hi>
               <hi rendition="#i #sup">r</hi>
               <hi rendition="#i"> de Bourbon et ses amis et alliéz se joingnissent avec eulx, je en seroie tres-content et le desire fort, et c’est cela à quoi maintenant je pretens.ʻ</hi> Es folgen dann Vorschläge wegen der Geldbeschaffung (Wien, St.-A. Belgica PA 15).</p>
            <p>o) In W <hi rendition="#i">aussi – à ceur et</hi> am Schlusse des Konzepts nachgetragen. - p) W ausgestrichen: <hi rendition="#i">non seullement de son royaume que du droit y est subgect</hi>.</p>
            <p>Der Prozeß, den auf K’s Wunsch und F’s Betreiben das <index resp="Abel_Laura">
                  <term xml:id="index_d32e267a1051" key="HRR, Reichskammergericht">Reichskammergericht</term>
               </index> gegen den Kg von Frankreich ,<hi rendition="#i">von wegen underlassner erkanntnuss der lehen stuck, so er von Irer M</hi>
               <hi rendition="#i #sup">t</hi>
               <hi rendition="#i"> und dem heiligen reich zu lehen tregt und offenbarer rebellion ungehorsamer und freveler thatten gegen Irer kay. M</hi>
               <hi rendition="#i #sup">t</hi>
               <hi rendition="#i">geubt zu privierung und entsaczungʻ</hi> ging nicht so rasch vonstatten, als K es offenbar gewünscht hatte. Das Schreiben K’s an das Reichsregiment trug das Datum 15. Jänner, aber erst am 15. Oktober richtete das Regiment an F die Bitte um Herbeischaffung des notwendigen Prozeßmaterials. Notizenbl. 2, S. 247 ff.</p>
         </div>
      </body>
   </text>
</TEI>
