<?xml version="1.0" encoding="UTF-8"?>
<TEI xmlns="http://www.tei-c.org/ns/1.0">
   <teiHeader>
      <fileDesc>
         <titleStmt>
            <title type="main">A58</title>
            <title type="sub">Ferdinand an Maria, 1524 Februar 18, Nürnberg.</title>
            <author>
               <persName ref="nognd">Ferdinand</persName>
            </author>
         </titleStmt>
         <editionStmt>
            <edition>Vollständige digitalisierte Ausgabe</edition>
         </editionStmt>
         <publicationStmt>
            <publisher xml:id="nnnn">
               <orgName role="hostingInstitution">Universität Salzburg</orgName>
               <orgName role="project">Edition der Familienkorrespondenz Ferdinands I.</orgName>
               <address>
                  <addrLine>Paris Lodron Universität Salzburg PLUS</addrLine>
                  <addrLine>Kapitelgasse 4</addrLine>
                  <addrLine>A-5020 Salzburg - Österreich</addrLine>
               </address>
            </publisher>
            <pubPlace>Salzburg</pubPlace>
            <date type="publication">2015-07-09</date>
            <availability>
               <licence target="https://creativecommons.org/licenses/by/3.0/">
                  <p>Creative Commons BY 3.0</p>
               </licence>
            </availability>
            <idno type="DOI">nnnn</idno>
         </publicationStmt>
         <sourceDesc>
            <bibl type="MS">Die Korrespondenz Ferdinands I. Familienkorrespondenz bis 1526</bibl>
            <biblFull>
               <titleStmt>
                  <title type="main">Die Korrespondenz Ferdinands I. Familienkorrespondenz bis 1526</title>
               </titleStmt>
               <publicationStmt>
                  <publisher>
                     <name>Holzhausen</name>
                  </publisher>
                  <publisher>
                     <name>Kommission für Neuere Geschichte Österreichs</name>
                  </publisher>
                  <pubPlace>Wien</pubPlace>
                  <date type="publication">1912</date>
               </publicationStmt>
            </biblFull>
         </sourceDesc>
      </fileDesc>
      <profileDesc>
         <correspDesc>
            <correspAction type="sent">
               <persName ref="nognd">Ferdinand</persName>
               <placeName ref="nognd">Nürnberg</placeName>
               <date>1524 Februar 18</date>
            </correspAction>
            <correspAction type="received">
               <persName ref="nognd">Maria</persName>
            </correspAction>
         </correspDesc>
      </profileDesc>
      <encodingDesc>
         <appInfo>
            <application ident="TEI_fromDOCX" version="2.15.0">
               <label>DOCX to TEI</label>
            </application>
         </appInfo>
      </encodingDesc>
      <revisionDesc>
         <listChange>
            <change>
               <date>2022-11-12T09:57:02Z</date>
               <name ref="nognd">Pitzer Doris</name>
            </change>
         </listChange>
      </revisionDesc>
   </teiHeader>
   <text>
      <body>
         <div n="1"><!-- letter_header -->
            <p>
               <hi rendition="#b">A58</hi>
            </p>
            <table rend="rules">
               <row>
                  <cell>
                     <hi rendition="#i">Ferdinand an Maria</hi>
                  </cell>
                  <cell>
                     <hi rendition="#i">1524 Februar 18. Nürnberg.</hi>
                  </cell>
               </row>
            </table>
         </div>
         <div n="2" xml:lang="de"><!-- regest_de -->
            <p>Obgleich er nur ungern <persName xml:id="person_d24e180a1050"
                         ref="nognd"
                         resp="Hofer-Bindeus_Johannes"
                         key="Burgo">Andreas de Burgo</persName>, <hi rendition="#i">comiti Castellionis</hi>, Erlaubnis gab, <index resp="Abel_Laura">
                  <term xml:id="index_d20e162a1051" key="Ungarn">Ungarn</term>
               </index> zu verlassen, so konnte er ihm schließlich sein Verlangen, nach Hause zurückzukehren, nicht abschlagen und willigte ein, daß er den Sommer dort verbringe. Da aber wichtige Geschäfte dazwischenkamen, die den Kaiser, ihn, M und die ganze <index resp="Abel_Laura">
                  <term xml:id="index_d38e111a1051" key="Christenheit">Christenheit</term>
               </index> betreffen, ist er gezwungen, Burgo, <hi rendition="#i">quamvis persona et aliis male dispositum</hi>, an den Kaiser zu senden. Da Burgo F’s und M’s gemeinsame Anliegen kennt, gibt er ihr dessen Abreise bekannt, damit sie Burgo eventuell Aufträge, besonders in der <index resp="Abel_Laura">
                  <term xml:id="index_d24e226a1051" key="Türken">Türkensache</term>
               </index>, erteilen und eine Beglaubigung senden könne. Sie müßte aber solche Aufträge an die Regenten in Wien senden, damit sie diese an die Innsbrucker Regenten mit der Post befördern und dann nach <placeName xml:id="place_d56e723a1050"
                          ref="nognd"
                          resp="Abel_Laura"
                          key="Enna, Schloss in Südtirol">Schloß Enn</placeName> weitergeben, wo sie spätestens am 15. April einlangen müssen.</p>
            <p>Empfiehlt ihr schließlich Burgo wegen seiner großen Verdienste um Maximilian, Ferdinand den Katholischen, Philipp, Karl usw.</p>
         </div>
         <div n="3" xml:lang="en"><!-- regest_en -->
            <p>Although he was reluctant to let Andreas de Burgo, <hi rendition="#i">comiti Castellionis</hi>, leave Hungary, he was unable to refuse his request to return home and allowed him to spend the summer there. However, urgent business has arisen concerning the Emperor, himself, M and all of Christendom, so he has been forced to send Burgo, <hi rendition="#i">quamvis persona et aliis male dispositum,</hi> to see the Emperor. As Burgo is familiar with both F and M's affairs and interests, he is informing her about his departure so that she can give him instructions, particularly concering the matter of the Turks, as well as accreditation. She will, however, need to send any such instructions to the regents in Vienna, so that they can be forwarded to the regents in Innsbruck and then on to Castle Enn, where they must arrive by April 15. Finally, he commends Burgo to her due to his services regarding Maximilian, Ferdinand the Catholic, Philipp, Charles etc.</p>
         </div>
         <div n="4"><!-- archive_desc -->
            <p>Wien, St.-A. Hungarica 1. Original mit eigenhändiger Unterschrift : <hi rendition="#i">Vostre bon et humble frere Ferdinandus.</hi> Siegel. Rückwärts Adresse: <hi rendition="#i">Ser</hi>
               <hi rendition="#i #sup">me</hi>
               <hi rendition="#i">principi, domine Marie Hungarie et Boemie etc. regine, marchionisse Moravie etc., sorori nostre char</hi>
               <hi rendition="#i #sup">me</hi>
               <hi rendition="#i">.</hi> — Als Datum: <hi rendition="#i">Datum</hi>
               <placeName xml:id="place_d24e270a1050"
                          ref="nognd"
                          resp="Hofer-Bindeus_Johannes"
                          key="Nürnberg">
                  <hi rendition="#i">Noremberge</hi>
               </placeName>
               <hi rendition="#i">, die 18 mensis februarii, anno domini 1524</hi>
               <hi rendition="#i #sup">to</hi>.</p>
            <p>Druck: Firnhaber, Quellen und Forschungen, S. 107f.; teilweise bei Stoegmann, S. 225f.  Familienkorrespondenz Bd. 1, Nr. 58, S. 102.</p>
         </div>
         <div n="6"><!-- commentary -->
            <p>F hatte mit der Abberufung Burgos, die bereits im Oktober 1523 erfolgte, einen lang gehegten Wunsch, des Gesandten selbst erfüllt. Enn in Tirol war das Schloß Burgos. Stoegmann, S. 168. Über die Absicht F's, Burgo nach Spanien zum Kaiser zu senden, vgl. Nr. A53.</p>
         </div>
      </body>
   </text>
</TEI>
