<?xml version="1.0" encoding="UTF-8"?>
<TEI xmlns="http://www.tei-c.org/ns/1.0">
   <teiHeader>
      <fileDesc>
         <titleStmt>
            <title type="main">A71.</title>
            <title type="sub">Ferdinand an Margareta, 1524 Juni 8, Stuttgart.</title>
            <author>
               <persName ref="nognd">Ferdinand</persName>
            </author>
         </titleStmt>
         <editionStmt>
            <edition>Vollständige digitalisierte Ausgabe</edition>
         </editionStmt>
         <publicationStmt>
            <publisher xml:id="nnnn">
               <orgName role="hostingInstitution">Universität Salzburg</orgName>
               <orgName role="project">Edition der Familienkorrespondenz Ferdinands I.</orgName>
               <address>
                  <addrLine>Paris Lodron Universität Salzburg PLUS</addrLine>
                  <addrLine>Kapitelgasse 4</addrLine>
                  <addrLine>A-5020 Salzburg - Österreich</addrLine>
               </address>
            </publisher>
            <pubPlace>Salzburg</pubPlace>
            <date type="publication">2015-07-09</date>
            <availability>
               <licence target="https://creativecommons.org/licenses/by/3.0/">
                  <p>Creative Commons BY 3.0</p>
               </licence>
            </availability>
            <idno type="DOI">nnnn</idno>
         </publicationStmt>
         <sourceDesc>
            <bibl type="MS">Die Korrespondenz Ferdinands I. Familienkorrespondenz bis 1526</bibl>
            <biblFull>
               <titleStmt>
                  <title type="main">Die Korrespondenz Ferdinands I. Familienkorrespondenz bis 1526</title>
               </titleStmt>
               <publicationStmt>
                  <publisher>
                     <name>Holzhausen</name>
                  </publisher>
                  <publisher>
                     <name>Kommission für Neuere Geschichte Österreichs</name>
                  </publisher>
                  <pubPlace>Wien</pubPlace>
                  <date type="publication">1912</date>
               </publicationStmt>
            </biblFull>
         </sourceDesc>
      </fileDesc>
      <profileDesc>
         <correspDesc>
            <correspAction type="sent">
               <persName ref="nognd">Ferdinand</persName>
               <placeName ref="nognd">Stuttgart</placeName>
               <date>1524 Juni 8</date>
            </correspAction>
            <correspAction type="received">
               <persName ref="nognd">Margareta</persName>
            </correspAction>
         </correspDesc>
      </profileDesc>
      <encodingDesc>
         <appInfo>
            <application ident="TEI_fromDOCX" version="2.15.0">
               <label>DOCX to TEI</label>
            </application>
         </appInfo>
      </encodingDesc>
      <revisionDesc>
         <listChange>
            <change>
               <date>2022-11-12T09:58:22Z</date>
               <name ref="nognd">Pitzer Doris</name>
            </change>
         </listChange>
      </revisionDesc>
   </teiHeader>
   <text>
      <body>
         <div n="1"><!-- letter_header -->
            <p>
               <hi rendition="#b">A71.</hi>
            </p>
            <table rend="rules">
               <row>
                  <cell>
                     <hi rendition="#i">Ferdinand an Margareta.</hi>
                  </cell>
                  <cell>
                     <hi rendition="#i">1524 Juni 8. Stuttgart.</hi>
                  </cell>
               </row>
            </table>
         </div>
         <div n="2" xml:lang="de"><!-- regest_de -->
            <p>1. Empfing ihr Schreiben vom 28. Mai. Nachrichten von K. 2. Wünscht Mitteilungen über die Sendung des EB von Kapua. 3. Erbeinigung mit der Schweiz. Aufforderung zur Beitragsleistung. 4. Seine bevorstehende Abreise nach Österreich.</p>
         </div>
         <div n="3" xml:lang="en"><!-- regest_en -->
            <p>1. Has received her letter dated May 28. News from K. 2. Requests information regarding the deployment of the Archbishop of Capua. 3. Hereditary alliance with Switzerland. Demand for contribution. 4. His impending travels to Austria.</p>
         </div>
         <div n="4"><!-- archive_desc -->
            <p>Lille, Arch. Département. Lettres missives, portf. 48. Original.</p>
            <p>Druck: Familienkorrespondenz Bd. 1, Nr. 71, S. 136-138.</p>
         </div>
         <div type="letter" n="5"><!-- transcription -->
            <p>M<hi rendition="#sup">me</hi>, j’ai receu vostre lettre du 28<hi rendition="#sup">e</hi> de mai passé ensemble ung pacquet de l’empereur mons<hi rendition="#sup">r</hi>, par lequel sa m<hi rendition="#sup">te</hi> m’avertit de sa bonne santé, prosperité et bonnes nouvelles et me semble par ses lettres qu’il y ait quelque apparence de <index resp="Christopher_F._Laferl">
                  <term xml:id="index_d35e140a1051" key="Frankreich B">treves</term>
               </index>, si ce n’est, que ayant entendu du bon subces des affaires d’<index resp="Abel_Laura">
                  <term xml:id="index_d35e144a1051" key="Italien">Ytalie</term>
               </index>, il veulle change d’opinion et poursuir sa bonne fortune.</p>
            <p>Quant à <persName xml:id="person_d75e157a1050"
                         ref="nognd"
                         resp="Abel_Laura"
                         key="Schönberg, Nikolaus von">l’archevesque de Capue</persName>, je vous prie, m<hi rendition="#sup">me</hi>, que, quant serez averti de son besoingne en <index resp="Abel_Laura">
                  <term xml:id="index_d29e104a1051" key="England">Angleterre</term>
               </index>, me vouloir participer de ce qu’il y aura fait.</p>
            <p>Touchant la <index resp="Abel_Laura">
                  <term xml:id="index_d66e105a1051"
                        key="Erbeinung zwischen der Schweiz und den Habsburgern">ligue hereditaire</term>
               </index> avec les <index resp="Abel_Laura">
                  <term xml:id="index_d24e129a1051" key="Schweiz">Suisses</term>
               </index>, vous avise, m<hi rendition="#sup">me</hi>, que pour ma part ai fait provision et paiement de la moitié de la pension de deux années que monte à 2700 florins d’or. Si vous trouvez, m<hi rendition="#sup">me</hi>, que ce soit le prouffit et seurté de vostre <index resp="Abel_Laura">
                  <term xml:id="index_d27e332a1051" key="Burgund, Freigrafschaft">conté de Bourgoigne</term>
               </index>, ferez bien de faire le semblable paiement et si j’ai laissé à vous plustost faire responce en cest affaire a esté pour ce que estimoie, veu que si souvent le vous avoie escript et averti que desia en eussies de vostre part fait la provision y neccessaire.</p>
            <p>Des nouvelles de pardeça il n’y a, m<hi rendition="#sup">me</hi>, chose, sinon, que consideré les grans affaires qu’ai en <index resp="Abel_Laura">
                  <term xml:id="index_d22e125a1051" key="Österreich">Austrice</term>
               </index> tant a cause de <index resp="Abel_Laura">
                  <term xml:id="index_d41e130a1051" key="Türkenabwehr">la guerre contre </term>
               </index>
               <persName xml:id="person_d29e215a1050"
                         ref="nognd"
                         resp="Abel_Laura"
                         key="Süleyman I.">le Turc</persName> comme d’autres choses, m’est neccessaire tirer celle part, et j’espere partir à l’aide de dieu deans quinze jours. A tant m<hi rendition="#sup">me</hi>, ma bonne tante, je prie dieu qui vous doint bonne vie et longue.</p>
            <p>De <placeName xml:id="place_d77e170a1050"
                          ref="nognd"
                          resp="Abel_Laura"
                          key="Stuttgart">Stocquart</placeName>, ce 8<hi rendition="#sup">e</hi> de jung a<hi rendition="#sup">o</hi> 24.</p>
            <p>Vostre<hi rendition="#sup">a</hi>) bon et humble nepveur</p>
            <p>Ferdinandus.</p>
         </div>
         <div n="6"><!-- commentary -->
            <p>Der Brief Mg’s vom 28. Mai nicht aufzufinden.</p>
            <p>Die Sendung des EB von Kapua, Nikolaus von Schönberg, zum Kaiser usw. wird bereits in Nr. A69 erwähnt. Er wurde auch nach England geschickt, da dieses „am wenigsten sachliche und ernstgemeinte Absichten bei der Sache habe und darum viel leichter als die beiden anderen für den Frieden zu stimmen sein dürfte“. St. Ehser, Histor. Jahrb. 6, S. 572, 574. — Nikolaus, der am 15. April nach <placeName xml:id="place_d52e222a1050"
                          ref="nognd"
                          resp="Abel_Laura"
                          key="Burgos">Burgos</placeName> (Villa, S. 185) und Mitte Mai nach <placeName xml:id="place_d75e292a1050"
                          ref="nognd"
                          resp="Abel_Laura"
                          key="London">London</placeName> kam, traf am 16. Juni bereits in <placeName xml:id="place_d27e374a1050"
                          ref="nognd"
                          resp="Abel_Laura"
                          key="Rom">Rom</placeName> ein. Seine Mission verlief erfolglos. Pastor 4, 2, S. 181.</p>
            <p>In der Sache der schweizerischen Erbeinigung schrieb Mg am 21. Februar 1524 aus Mecheln an K: „II [Ferdinand] <hi rendition="#i">m’escripvoit aussi de la pencion des Suisses, comme si elle deust estre à vostre charge. Je l’en renvoye au </hi>
               <persName xml:id="person_d52e241a1050"
                         ref="nognd"
                         resp="Abel_Laura"
                         key="Hannart">
                  <hi rendition="#i">viconte Hannart</hi>
               </persName>
               <hi rendition="#i"> et que de lui a esté à l’accord de lad. pencion. Il entendera que elle soit à sa charge et ainsi le m’a declairé led. viconte, combien que puis son partement </hi>
               <persName xml:id="person_d22e158a1050"
                         ref="nognd"
                         resp="Abel_Laura"
                         key="Villinger, Jakob">
                  <hi rendition="#i">Villingher</hi>
               </persName>
               <hi rendition="#i"> en ait autrement escript au </hi>
               <persName xml:id="person_d44e234a1050"
                         ref="nognd"
                         resp="Abel_Laura"
                         key="Hoogstraten, Anton von Lalaing, Graf von">
                  <hi rendition="#i">conte Hoochstrate</hi>
               </persName>
               <hi rendition="#i">.“</hi> In einer Nachschrift fügt Mg folgende Mitteilung bei: <hi rendition="#i">„Mons</hi>
               <hi rendition="#i #sup">r</hi>
               <hi rendition="#i">m’escript qu’il ait communiquer aud. Hannart de la pencion des Suisses et. que de lui il n’ait entendu chose, par laquelle il ait peu cognoistre que la pencion des Suisses doie tourner à sa charge, mais qu’il ait recouvré les lettres de la constitucion de lad. pencion, les ait fait visiter par aucuns de son conseil et que ceulx de la lui aient declaré qu’il n’y soit en riens tenu. Et affin que j’entende le semblable, m’a envoyé le double desd. lettres. Lesquelles que ceulx de vostre conseil les puissent entendre, j’ai ordonné translater en François pour ce fait les veoir et entendre les vous envoyer et nostre advis.“ </hi>(Wien, St.-A., Belg. PA. 16. Original). — K befahl dann in einem Schreiben aus Burgos vom 23. März: <hi rendition="#i">„Et quant à la seurté et entretenement de la lighe hereditaire que j’ai avec lesd. des lighes pour mes </hi>
               <index resp="Abel_Laura">
                  <term xml:id="index_d66e113a1051" key="Österreich, Haus"/>
               </index>
               <hi rendition="#i"> et de </hi>
               <index resp="Abel_Laura">
                  <term xml:id="index_d66e109a1051" key="Burgund, Haus"/>
               </index>
               <hi rendition="#i">, laquelle bien entretenue seroit en satisfaisant au deu de la pension à eulx accourdée à cause de lad. lighe, vous vouldroie prier pour le bien principal de ceste affaire que incontinent faictes donner ordre pour le paiement de ce qu’en pourroit toucher à cause de vostred. Bourgoingne et au semblable faire solliciter vers mon frere, l’archiduc, pour sa porcion de nostre maison d’Austrice dont vous lui pourrez escripre et pourveoir de sorte que à faulte de ce par diversité de temps et grosse somme qui croit par arceraiges inconvenient n’en advienne.“</hi> (Ebenda, Konz.) Doch die burgundischen Stände und Mg selbst sträubten sich gegen jede Beitragsleistung. <hi rendition="#i">„Non feroient ilz à la pencion des Suisses et aussi, comme j’entens ni sont ilz tenus ne feust le conté Bourgoingne à rate avec les pays d’Austrice. Ce que mons</hi>
               <hi rendition="#i #sup">r </hi>
               <hi rendition="#i">vostre frere ne </hi>
               <persName xml:id="person_d31e160a1050"
                         ref="nognd"
                         resp="Abel_Laura"
                         key="Salamanca">
                  <hi rendition="#i">Salamanca</hi>
               </persName>
               <hi rendition="#i"> ne veullent entendre, quelque chose que led. viconte, comme il m’escript, leur ait sceu dire ou remonstrer.“</hi> schreibt Mg am 4. April aus Mecheln an K (ebenda, Original).</p>
            <p>a) von <hi rendition="#i">vostre</hi> an eigenhändig. </p>
         </div>
      </body>
   </text>
</TEI>
