<?xml version="1.0" encoding="UTF-8"?>
<TEI xmlns="http://www.tei-c.org/ns/1.0">
   <teiHeader>
      <fileDesc>
         <titleStmt>
            <title type="main">A78.</title>
            <title type="sub">Ferdinand an Karl, 1524 Juni 29, Regensburg.</title>
            <author>
               <persName ref="nognd">Ferdinand</persName>
            </author>
         </titleStmt>
         <editionStmt>
            <edition>Vollständige digitalisierte Ausgabe</edition>
         </editionStmt>
         <publicationStmt>
            <publisher xml:id="nnnn">
               <orgName role="hostingInstitution">Universität Salzburg</orgName>
               <orgName role="project">Edition der Familienkorrespondenz Ferdinands I.</orgName>
               <address>
                  <addrLine>Paris Lodron Universität Salzburg PLUS</addrLine>
                  <addrLine>Kapitelgasse 4</addrLine>
                  <addrLine>A-5020 Salzburg - Österreich</addrLine>
               </address>
            </publisher>
            <pubPlace>Salzburg</pubPlace>
            <date type="publication">2015-07-09</date>
            <availability>
               <licence target="https://creativecommons.org/licenses/by/3.0/">
                  <p>Creative Commons BY 3.0</p>
               </licence>
            </availability>
            <idno type="DOI">nnnn</idno>
         </publicationStmt>
         <sourceDesc>
            <bibl type="MS">Die Korrespondenz Ferdinands I. Familienkorrespondenz bis 1526</bibl>
            <biblFull>
               <titleStmt>
                  <title type="main">Die Korrespondenz Ferdinands I. Familienkorrespondenz bis 1526</title>
               </titleStmt>
               <publicationStmt>
                  <publisher>
                     <name>Holzhausen</name>
                  </publisher>
                  <publisher>
                     <name>Kommission für Neuere Geschichte Österreichs</name>
                  </publisher>
                  <pubPlace>Wien</pubPlace>
                  <date type="publication">1912</date>
               </publicationStmt>
            </biblFull>
         </sourceDesc>
      </fileDesc>
      <profileDesc>
         <correspDesc>
            <correspAction type="sent">
               <persName ref="nognd">Ferdinand</persName>
               <placeName ref="nognd">Regensburg</placeName>
               <date>1524 Juni 29</date>
            </correspAction>
            <correspAction type="received">
               <persName ref="nognd">Karl</persName>
            </correspAction>
         </correspDesc>
      </profileDesc>
      <encodingDesc>
         <appInfo>
            <application ident="TEI_fromDOCX" version="2.15.0">
               <label>DOCX to TEI</label>
            </application>
         </appInfo>
      </encodingDesc>
      <revisionDesc>
         <listChange>
            <change>
               <date>2022-11-12T09:59:05Z</date>
               <name ref="nognd">Pitzer Doris</name>
            </change>
         </listChange>
      </revisionDesc>
   </teiHeader>
   <text>
      <body>
         <div n="1"><!-- letter_header -->
            <p>
               <hi rendition="#b">A78.</hi>
            </p>
            <table rend="rules">
               <row>
                  <cell>
                     <hi rendition="#i">Ferdinand an Karl.</hi>
                  </cell>
                  <cell>
                     <hi rendition="#i">1524 Juni 29. Regensburg.</hi>
                  </cell>
               </row>
            </table>
         </div>
         <div n="2" xml:lang="de"><!-- regest_de -->
            <p>Da sich Pfalzgf Friedrich nur gegen ein Gehalt von jährlich 10.000 fl. herbeigelassen hätte, die Statthalterschaft zu übernehmen, bestellte er Markgf Philipp von Baden. Besetzung der übrigen Stellen.</p>
         </div>
         <div n="3" xml:lang="en"><!-- regest_en -->
            <p>As Count Palatine Frederick demanded a yearly salary of 10,000 guilders to carry on as stadtholder, he has appointed Margrave Philipp of Baden. Filling the other positions.</p>
         </div>
         <div n="4"><!-- archive_desc -->
            <p>Wien, St.-A. Belgica PA 7. Original. Siegelspur. Rückwärts Adresse: <hi rendition="#i">A l’empereur mons</hi>
               <hi rendition="#i #sup">r</hi>
               <hi rendition="#i">. </hi>
            </p>
            <p>Druck: Familienkorrespondenz Bd. 1, Nr. 78, S. 195-196.</p>
         </div>
         <div type="letter" n="5"><!-- transcription -->
            <p>Mons<hi rendition="#sup">r</hi>, treshumblement à vostre bonne grace me recommande. Mons<hi rendition="#sup">r</hi>, par mes dernieres lettres vous ai escript, comme j’actendoie de jour à autre la responce du <persName xml:id="person_d24e255a1050"
                         ref="nognd"
                         resp="Abel_Laura"
                         key="Friedrich II.">conte Palatin Fredrick</persName> sur le fait de la <index resp="Abel_Laura">
                  <term xml:id="index_d24e263a1051" key="HRR, Statthalterschaft">lieutenandise de l’empire</term>
               </index>. Lequel ne l’a aucunement voulu accepter sans qui lui fust promis le paiement de dix mil florins d’or, disant encoires que, quant aux deux années, qu’il s’en vouloit conseiller avec ses amis, combien qu’il creoit que en ce n’auroit difficulté. Quoi veu, comme vous ai aussi, mons<hi rendition="#sup">r</hi>, escript, j’ai mandé le marquis <persName xml:id="person_d79e144a1050"
                         ref="nognd"
                         resp="Abel_Laura"
                         key="Philipp von Baden">Philippe de Bada</persName>, lequel a accepté lad. lieutenandise tant seullement avec le salaire de 4000 florins d’or et sera au lieu de Heslingen, où le regiment est presentement endedans six sepmaines; et ce pendant, afin que à 1’administracion de la justice n’y eust faulte et que mon absence ne fust cause d’aucune rompture dud. regiment, ai constitué pour lieutenant <persName xml:id="person_d82e2735a1050"
                         ref="nognd"
                         resp="Abel_Laura"
                         key="Waldburg-Zeil, Georg III. Truchseß von">George Truxes, baron de Walburg</persName>, et tant de la part de V<hi rendition="#sup">re</hi> M<hi rendition="#sup">te</hi> comme de la mienne ordonné quatre conseilliers, assavoir le conte <persName xml:id="person_d56e125a1050"
                         ref="nognd"
                         resp="Abel_Laura"
                         key="Montfort, Wolf">Holf de Monfort</persName>, <persName xml:id="person_d84e136a1050"
                         ref="nognd"
                         resp="Abel_Laura"
                         key="Fuchs, Thomas, Rat des Reichsregiments">Thomas Fux</persName>, <persName xml:id="person_d84e140a1050"
                         ref="nognd"
                         resp="Abel_Laura"
                         key="Schellenberg, Ulrich von, Rat des Reichsregiments">Walrick de Chalenborger</persName> et le <persName xml:id="person_d84e143a1050"
                         ref="nognd"
                         resp="Abel_Laura"
                         key="Zasius, Dr. Johann, Rat des Reichsregiments">docteur Sasius</persName>; maistre Jehan <persName xml:id="person_d52e241a1050"
                         ref="nognd"
                         resp="Abel_Laura"
                         key="Hannart">Hannart </persName>avoit ordonné au lieu d’ung desd. quatre <persName xml:id="person_d32e741a1050"
                         ref="nognd"
                         resp="Abel_Laura"
                         key="Wolfsthal, Balthasar Wolf von, Kammermeister F‘s">Baptasar Wolf</persName>, camermaister, qui fust de <persName xml:id="person_d5e124a1050"
                         ref="nognd"
                         resp="Abel_Laura"
                         key="Maximilian I.">l’empereur Maximilian</persName>, nostre feu s<hi rendition="#sup">r</hi> et grant-pere, cui dieu absoille, mais, en traictant avec led. conte Palatin, entre autres choses qu’il demandoit fust que led. Baptasar ni fust point, ce que lui fust accordé. Et d’autrepart il faillit de venir au temps qu’il estoit constituer avec ce qu’il n’est fort idoine. Parquoi fust necessaire y commectre autre en son lieu. Et pour ce, mons<hi rendition="#sup">r</hi>, que par le <persName xml:id="person_d32e696a1050"
                         ref="nognd"
                         resp="Abel_Laura"
                         key="Bredam">s<hi rendition="#sup">r</hi> de Bredam</persName> entendrez plusavant ce que pour ces affaires de l’empire l’ai chargé vous dire et declairer, me depporte vous en faire pluslongue lettre. Mons<hi rendition="#sup">r</hi>, je supplie atant le createur qui vous doint bonne vie et longue.</p>
            <p>De <placeName xml:id="place_d71e541a1050"
                          ref="nognd"
                          resp="Abel_Laura"
                          key="Regensburg">Regensburg</placeName>, ce 29<hi rendition="#sup">e</hi> de jung a<hi rendition="#sup">o</hi> 24.</p>
            <p>Vostre treshumble et tresobeisant frere</p>
            <p>Ferdinandus.</p>
         </div>
         <div n="6"><!-- commentary -->
            <p>F schrieb über seine Verhandlung mit dem Pfalzgfen betreffs der Statthalterschaft in Nr. A73. <hi rendition="#i">— Als „in E. F. Dt. abwesen kay. stathalter“</hi> unterzeichnet sich Georg (III.), Truchseß von Waldburg, in einem Schreiben an F. (Notizenblatt 2, S. 114, 244.) Über seine Persönlichkeit vgl. ADB 40, S. 660 ff. — Auch Wolf Montfort unterzeichnet sich 1524 Dezember 16 als <hi rendition="#i">„verweser des kay. stathalterampts“</hi>. Notizenblatt 2, S. 254. Über die Persönlichkeiten, die neben diesen und Thomas Fuchs, Ulrich von Schellenberg und Doktor Johann Zasius nach <placeName xml:id="place_d71e245a1050"
                          ref="nognd"
                          resp="Abel_Laura"
                          key="Esslingen">Eßlingen</placeName> beordert worden sind, vgl. Planitz, S. 636. — Daß Balthasar Wolf von Wolfsthal dem Ehg nicht genehm war, mag vielleicht in den engen Beziehungen des Kammermeisters zu dem <persName xml:id="person_d42e368a1050"
                         ref="nognd"
                         resp="Abel_Laura"
                         key="Friedrich III. der Weise, Herzog von Sachsen, Kurfürst">Kf Friedrich von Sachsen</persName> seinen Grund haben. Auch Fuchs war ein Kandidat Hannarts. Lanz 1, S. 131.</p>
         </div>
      </body>
   </text>
</TEI>
