<?xml version="1.0" encoding="UTF-8"?>
<TEI xmlns="http://www.tei-c.org/ns/1.0">
   <teiHeader>
      <fileDesc>
         <titleStmt>
            <title type="main">A89.</title>
            <title type="sub">Karl an Ferdinand, 1524 September 7-20, Valladolid.</title>
            <author>
               <persName ref="nognd">Karl</persName>
            </author>
         </titleStmt>
         <editionStmt>
            <edition>Vollständige digitalisierte Ausgabe</edition>
         </editionStmt>
         <publicationStmt>
            <publisher xml:id="nnnn">
               <orgName role="hostingInstitution">Universität Salzburg</orgName>
               <orgName role="project">Edition der Familienkorrespondenz Ferdinands I.</orgName>
               <address>
                  <addrLine>Paris Lodron Universität Salzburg PLUS</addrLine>
                  <addrLine>Kapitelgasse 4</addrLine>
                  <addrLine>A-5020 Salzburg - Österreich</addrLine>
               </address>
            </publisher>
            <pubPlace>Salzburg</pubPlace>
            <date type="publication">2015-07-09</date>
            <availability>
               <licence target="https://creativecommons.org/licenses/by/3.0/">
                  <p>Creative Commons BY 3.0</p>
               </licence>
            </availability>
            <idno type="DOI">nnnn</idno>
         </publicationStmt>
         <sourceDesc>
            <bibl type="MS">Die Korrespondenz Ferdinands I. Familienkorrespondenz bis 1526</bibl>
            <biblFull>
               <titleStmt>
                  <title type="main">Die Korrespondenz Ferdinands I. Familienkorrespondenz bis 1526</title>
               </titleStmt>
               <publicationStmt>
                  <publisher>
                     <name>Holzhausen</name>
                  </publisher>
                  <publisher>
                     <name>Kommission für Neuere Geschichte Österreichs</name>
                  </publisher>
                  <pubPlace>Wien</pubPlace>
                  <date type="publication">1912</date>
               </publicationStmt>
            </biblFull>
         </sourceDesc>
      </fileDesc>
      <profileDesc>
         <correspDesc>
            <correspAction type="sent">
               <persName ref="nognd">Karl</persName>
               <placeName ref="nognd">Valladolid</placeName>
               <date>1524 September 7-20</date>
            </correspAction>
            <correspAction type="received">
               <persName ref="nognd">Ferdinand</persName>
            </correspAction>
         </correspDesc>
      </profileDesc>
      <encodingDesc>
         <appInfo>
            <application ident="TEI_fromDOCX" version="2.15.0">
               <label>DOCX to TEI</label>
            </application>
         </appInfo>
      </encodingDesc>
      <revisionDesc>
         <listChange>
            <change>
               <date>2022-11-12T10:00:11Z</date>
               <name ref="nognd">Pitzer Doris</name>
            </change>
         </listChange>
      </revisionDesc>
   </teiHeader>
   <text>
      <body>
         <div n="1"><!-- letter_header -->
            <p>
               <hi rendition="#b">A89.</hi>
            </p>
            <table rend="rules">
               <row>
                  <cell>
                     <hi rendition="#i">Karl an Ferdinand.</hi>
                  </cell>
                  <cell>
                     <hi rendition="#i">1524 September 7-20. Valladolid.</hi>
                  </cell>
               </row>
            </table>
         </div>
         <div n="2" xml:lang="de"><!-- regest_de -->
            <p>1. Empfing F’s Briefe vom 10. und 29. Juni. 2. Dankt für F’s Unterstützung zugunsten seiner Werbekommission. 3. Seine Anteilnahme an F’s Angelegenheiten. 4. Rücktritt des Pfalzgfen. Markgf Philipp von Baden. 5. Herr de Bredam. 6. Erfreut über F’s Aufenthalt in Pfirt. 7. Nachrichten von Bourbon und aus Rom an F. 8. Litt einige Tage an Fieber. 9. Nachschrift vom 20. September: Ist wieder gesund. Tod des Herrn de la Roche zu Rom. Erwartet den Eb von Capua. 10. Erhielt inzwischen F's Schreiben vom 6. Juli.</p>
         </div>
         <div n="3" xml:lang="en"><!-- regest_en -->
            <p>1. Has received F's letters dated June 10 and 29. 2. Thanks F for his support regarding his recruiting commission. 3. His interest in F's affairs. 4. The Count Palatine's resignation. Margrave Philipp of Baden. 5. Bredam. 6. Pleased with F's stay in Ferrette. 7. News from Bourbon and from Rome for F. 8. Was feverish for a few days. 9. Postcript, dated September 20: Has recovered fully. De la Roche has died in Rome. Is expecting the Archbishop of Capua. 10. Meanwhile, he has received F's letter dated July 6.</p>
         </div>
         <div n="4"><!-- archive_desc -->
            <p>(W) Wien. St.-Arch. Belgica. PA. 5. Konzept. — Grundlage für den folgenden Abdruck.</p>
            <p>(W) ebenda. Hs. B. 595 I. Bl. 1. Kopie s. XVI.</p>
            <p>(B) Brüssel. Arch. Gén. Papiers de l’État et de l'Aud. vol. 42, Bl. 25. Moderne Kopie.</p>
            <p>Druck: Familienkorrespondenz Bd. 1, Nr. 89, S. 216-219.</p>
         </div>
         <div type="letter" n="5"><!-- transcription -->
            <p>Mon bon frere, j’ai receu trois voz lectres de 10<hi rendition="#sup">e</hi> et 29<hi rendition="#sup">e a</hi>) de jung et par icelles entendu de vostre estat et voz bonnes nouvelles dont j’ai esté bien joyeulx et serai toutes les fois que m’en ferez sçavoir. </p>
            <p>Je vous mercie cordialement l’adresse que avez donné au <persName xml:id="person_d32e173a1050"
                         ref="nognd"
                         resp="Abel_Laura"
                         key="Zollern (Hohenzollern), Graf Eitel Friedrich (Eitelfritz) III. von">conte de Zory<hi rendition="#sup">b</hi>
               </persName>) et aultres qui ont eu commission de par les capitaines de mon armée pour lever pietons et entendre à aultres mes affaires. Je sçai bien, que le faictes tresvoluntiers d’austant plus que vous y mectez de vostre propre argent, c’est bien raison que le vous fere<hi rendition="#sup">c</hi>) rendre ce que ferai le plustot que sera possible.</p>
            <p>Quant à ce que me merciez que vous ai si au long adverti de tous mes affaires, j’entendz d’ainsi continuer, quant il y aura chose digne d’escripre, car il n’y a personne au monde que j’aime ni confie tant que de vous que je tiens et extime estre ung aultre moi-mesmes, et à james me trouverez en ce bon vouloir, lequel certes ne sçauroit estre meilleur qu’il est et avec le temps et opportunité enverrez les effectz de bien en mieulx.</p>
            <p>Touchant le <persName xml:id="person_d24e255a1050"
                         ref="nognd"
                         resp="Abel_Laura"
                         key="Friedrich II.">conte Palatin</persName>, je suis joyeulx que vous estes mis tant a la raison et courtoisie envers lui. Bien me desplet qu’il n’a acepté la continuacion de la <index resp="Abel_Laura">
                  <term xml:id="index_d24e263a1051" key="HRR, Statthalterschaft">lieutenandise</term>
               </index>. L’on ne doit contraindre les gens à servir mesmes en tel estat. Toutesfois, si le fault il entretenir le mieulx que pourrez, actendu l’estat et qualité de sa personne et de <persName xml:id="person_d24e245a1050"
                         ref="nognd"
                         resp="Christopher_F._Laferl"
                         key="Pfalzgrafen">sa maison</persName>, de laquelle il est apparant successeur, et aussi il est nostre parant et de nostre ordre et naurei<hi rendition="#sup">d</hi>) avec moi et le pourrez advertir de ma part que, desque je pourrai estre hors de la necessité, où je suis presentement, je lui monstrerai ce que tousjours eu envie de faire, qu’est de lui faire tel honneur et bien, qu’il congnoisse j’ai bonne amour à lui et souvenance de ses bons services. J’espere que le marquis <persName xml:id="person_d79e144a1050"
                         ref="nognd"
                         resp="Abel_Laura"
                         key="Philipp von Baden">Philippe de Baden</persName>, nostre cousin, s’aquitera au mieulx qu’il pourra à l’exercité de lad. lieutenandise que m’escriprez lui avoir commise et le fault entretenir et auctorizer, car de souvent changer<hi rendition="#sup">e</hi>) l’on n’y gaigne riens.</p>
            <p>Le s<hi rendition="#sup">r</hi> de <persName xml:id="person_d32e696a1050"
                         ref="nognd"
                         resp="Abel_Laura"
                         key="Bredam">Bredan</persName> que m’envoyez pour les affaires de pardela me sera tresbien venu pour l’amour de vous, quant il viendra, et l’orrai voluntiers en toute sa charge et le depescherai le mieulx et le plus bref que sera possible.</p>
            <p>Je suis joyeulx que vous estes en <index resp="Abel_Laura">
                  <term xml:id="index_d24e144a1051" key="Ferrette">Ferrette</term>
               </index> et du bruit que y avez fait de lever gens de guerre, car cela vient fort bien à propos de mes affaires. Je ne fais doubte que, si aviez meilleur pouvoir que n’avez et que n’eussiez que faire contre <index resp="Abel_Laura">
                  <term xml:id="index_d41e130a1051" key="Türkenabwehr">les Turcz</term>
               </index> que vous auriez bien le moyen par vostre prudence et bonne adresse que de taire une telle emprinse dont pourrions avoir honneur et prouffit et vous mercie cordialement ce que m’escripvez. La saison est ja trop avancée et pourra servir pour une aultre fois, si le <persName xml:id="person_d38e129a1050"
                         ref="nognd"
                         resp="Abel_Laura"
                         key="Heinrich VIII.">roi d’Angleterre</persName> y vouloit aider<hi rendition="#sup">f</hi>) de quelque argent pour sa part, je pourroie faire le semblable, car aultrement mes affaires sont ja par trop chargéz.</p>
            <p>Quant à l’armée, que nostre frere, le <persName xml:id="person_d54e97a1050"
                         ref="nognd"
                         resp="Abel_Laura"
                         key="Bourbon">duc de Bourbon</persName>, a maintenant en <placeName xml:id="place_d52e190a1050"
                          ref="nognd"
                          resp="Abel_Laura"
                          key="Provence">Provence</placeName>, je ne fais doubte que soyez continuellement adverti du succez d’icelle, si aussi que <persName xml:id="person_d95e170a1050"
                         ref="nognd"
                         resp="Abel_Laura"
                         key="La Roche, Herr Gérard de la Plaine">mons<hi rendition="#sup">r</hi> de la Roche</persName>, estant presentement à <placeName xml:id="place_d27e374a1050"
                          ref="nognd"
                          resp="Abel_Laura"
                          key="Rom">Rome</placeName>, vous escript de son besoingne, comme lui ai ordonné. Aultre chose n’y a pour le present qui soit digne d’escripre.</p>
            <p>J’ai depuis peu de jours une <index resp="Abel_Laura">
                  <term xml:id="index_d95e182a1051" key="Gesundheit/Krankheit, K">fievre</term>
               </index> quarte qui me fait de l’ennui, mais dieu grace je me trouve maintenant si bien que j’espere de recouvrer bientost entiere santé. Vous me ferez plesir m’ecscripre de voz nouvelles et je ferai le semblable, priant dieu à tant que vous donne, mon bon frere, ce que plus desirez.</p>
            <p>De <placeName xml:id="place_d6e116a1050"
                          ref="nognd"
                          resp="Abel_Laura"
                          key="Valladolid">Valladoly</placeName>, le 7<hi rendition="#sup">e</hi> de septembre 24.</p>
            <p>
               <hi rendition="#i">Nachschrift vom 20. September: </hi>Mon frere, ce que dessus est duplicata. De ce que vous ai escript par la voie d’<index resp="Abel_Laura">
                  <term xml:id="index_d35e144a1051" key="Italien">Ytalie</term>
               </index> depuis ce qu’est survenu, est que dieu grace je me treuve maintenant plus allegre de la <index resp="Abel_Laura">
                  <term xml:id="index_d95e182a1051" key="Gesundheit/Krankheit, K">fievre</term>
               </index> quarte que paravant graces à dieu et de sorte que je n’en laisse pourtant d’entendre à mes affaires et prendre plesir et recreation. Il m’est venu ung courrier d’Italie qui m’a appourté lettres, comme le <persName xml:id="person_d95e170a1050"
                         ref="nognd"
                         resp="Abel_Laura"
                         key="La Roche, Herr Gérard de la Plaine">s<hi rendition="#sup">r</hi> de la Roche</persName> estoit <index resp="Christopher_F._Laferl">
                  <term xml:id="index_d95e212a1051"
                        key="Tod, Gérard de la Plaine, Herr von La Roche">trespassé. </term>
               </index>J’ai mandé aux aultres mes ambassadeurs qu’ilz besoingnent avant, comme si led. s<hi rendition="#sup">r</hi> de la Roche fust encoires vivant, mais je crois qu’ilz en feront grande chose jusques <persName xml:id="person_d75e157a1050"
                         ref="nognd"
                         resp="Abel_Laura"
                         key="Schönberg, Nikolaus von">l’archevesque de Capua </persName>qui retourne ici ait parlé à moi. De ce que sera, vous adverti tousjours.</p>
            <p>Donné aud. Valladoly, le 20<hi rendition="#sup">e</hi> dud. septembre.</p>
            <p>J’ai<hi rendition="#sup">g</hi>) depuis receu voz lettres du 6<hi rendition="#sup">e</hi> juillet et vous mercie vostre bonne diligence en m’escripre. Je vous ferai responce encontinant que le s<hi rendition="#sup">r</hi> de <persName xml:id="person_d32e696a1050"
                         ref="nognd"
                         resp="Abel_Laura"
                         key="Bredam">Bredan</persName> sera arrivé.</p>
         </div>
         <div n="6"><!-- commentary -->
            <p>a) 20 <hi rendition="#sup">e </hi>W<hi rendition="#sup">1</hi>.</p>
            <p>Vgl. Nr. 73 und 78. </p>
            <p>b) <hi rendition="#i">Sory</hi> W<hi rendition="#sup">l</hi>. - c) <hi rendition="#i">face</hi> W<hi rendition="#sup">1</hi>. </p>
            <p>d) <hi rendition="#i">nourrei </hi>B, <hi rendition="#i">nourri </hi>W<hi rendition="#sup">1</hi>. - e) <hi rendition="#i">change</hi> W.</p>
            <p>Die Angelegenheit des Pfalzgfen wurde in Nr. A78 berührt. Die Bemerkung, daß dieser mit K zusammen aufgezogen worden sei, ist etwas hyperbolisch, da Friedrich um nicht weniger als 18 Jahre älter war als der Kaiser und bereits mit dessen Vater, <persName xml:id="person_d6e105a1050"
                         ref="nognd"
                         resp="Abel_Laura"
                         key="Philipp der Schöne">Philipp I</persName>., befreundet war. Vgl. A. D. B. 7, S. 603 ff. — Betreffs der Nachfolge des Markgfen <persName xml:id="person_d79e144a1050"
                         ref="nognd"
                         resp="Abel_Laura"
                         key="Philipp von Baden">Philipp von Baden</persName> in der Verwesung der Reichsstatthalterschaft s. Nr. A96.</p>
            <p>Karl de Bredam war von F als Gesandter an K abgefertigt worden, s. Nr. A74, A76. </p>
            <p>f) <hi rendition="#i">employer</hi> W<hi rendition="#sup">1</hi>.</p>
            <p>F weilte den größten Teil des Monates Mai in den österreichischen Vorlanden. Forsch, zur deutschen Gesch. 1, S. 385.</p>
            <p>Gérard de la Plaine, Herr de la Roche, kam am 12. August in Rom an. Pastor 4, 2, S. 181. — Über den Fieberanfall, der K damals heimsuchte, berichtet auch <persName xml:id="person_d27e101a1050"
                         ref="nognd"
                         resp="Abel_Laura"
                         key="Salinas">Salinas</persName> am 7. September und schildert, wie durch ihn die Staatsgeschäfte namentlich in <placeName xml:id="place_d29e332a1050"
                          ref="nognd"
                          resp="Abel_Laura"
                          key="Kastilien">Kastilien</placeName> geradezu ins Stocken gerieten. Villa, S. 207.</p>
            <p>Noch am 19. September klagte <persName xml:id="person_d27e101a1050"
                         ref="nognd"
                         resp="Abel_Laura"
                         key="Salinas">Salinas</persName>, daß K das Fieber habe, <hi rendition="#i">que es harto malpara todo su reino por respeto del despidimiento de los negocios.</hi> Ebenda, S. 219. — De la Roche starb am 31. August. Pastor a. a. O., S. 182. Die Nachricht von dessen Tode gelangte am 16. September nach Valladolid. Villa, S. 218. Am 7. September brach der <persName xml:id="person_d75e157a1050"
                         ref="nognd"
                         resp="Abel_Laura"
                         key="Schönberg, Nikolaus von">Eb von Kapua (Nikolaus von Schönberg)</persName> von Rom auf, um die <persName xml:id="person_d24e327a1050"
                         ref="nognd"
                         resp="Abel_Laura"
                         key="Franz I.">Kge von Frankreich</persName> und <persName xml:id="person_d38e129a1050"
                         ref="nognd"
                         resp="Abel_Laura"
                         key="Heinrich VIII.">England</persName> und den Kaiser aufzusuchen. Ebenda.</p>
            <p>Gemeint ist vermutlich Nr. A79, ein Brief, der freilich das Datum 7. Juli trägt.</p>
            <p>g) <hi rendition="#i">j’ai – arrivé</hi> fehlt in W. </p>
         </div>
      </body>
   </text>
</TEI>
