<?xml version="1.0" encoding="UTF-8"?>
<TEI xmlns="http://www.tei-c.org/ns/1.0">
   <teiHeader>
      <fileDesc>
         <titleStmt>
            <title type="main">A94.</title>
            <title type="sub">Karl an Ferdinand, 1524 Oktober 4, Tordesillas.</title>
            <author>
               <persName ref="nognd">Karl</persName>
            </author>
         </titleStmt>
         <editionStmt>
            <edition>Vollständige digitalisierte Ausgabe</edition>
         </editionStmt>
         <publicationStmt>
            <publisher xml:id="nnnn">
               <orgName role="hostingInstitution">Universität Salzburg</orgName>
               <orgName role="project">Edition der Familienkorrespondenz Ferdinands I.</orgName>
               <address>
                  <addrLine>Paris Lodron Universität Salzburg PLUS</addrLine>
                  <addrLine>Kapitelgasse 4</addrLine>
                  <addrLine>A-5020 Salzburg - Österreich</addrLine>
               </address>
            </publisher>
            <pubPlace>Salzburg</pubPlace>
            <date type="publication">2015-07-09</date>
            <availability>
               <licence target="https://creativecommons.org/licenses/by/3.0/">
                  <p>Creative Commons BY 3.0</p>
               </licence>
            </availability>
            <idno type="DOI">nnnn</idno>
         </publicationStmt>
         <sourceDesc>
            <bibl type="MS">Die Korrespondenz Ferdinands I. Familienkorrespondenz bis 1526</bibl>
            <biblFull>
               <titleStmt>
                  <title type="main">Die Korrespondenz Ferdinands I. Familienkorrespondenz bis 1526</title>
               </titleStmt>
               <publicationStmt>
                  <publisher>
                     <name>Holzhausen</name>
                  </publisher>
                  <publisher>
                     <name>Kommission für Neuere Geschichte Österreichs</name>
                  </publisher>
                  <pubPlace>Wien</pubPlace>
                  <date type="publication">1912</date>
               </publicationStmt>
            </biblFull>
         </sourceDesc>
      </fileDesc>
      <profileDesc>
         <correspDesc>
            <correspAction type="sent">
               <persName ref="nognd">Karl</persName>
               <placeName ref="nognd">Tordesillas</placeName>
               <date>1524 Oktober 4</date>
            </correspAction>
            <correspAction type="received">
               <persName ref="nognd">Ferdinand</persName>
            </correspAction>
         </correspDesc>
      </profileDesc>
      <encodingDesc>
         <appInfo>
            <application ident="TEI_fromDOCX" version="2.15.0">
               <label>DOCX to TEI</label>
            </application>
         </appInfo>
      </encodingDesc>
      <revisionDesc>
         <listChange>
            <change>
               <date>2022-11-12T10:00:40Z</date>
               <name ref="nognd">Pitzer Doris</name>
            </change>
         </listChange>
      </revisionDesc>
   </teiHeader>
   <text>
      <body>
         <div n="1"><!-- letter_header -->
            <p>
               <hi rendition="#b">A94.</hi>
            </p>
            <table rend="rules">
               <row>
                  <cell>
                     <hi rendition="#i">Karl an Ferdinand.</hi>
                  </cell>
                  <cell>
                     <hi rendition="#i">1524 Oktober 4. Tordesillas.</hi>
                  </cell>
               </row>
            </table>
         </div>
         <div n="2" xml:lang="de"><!-- regest_de -->
            <p>Empfing F’s Brief vom 11. Juli. Beteuert, von der ihm eingesandten Instruktion [für Hannart] nichts zu wissen. Verspricht Bestrafung der Schuldigen.</p>
         </div>
         <div n="3" xml:lang="en"><!-- regest_en -->
            <p>Has received F's letter dated July 11. Professes not to know anything about the instruction sent to him [for Hannart]. Promises to punish the person responsible.</p>
         </div>
         <div n="4"><!-- archive_desc -->
            <p>(W) Wien, St.-A. Belgica PA. 5. Konzept mit zahlreichen Verbesserungen von anderer Hand. — Grundlage für den folgenden Abdruck.</p>
            <p>(W<hi rendition="#sup">1</hi>) Ebenda Hs. B. 595 I, Bl. 2. Kopie.</p>
            <p>Druck: Teilweise bei Baumgarten, Deutsche Zeitschr. f. Gesch. 2, S. 10. Familienkorrespondenz Bd. 1, Nr. 94, S. 223-224.</p>
         </div>
         <div type="letter" n="5"><!-- transcription -->
            <p>Mon bon frere, j’ai receu la lettre que m’avez escript de vostre main du 11<hi rendition="#sup">e</hi> de juillet, aussi j’ai oui ce que <persName xml:id="person_d27e101a1050"
                         ref="nognd"
                         resp="Abel_Laura"
                         key="Salinas">Salinas</persName> m’a dit de vostre part, et veu la copie d’une instruction qu’il m’a monstré, je vous advertiz et certiffie, mon frere, que je n’entendz avoir james signé ni ordonné telle instruction et suis tres deplaisant de si grande<hi rendition="#sup">a</hi>) faulceté, laquelle j’entendz<hi rendition="#sup">b</hi>) bien faire averer et aussi faire faire pugnition du<hi rendition="#sup">c</hi>) delict, telle que ce soit exemple à tous aultres. Et,<hi rendition="#sup">d</hi>) si du cousté de pardela en pouez par quelque sorte<hi rendition="#sup">e</hi>) avoir la verité tout au cler, me feres tres grand plaisir du m’en advertir<hi rendition="#sup">f</hi>) car je ne vouldroie souffrir telle chose demeurer impugnie ni endormie<hi rendition="#sup">g</hi>) tant pour le devoir de justice que pour l'honneur et reputation de nous deux et mesment de vous que j'extime ung aultre moi-mesmes et sçavez bien la bonne amour que je vous porte. Laquelle<hi rendition="#sup">h</hi>) ne diminuera james, mais la trouverez tousjours si tres ferme et tres affectionée que meilleur ne sçauroit estre. Et vous et tout le monde le cognoistrez par effect en toutes les choses que me seront possibles de faire pour vous, que<hi rendition="#sup">i</hi>) sera la fin de ma lettre, priant dieu que vous faire vous donner ce que desirez.</p>
            <p>De <placeName xml:id="place_d100e138a1050"
                          ref="nognd"
                          resp="Abel_Laura"
                          key="Tordesillas">Tour de Cilles</placeName>, le 4<hi rendition="#sup">e</hi> d'octobre a<hi rendition="#sup">o</hi> 24.</p>
            <p>Mon<hi rendition="#sup">j</hi>) frere. Je ne vous escripts point pour ceste heure.</p>
         </div>
         <div n="6"><!-- commentary -->
            <p>a) ursprünglich <hi rendition="#i">telle </hi>W. - b) ursprünglich <hi rendition="#i">je desire fort estre averée et aussi justiffiée et que la justice et </hi>W. - c) ursprünglich <hi rendition="#i">de en soit faicte</hi> W. - d) <hi rendition="#i">Et – advertir</hi> von anderer Hand nachgetragen. - e) <hi rendition="#i">façon</hi> W<hi rendition="#sup">1</hi>. - f) durchstrichen: <hi rendition="#i">et envoyer la coppie du tout autentique du tout</hi> W. - g<hi rendition="#i">) ni endormie</hi> von anderer Hand nachgetragen W. - h) <hi rendition="#i">laquelle — sçauroit estre. Et</hi> von anderer Hand nachgetragen W. - i) <hi rendition="#i">et sur ce ferai fin à ma</hi> W<hi rendition="#sup">1</hi>. - j) diese Nachschrift nur in W<hi rendition="#sup">l</hi> mit dem Vermerk: <hi rendition="#i">de la main de sa m</hi>
               <hi rendition="#i #sup">te</hi>
               <hi rendition="#i">.</hi> Offenbar nicht vollständig wiedergegeben.</p>
            <p>Abweichend von dem Inhalte dieses Briefes ist auf der Rückseite des hier erwähnten Schreibens vom 11. Juli (Nr. A82) von der Hand <persName xml:id="person_d35e93a1050"
                         ref="nognd"
                         resp="Abel_Laura"
                         key="Gattinara">Gattinaras</persName> eine Antwort skizziert folgenden Wortlautes: <hi rendition="#i">Que se responde, comme sa m</hi>
               <hi rendition="#i #sup">te</hi>
               <hi rendition="#i"> ne scet riens que </hi>
               <persName xml:id="person_d52e241a1050"
                         ref="nognd"
                         resp="Abel_Laura"
                         key="Hannart">
                  <hi rendition="#i">Hannart</hi>
               </persName>
               <hi rendition="#i"> ait en charge de dire ni proposer chose que soit ou doit estre au prejudice de l’honneur et reputacion de mons</hi>
               <hi rendition="#i #sup">r</hi>
               <hi rendition="#i">, son frere, ni entend avoir signé instruction de la substance, contenue en la copie envoyé. Et si telle chose eust esté faicte, ce seroit au desceu de sa m</hi>
               <hi rendition="#i #sup">te</hi>
               <hi rendition="#i"> et pour quelque habilité dont sa m</hi>
               <hi rendition="#i #sup">te</hi>
               <hi rendition="#i"> se trouveroit tres desplaisant et la vouldroit bien chastier. Et que à cest effect sa m</hi>
               <hi rendition="#i #sup">te</hi>
               <hi rendition="#i">escript aud. Hannart qu’il y envoye ses instructions originales, toutes celles qu’il ha apportées en </hi>
               <index resp="Abel_Laura">
                  <term xml:id="index_d4e185a1051" key="Deutschland"/>
               </index>
               <hi rendition="#i"> ainsi qu’elles sont signées par sa m</hi>
               <hi rendition="#i #sup">te</hi>
               <hi rendition="#i"> et que par aultre voie il en envoye à toute diligence une copie, afin que, si l’ung se perdoit en chemin, l’aultre se treuve sans declarer aud. Hannart la cause pourquoi, et que icelles instructions ou la copie d’icelles arrivées, sa m</hi>
               <hi rendition="#i #sup">te</hi>
               <hi rendition="#i">pourveyre ce que sera mestier pour conserver l’honneur et reputacion de mond. seigneur et que chascun cogneisse l’amour qu’est entre eulx, comme il appartient, et qu’ilz entendent toutz deux ainsi la conserver.</hi> (Teilweise gedruckt bei Baumgarten a. a. 0., S. 8.)</p>
            <p>Salinas, der in seinem Schreiben vom 4. Oktober an F über seine Audienz bei K Bericht erstattet, teilt darüber mit, daß der Kaiser wohlwollend den Brief F’s und die Instruktion gelesen habe, <hi rendition="#i">y sobre juramento me dixo S. M. de tal cosa no era sabidor ni tal habia mandado, y que le pesaba mucho dello: verdad era que de </hi>
               <persName xml:id="person_d31e160a1050"
                         ref="nognd"
                         resp="Hofer-Bindeus_Johannes"
                         key="Salamanca">
                  <hi rendition="#i">Salamanca </hi>
               </persName>
               <hi rendition="#i">algunas cosas le habian dicho.</hi> Auf die Bitte des Gesandten, dem Ehg seine Gunst zu erweisen und, wie es die Sache erfordert, Recht walten zu lassen, gab K Brief und Instruktion an Salinas zurück, damit er diese Schriftstücke dem Kanzler übermittle und diesem ausgiebige Information zuteil werden lasse. Villa, S. 223.</p>
         </div>
      </body>
   </text>
</TEI>
