<?xml version="1.0" encoding="UTF-8"?>
<TEI xmlns="http://www.tei-c.org/ns/1.0">
   <teiHeader>
      <fileDesc>
         <titleStmt>
            <title type="main">A96.</title>
            <title type="sub">Ferdinand an Karl, 1524 Oktober 8, Wien.</title>
            <author>
               <persName ref="nognd">Ferdinand</persName>
            </author>
         </titleStmt>
         <editionStmt>
            <edition>Vollständige digitalisierte Ausgabe</edition>
         </editionStmt>
         <publicationStmt>
            <publisher xml:id="nnnn">
               <orgName role="hostingInstitution">Universität Salzburg</orgName>
               <orgName role="project">Edition der Familienkorrespondenz Ferdinands I.</orgName>
               <address>
                  <addrLine>Paris Lodron Universität Salzburg PLUS</addrLine>
                  <addrLine>Kapitelgasse 4</addrLine>
                  <addrLine>A-5020 Salzburg - Österreich</addrLine>
               </address>
            </publisher>
            <pubPlace>Salzburg</pubPlace>
            <date type="publication">2015-07-09</date>
            <availability>
               <licence target="https://creativecommons.org/licenses/by/3.0/">
                  <p>Creative Commons BY 3.0</p>
               </licence>
            </availability>
            <idno type="DOI">nnnn</idno>
         </publicationStmt>
         <sourceDesc>
            <bibl type="MS">Die Korrespondenz Ferdinands I. Familienkorrespondenz bis 1526</bibl>
            <biblFull>
               <titleStmt>
                  <title type="main">Die Korrespondenz Ferdinands I. Familienkorrespondenz bis 1526</title>
               </titleStmt>
               <publicationStmt>
                  <publisher>
                     <name>Holzhausen</name>
                  </publisher>
                  <publisher>
                     <name>Kommission für Neuere Geschichte Österreichs</name>
                  </publisher>
                  <pubPlace>Wien</pubPlace>
                  <date type="publication">1912</date>
               </publicationStmt>
            </biblFull>
         </sourceDesc>
      </fileDesc>
      <profileDesc>
         <correspDesc>
            <correspAction type="sent">
               <persName ref="nognd">Ferdinand</persName>
               <placeName ref="nognd">Wien</placeName>
               <date>1524 Oktober 8</date>
            </correspAction>
            <correspAction type="received">
               <persName ref="nognd">Karl</persName>
            </correspAction>
         </correspDesc>
      </profileDesc>
      <encodingDesc>
         <appInfo>
            <application ident="TEI_fromDOCX" version="2.15.0">
               <label>DOCX to TEI</label>
            </application>
         </appInfo>
      </encodingDesc>
      <revisionDesc>
         <listChange>
            <change>
               <date>2022-11-12T10:00:52Z</date>
               <name ref="nognd">Pitzer Doris</name>
            </change>
         </listChange>
      </revisionDesc>
   </teiHeader>
   <text>
      <body>
         <div n="1"><!-- letter_header -->
            <p>
               <hi rendition="#b">A96.</hi>
            </p>
            <table rend="rules">
               <row>
                  <cell>
                     <hi rendition="#i">Ferdinand an Karl.</hi>
                  </cell>
                  <cell>
                     <hi rendition="#i">1524 Oktober 8. Wien.</hi>
                  </cell>
               </row>
            </table>
         </div>
         <div n="2" xml:lang="de"><!-- regest_de -->
            <p>Markgf Philipp von Baden nahm die Statthalterschaft nur unter der Bedingung an, daß er die Regierung in Luxemburg fortführen könne, worin man ihm jetzt einige Schwierigkeiten mache. Bittet K, zugunsten Philipps an Mg zu schreiben.</p>
         </div>
         <div n="3" xml:lang="en"><!-- regest_en -->
            <p>Margrave Philipp of Baden only accepted the position of stadtholder under the condition that he would be able to continue governing in Luxembourg, which is now becoming difficult. He asks K to write to Mg on Philipp's behalf.</p>
         </div>
         <div n="4"><!-- archive_desc -->
            <p>Wien, St.-A. Belgica PA. 7. Original. Papiersiegel. Rückwärts Adresse: <hi rendition="#i">A l’empereur mons</hi>
               <hi rendition="#i #sup">r</hi>
               <hi rendition="#i">. </hi>
            </p>
            <p>Druck: Familienkorrespondenz Bd. 1, Nr. 96, S. 225.</p>
         </div>
         <div type="letter" n="5"><!-- transcription -->
            <p>Mons<hi rendition="#sup">r</hi>, treshumblement à vostre bonne grace me recommande. Mons<hi rendition="#sup">r</hi>, je vous ai desia par autres mes lettres escript, comme suivant vostre commandement ai à cause que le <persName xml:id="person_d24e255a1050"
                         ref="nognd"
                         resp="Abel_Laura"
                         key="Friedrich II.">conte Palatin Fredrick</persName> ne vouloit plus continuer à la <index resp="Abel_Laura">
                  <term xml:id="index_d24e263a1051" key="HRR, Statthalterschaft">lieutenandise de l’empire</term>
               </index> commis mon cousin, le marquis <persName xml:id="person_d79e144a1050"
                         ref="nognd"
                         resp="Abel_Laura"
                         key="Philipp von Baden">Philippe de Bade</persName>, ou lieu dud. conte Palatin. Lequel pour l’honneur de vous accepta tres voulentiers icelle charge, moyennant toutesfois qu’il seroit tousiours continué en son gouvernement de <placeName xml:id="place_d102e121a1050"
                          ref="nognd"
                          resp="Abel_Laura"
                          key="Luxemburg">Luxembourg</placeName>. Et pour ce, mons<hi rendition="#sup">r</hi>, que suis averti par led. marquis que l’on lui veult en ce faire aucune difficulté, vous prie treshumblement en vouloir incontinant escripre à <persName xml:id="person_d13e136a1050"
                         ref="nognd"
                         resp="Abel_Laura"
                         key="Mg">m<hi rendition="#sup">me</hi>, nostre bonne tante</persName>, à ce qu’il ne soit mis aucun trouble ou empeschement aud. marquis en son gouvernement dud. Luxembourg et qu’elle l’en laisse joir et user en la mesme sorte qu’il a fait jusques à present, consideré mesmes qu’il est occuppé en vostre service et que en son lieu commectra bon et notable personnaige pour regir et gouverner led. pays. Mons<hi rendition="#sup">r</hi>, je supplie atant le createur qui vous doint bonne vie et longue.</p>
            <p>De <placeName xml:id="place_d22e121a1050"
                          ref="nognd"
                          resp="Abel_Laura"
                          key="Wien">Vienne</placeName>, ce 8<hi rendition="#sup">e</hi> d’octobre a<hi rendition="#sup">o</hi> 24.</p>
            <p>Vostre treshumble et tresobeisant frere Ferdinandus.</p>
         </div>
      </body>
   </text>
</TEI>
