<?xml version="1.0" encoding="UTF-8"?>
<TEI xmlns="http://www.tei-c.org/ns/1.0">
   <teiHeader>
      <fileDesc>
         <titleStmt>
            <title type="main">A102.</title>
            <title type="sub">Ferdinand an Karl, 1524 November 1, Wien.</title>
            <author>
               <persName ref="nognd">Ferdinand</persName>
            </author>
         </titleStmt>
         <editionStmt>
            <edition>Vollständige digitalisierte Ausgabe</edition>
         </editionStmt>
         <publicationStmt>
            <publisher xml:id="nnnn">
               <orgName role="hostingInstitution">Universität Salzburg</orgName>
               <orgName role="project">Edition der Familienkorrespondenz Ferdinands I.</orgName>
               <address>
                  <addrLine>Paris Lodron Universität Salzburg PLUS</addrLine>
                  <addrLine>Kapitelgasse 4</addrLine>
                  <addrLine>A-5020 Salzburg - Österreich</addrLine>
               </address>
            </publisher>
            <pubPlace>Salzburg</pubPlace>
            <date type="publication">2015-07-09</date>
            <availability>
               <licence target="https://creativecommons.org/licenses/by/3.0/">
                  <p>Creative Commons BY 3.0</p>
               </licence>
            </availability>
            <idno type="DOI">nnnn</idno>
         </publicationStmt>
         <sourceDesc>
            <bibl type="MS">Die Korrespondenz Ferdinands I. Familienkorrespondenz bis 1526</bibl>
            <biblFull>
               <titleStmt>
                  <title type="main">Die Korrespondenz Ferdinands I. Familienkorrespondenz bis 1526</title>
               </titleStmt>
               <publicationStmt>
                  <publisher>
                     <name>Holzhausen</name>
                  </publisher>
                  <publisher>
                     <name>Kommission für Neuere Geschichte Österreichs</name>
                  </publisher>
                  <pubPlace>Wien</pubPlace>
                  <date type="publication">1912</date>
               </publicationStmt>
            </biblFull>
         </sourceDesc>
      </fileDesc>
      <profileDesc>
         <correspDesc>
            <correspAction type="sent">
               <persName ref="nognd">Ferdinand</persName>
               <placeName ref="nognd">Wien</placeName>
               <date>1524 November 1</date>
            </correspAction>
            <correspAction type="received">
               <persName ref="nognd">Karl</persName>
            </correspAction>
         </correspDesc>
      </profileDesc>
      <encodingDesc>
         <appInfo>
            <application ident="TEI_fromDOCX" version="2.15.0">
               <label>DOCX to TEI</label>
            </application>
         </appInfo>
      </encodingDesc>
      <revisionDesc>
         <listChange>
            <change>
               <date>2022-11-12T10:01:27Z</date>
               <name ref="nognd">Pitzer Doris</name>
            </change>
         </listChange>
      </revisionDesc>
   </teiHeader>
   <text>
      <body>
         <div n="1"><!-- letter_header -->
            <p>
               <hi rendition="#b">A102.</hi>
            </p>
            <table rend="rules">
               <row>
                  <cell>
                     <hi rendition="#i">Ferdinand an Karl.</hi>
                  </cell>
                  <cell>
                     <hi rendition="#i">1524 November 1. Wien.</hi>
                  </cell>
               </row>
            </table>
         </div>
         <div n="2" xml:lang="de"><!-- regest_de -->
            <p>1. Empfing K’s Brief vom 15. August. Hätte seine Schwester Katharina statt mit dem Kg von Portugal lieber mit einem deutschen Fürsten verheiratet. 2. Sendung Hannarts an den Kg von Polen. Polnische Umtriebe in Frankreich. Gesandte Rußlands.</p>
         </div>
         <div n="3" xml:lang="en"><!-- regest_en -->
            <p>1. Has received K's letter dated August 15. Would have preferred to marry off his sister Catherine to a German prince instead of the King of Portugal. 2. Hannart's deployment to the King of Poland. Polish machinations in France. The Russian delegates.</p>
         </div>
         <div n="4"><!-- archive_desc -->
            <p>Wien, St.-A. Hs. B 597 I, S. 33-34. Kopie.</p>
            <p>Druck: Familienkorrespondenz Bd. 1, Nr. 102, S. 230-232.</p>
         </div>
         <div type="letter" n="5"><!-- transcription -->
            <p>Mons<hi rendition="#sup">r</hi>, j’ai receu vostre lettre du 16<hi rendition="#sup">e</hi> d’aoust passé. Et quant au <index resp="Abel_Laura">
                  <term xml:id="index_d87e167a1051"
                        key="Heirat, Katharina von Österreich mit Johann III. von Portugal">mariaige</term>
               </index> de nostre seur, <persName xml:id="person_d8e128a1050"
                         ref="nognd"
                         resp="Abel_Laura"
                         key="Katharina von Österreich">donna Katherina</persName>, avec le <persName xml:id="person_d32e404a1050"
                         ref="nognd"
                         resp="Abel_Laura"
                         key="Johann III. von Portugal">roi de Portugal</persName>, comme desia par aultres mes lettres vous ai escript, eusse plus tost desiré qu’elle fust estée alliée <index resp="Abel_Laura">
                  <term xml:id="index_d4e185a1051" key="Deutschland">pardeça</term>
               </index> que ailleurs pour les raisons que vous ai, mons<hi rendition="#sup">r</hi>, escriptes et mandées, mesmes consideré la disposition du temps present, car, comme pouez entendre, ce seroit au plus grant bien et avancement de voz affaires et de toute nostre <index resp="Abel_Laura">
                  <term xml:id="index_d66e113a1051" key="Österreich, Haus">maison d’Austrice</term>
               </index> que ce ne sera, actendu le peu de princes que presentement sont en ceste Allemaigne que à vous ne à icelle veullent du bien. Parquoi vous supplie tres humblement de bien penser et considerer cest affaire et, s’il est possible, le vouloir encoires ainsi faire ce que ne double point, quant entendrez le grant bien que à cause de ce pourra succeder.</p>
            <p>Touchant le besoingne de visconte <persName xml:id="person_d52e241a1050"
                         ref="nognd"
                         resp="Abel_Laura"
                         key="Hannart">Hannart</persName>, je croi qu’il aura V<hi rendition="#sup">re</hi> M<hi rendition="#sup">te</hi> de tout au long averti. Son allée devers le <persName xml:id="person_d89e147a1050"
                         ref="nognd"
                         resp="Abel_Laura"
                         key="Sigismund I.">roi de Polhan</persName> me semble, mons<hi rendition="#sup">r</hi>, estre necessaire et que c’est bien fait de lui envoyer. Et ne me puis assez esbahir des <index resp="Abel_Laura">
                  <term xml:id="index_d24e125a1051" key="Frankreich U">practicques</term>
               </index> que led. roi meine en France, ayant illecq son ambassadeur, car, comme m’escripvez, s’est totalement contrevenir aux traictéz et confederations qu’avez avec lui. Neantmoings, s’il ne veult condescendre à vostre requeste à la raison, vous avez, mons<hi rendition="#sup">r</hi>, entre les mains le moyen pour l’y faire venir tout ainsi que fist l’<persName xml:id="person_d5e124a1050"
                         ref="nognd"
                         resp="Abel_Laura"
                         key="Maximilian I.">empereur</persName>, mon feu s<hi rendition="#sup">r</hi> et grant-pere cui dieu absoille, quant il voulsist empescher le mariaige de <persName xml:id="person_d16e149a1050"
                         ref="nognd"
                         resp="Christopher_F._Laferl"
                         key="A">ma femme</persName> avec l’ung de nous deux et ce par le moyen du <persName xml:id="person_d103e155a1050"
                         ref="nognd"
                         resp="Abel_Laura"
                         key="Wassili III. Iwanowitsch, Großfürst von Moskau">s<hi rendition="#sup">r</hi> de Moscovie</persName>. Les ambassadeurs duquel, comme desia vous ai escript, sont presentement alléz par devers V<hi rendition="#sup">re</hi> M<hi rendition="#sup">te</hi>, lesquelz, si desia ne sont arrivéz, tiens le seront bien tost. Et pour ma part, mons<hi rendition="#sup">r</hi>, s’il vous plaist m’y employer, en riens me pourrez sur le tout mander vostre bon plaisir, auquel accomplir rendrai paine. Atant etc.</p>
            <p>De <placeName xml:id="place_d22e121a1050"
                          ref="nognd"
                          resp="Abel_Laura"
                          key="Wien">Vienne</placeName>, le premier de novembre a<hi rendition="#sup">o</hi> 24.</p>
         </div>
         <div n="6"><!-- commentary -->
            <p>Der hier erwähnte Brief K’s vom 15. August wurde nicht vor gefunden. — Die Einwendungen gegen die Verheiratung Katharinas mit dem Kg von Portugal finden sich bereits in Nr. A76 [28],</p>
            <p>Hannart ging nicht nach Polen. Vgl. Nr. A114, A117. Er schrieb darüber aus <placeName xml:id="place_d56e294a1050"
                          ref="nognd"
                          resp="Abel_Laura"
                          key="Mechelen/Malines">Mecheln </placeName>am 22. Oktober an K: <hi rendition="#i">Sire, quant à ce que me mandez, ayant achevé les plus necessaires affaires de ma cherge, que je voise vers le roi de Polem pour les causes, contenues en mes instructions, et davantaige pour le dissuader et oster du </hi>
               <index resp="Abel_Laura">
                  <term xml:id="index_d89e155a1051" key="Heirat, Projekt Polen - Frankreich"/>
               </index>
               <hi rendition="#i">que entendez se praticque par led. roi, son filz, avec l’une des filles de France, surquoi plaise savoir à Vostred. M</hi>
               <hi rendition="#i #sup">te</hi>
               <hi rendition="#i"> que mesd. instructions contiennent en caz que lesd. </hi>
               <persName xml:id="person_d27e212a1050"
                         ref="nognd"
                         resp="Abel_Laura"
                         key="Georg von Sachsen">
                  <hi rendition="#i">ducz de Saxen</hi>
               </persName>
               <hi rendition="#i"> voulsissent entendre au </hi>
               <index resp="Abel_Laura">
                  <term xml:id="index_d108e207a1051" key="Heirat, Projekt Polen – Sachsen"/>
               </index>
               <hi rendition="#i"> dud. roi de Polem, lors j’iroie vers lui et autrement non, et oud. caz pour mieulx amener icelui roi aud. mariage, j’avoie chergé lui porter et baillier le colier de vostre ordre de la </hi>
               <index resp="Abel_Laura">
                  <term xml:id="index_d89e237a1051" key="Goldenes Vließ, Orden"/>
               </index>
               <hi rendition="#i">. Maintenant que lesd. ducz n’ont voulu entendre aud. mariaige, ma commission a esté changié et chopié et par ainsi suis retourné ici, actendant vostred. responce.</hi> (Wien, St.-A. Belgica.) Über die polnische Gesandtschaft nach Frankreich vgl. H. Uebersberger 1, S. 183. — Betreffs der russischen Gesandten s. Nr. A97.</p>
         </div>
      </body>
   </text>
</TEI>
