<?xml version="1.0" encoding="UTF-8"?>
<TEI xmlns="http://www.tei-c.org/ns/1.0">
   <teiHeader>
      <fileDesc>
         <titleStmt>
            <title type="main">A103.</title>
            <title type="sub">Ferdinand an Karl, 1524 November 1, Wien.</title>
            <author>
               <persName ref="nognd">Ferdinand</persName>
            </author>
         </titleStmt>
         <editionStmt>
            <edition>Vollständige digitalisierte Ausgabe</edition>
         </editionStmt>
         <publicationStmt>
            <publisher xml:id="nnnn">
               <orgName role="hostingInstitution">Universität Salzburg</orgName>
               <orgName role="project">Edition der Familienkorrespondenz Ferdinands I.</orgName>
               <address>
                  <addrLine>Paris Lodron Universität Salzburg PLUS</addrLine>
                  <addrLine>Kapitelgasse 4</addrLine>
                  <addrLine>A-5020 Salzburg - Österreich</addrLine>
               </address>
            </publisher>
            <pubPlace>Salzburg</pubPlace>
            <date type="publication">2015-07-09</date>
            <availability>
               <licence target="https://creativecommons.org/licenses/by/3.0/">
                  <p>Creative Commons BY 3.0</p>
               </licence>
            </availability>
            <idno type="DOI">nnnn</idno>
         </publicationStmt>
         <sourceDesc>
            <bibl type="MS">Die Korrespondenz Ferdinands I. Familienkorrespondenz bis 1526</bibl>
            <biblFull>
               <titleStmt>
                  <title type="main">Die Korrespondenz Ferdinands I. Familienkorrespondenz bis 1526</title>
               </titleStmt>
               <publicationStmt>
                  <publisher>
                     <name>Holzhausen</name>
                  </publisher>
                  <publisher>
                     <name>Kommission für Neuere Geschichte Österreichs</name>
                  </publisher>
                  <pubPlace>Wien</pubPlace>
                  <date type="publication">1912</date>
               </publicationStmt>
            </biblFull>
         </sourceDesc>
      </fileDesc>
      <profileDesc>
         <correspDesc>
            <correspAction type="sent">
               <persName ref="nognd">Ferdinand</persName>
               <placeName ref="nognd">Wien</placeName>
               <date>1524 November 1</date>
            </correspAction>
            <correspAction type="received">
               <persName ref="nognd">Karl</persName>
            </correspAction>
         </correspDesc>
      </profileDesc>
      <encodingDesc>
         <appInfo>
            <application ident="TEI_fromDOCX" version="2.15.0">
               <label>DOCX to TEI</label>
            </application>
         </appInfo>
      </encodingDesc>
      <revisionDesc>
         <listChange>
            <change>
               <date>2022-11-12T10:01:33Z</date>
               <name ref="nognd">Pitzer Doris</name>
            </change>
         </listChange>
      </revisionDesc>
   </teiHeader>
   <text>
      <body>
         <div n="1"><!-- letter_header -->
            <p>
               <hi rendition="#b">A103.</hi>
            </p>
            <table rend="rules">
               <row>
                  <cell>
                     <hi rendition="#i">Ferdinand an Karl.</hi>
                  </cell>
                  <cell>
                     <hi rendition="#i">1524 November 1. Wien.</hi>
                  </cell>
               </row>
            </table>
         </div>
         <div n="2" xml:lang="de"><!-- regest_de -->
            <p>1. Einnahme Mailands durch die Franzosen. Wandte sich an Venedig um Hilfe. 2. Truppensendung nach Italien. Will nach Innsbruck gehen. 3. Sandte einen seiner Räte an den Eb von Mainz. 4. Gerücht von einem Bündnis des Kf von Sachsen mit den 72 Reichsstädten zugunsten Luthers. 5. Notwendigkeit, das Reichsregiment mit Geld zu unterstützen. 6. [Nachtrag.] Erfolg Alarcons über die Franzosen.</p>
         </div>
         <div n="3" xml:lang="en"><!-- regest_en -->
            <p>1. The French have taken Milan. Has turned to Venice for help. 2. Sending troops to Italy. Wants to travel to Innsbruck. 3. Has sent one of his counselors to the Archbishop of Mainz. 4. Rumors are circulating regarding an alliance between the Prince Elector of Saxony and the 72 imperial cities in favor of Luther. 5. Funding necessary for the the Imperial Government. 6. [Postscript.] Alarcon's success against the French.</p>
         </div>
         <div n="4"><!-- archive_desc -->
            <p>Wien, St.-A. Hs. B. 597 I, S. 34-35.</p>
            <p>Druck: Familienkorrespondenz Bd. 1, Nr. 103, S. 232-234.</p>
         </div>
         <div type="letter" n="5"><!-- transcription -->
            <p>Mons<hi rendition="#sup">r</hi>, je vous tiens tous averti du succes de l’armée du s<hi rendition="#sup">r</hi> de <persName xml:id="person_d54e97a1050"
                         ref="nognd"
                         resp="Abel_Laura"
                         key="Bourbon">Bourbon</persName> et comme le <persName xml:id="person_d24e327a1050"
                         ref="nognd"
                         resp="Abel_Laura"
                         key="Franz I.">roi de France</persName> en propre personne soit passé en <index resp="Abel_Laura">
                  <term xml:id="index_d35e144a1051" key="Italien">Ytalie</term>
               </index> et prinse la cité de <index resp="Abel_Laura">
                  <term xml:id="index_d27e550a1051" key="Mailand">Milan</term>
               </index> dont le deplaisir qu’en ai eu n’est à croire, combien que à ce que dieu veult nullui ne peult, ne doibt contredire. Et consideré ce que cest affaire vous touchoit, ai, mons<hi rendition="#sup">r</hi>, incontinant escript à la seignorie de <index resp="Abel_Laura">
                  <term xml:id="index_d24e283a1051" key="Venedig">Venize</term>
               </index> et leur ai fait escripre par leur ambassadeur qu’est devers moi, leur requerant que ensuivant la confederation et alliance qu’avons parensemble ilz veulent pour leur part donner tout l’assistence, aide et conseil que possible sera, ce qu’espere feroit, comme suis certiffié de leurd. ambassadeur.</p>
            <p>D’autrepart ai ordonné à ceulx du regiment d’<placeName xml:id="place_d8e140a1050"
                          ref="nognd"
                          resp="Abel_Laura"
                          key="Innsbruck">Ysbrough</placeName> qu’ilz ayent à faire tout ce que par vostre <persName xml:id="person_d27e663a1050"
                         ref="nognd"
                         resp="Abel_Laura"
                         key="Lannoy">viceroi</persName> et <persName xml:id="person_d27e555a1050"
                         ref="nognd"
                         resp="Abel_Laura"
                         key="Francesco II.">duc de Milan</persName> leur sera commandé, mesmes à bailler toute faveur et adresse pour la depesche de 10000 pietons que led. viceroi a constitué lever pour renforcer leur armée. Avec ce je faiz dresser mes affaires que ne sont pas petis en ce pays d’<index resp="Abel_Laura">
                  <term xml:id="index_d22e125a1051" key="Österreich">Austrice</term>
               </index> pour incontinant, si les choses en <index resp="Abel_Laura">
                  <term xml:id="index_d35e144a1051" key="Italien">Ytalie</term>
               </index> ne se changent, me trouver aud. Ysbrough pour estre plus près et mieulx pouoir aider et pourveoir à ce qui sera necessaire et que me sera possible, car à vous servir ne veulx espargner ne corps ne biens, ains les y veulx employer comme pour mons<hi rendition="#sup">r</hi>.</p>
            <p>Des practicques et affaires de l’empire vous ai, mons<hi rendition="#sup">r</hi>, assez au long averti; lesquelles de jour en jour sont plus grandes. J’ai envoyé ung mien conseillier vers <persName xml:id="person_d24e392a1050"
                         ref="nognd"
                         resp="Abel_Laura"
                         key="Albrecht von Brandenburg">l’archevesque de Maience</persName>, par lequel espere estre averti d’aucunes choses d’importance, concernans vostre honneur, auctorité et reputation, que les ayent entendues, vous en adviserai incontinant.</p>
            <p>L’on veult dire que le <persName xml:id="person_d27e212a1050"
                         ref="nognd"
                         resp="Abel_Laura"
                         key="Georg von Sachsen">duc de Saxen</persName> a fait quelque confederation avec les 72 villes de l’empire, lesquelz parensemble sont deliberéz soubstenir ceste mauldicte <index resp="Abel_Laura">
                  <term xml:id="index_d32e217a1051" key="Lutheraner">secte de Luthere</term>
               </index>.</p>
            <p>D’aultre part, mons<hi rendition="#sup">r</hi>, il est necessaire que pourvoyez de l’argent, comme vous ai escript, pour l’entretenement du <index resp="Abel_Laura">
                  <term xml:id="index_d24e259a1051" key="HRR, Regiment">regiment de l’empire</term>
               </index>, ou autrement je ne voi autre moyen, sinon qu’il se rompra. Dequoi pouez, mons<hi rendition="#sup">r</hi>, penser ce qu’il en peult avenir et quel honneur vous en aurez, vous certiffiant que desia il le fut, si de nouveau je n’eusse pourveu et envoyé près de 4000 florins d’or pour furnir au payement de ce second terme, que ne m’est sans grant paine, veu les necessitéz, où je suis constitué. Atant etc.</p>
            <p>De Vienne, le premier de novembre a<hi rendition="#sup">o</hi> 24.</p>
            <p>Depuis cestes escriptes me sont venues nouvelles, comme <persName xml:id="person_d109e184a1050"
                         ref="nognd"
                         resp="Abel_Laura"
                         key="Alarcón, Hernando de, spanischer Heerführer">Allarcon</persName> avec cincq mil pietons Espaignolz et 700 lances estoit arrivé à Milan et avoit enchassé les <index resp="Abel_Laura">
                  <term xml:id="index_d7e168a1051" key="Frankreich">Franchois</term>
               </index> qui estoient entréz en la ville de <placeName xml:id="place_d27e374a1050"
                          ref="nognd"
                          resp="Abel_Laura"
                          key="Rom">Romme</placeName>. L’on m’a escript, comme ung courrier qui venoit de devers V<hi rendition="#sup">re</hi> M<hi rendition="#sup">te</hi> a esté prins par les François. Datum ut supra.</p>
         </div>
         <div n="6"><!-- commentary -->
            <p>Der Einzug der Franzosen in Mailand erfolgte am 26. Oktober. — Die Nachricht, daß der Kg von Frankreich nach Italien ziehe, kam, wie es scheint, vom Vizekg von Neapel, Lannoy. Sofort begab sich <persName xml:id="person_d31e160a1050"
                         ref="nognd"
                         resp="Abel_Laura"
                         key="Salamanca">Salamanca</persName> im Namen des Ehgs zu <persName xml:id="person_d109e207a1050"
                         ref="nognd"
                         resp="Abel_Laura"
                         key="Contarini, Carlo">Carlo Contarini</persName>, der als venezianischer Orator am Hofe F’s weilte, und teilte ihm mit, <hi rendition="#i">però dovesse subito mandarli da 8 in 10 mila fanti in aiuto di l’impresa, et cussi era stà ordinato de farli. Pertanto, la serenità del principe pregava osso orator scrivesse a la signoria non dovesse mancar di far quanto è ubligata per li capitoli ad defension di quel stado, perchè cussì il vicerè li havia scritto al prefato principe rechiedesse la signoria . . .</hi> Sanuto 37, 168. (Bericht C. Contarinis vom 24. und 31. Oktober.)</p>
            <p>Schon in seinem Berichte vom 15. Oktober kündigt <persName xml:id="person_d31e156a1050"
                         ref="nognd"
                         resp="Abel_Laura"
                         key="Campeggi">Campeggi</persName> die Wahrscheinlichkeit einer bevorstehenden Abreise F’s von <placeName xml:id="place_d22e121a1050"
                          ref="nognd"
                          resp="Abel_Laura"
                          key="Wien">Wien </placeName>nach Innsbruck an. Mon. Vat. Hist. 2, 1, S. 52. Auch dem Orator der Signorie gegenüber erklärte F geflissentlich, daß er die Absicht habe, nach <index resp="Abel_Laura">
                  <term xml:id="index_d27e142a1051" key="Tirol">Tirol</term>
               </index> zu gehen und 6—8000 Mann auszurüsten. Wie wir erfahren, machte diese Meldung einen tiefen Eindruck in Venedig. Sanuto 37, 202. — F folgte mit der Absicht, nach Innsbruck zu reisen, dem Gesuche Lannoys. Zugleich sandte er <persName xml:id="person_d109e225a1050"
                         ref="nognd"
                         resp="Abel_Laura"
                         key="Meneses">Herrn von Meneses </persName>an Bourbon, um auch mit diesem in Fühlung zu treten. Bucholtz 2, S. 269f. — Wie ernst es F mit der Unterstützung Lannoys in Italien nahm, ergibt sich aus seinem Mandat an die Reitkammer der oberösterreichischen Lande vom 14. November (aus <placeName xml:id="place_d6e204a1050"
                          ref="nognd"
                          resp="Abel_Laura"
                          key="Linz">Linz</placeName>), worin er befiehlt, man möge dem Vizekg zu Hilfe <hi rendition="#i">„dem </hi>
               <persName xml:id="person_d24e327a1050"
                         ref="nognd"
                         resp="Hofer-Bindeus_Johannes"
                         key="Franz I.">
                  <hi rendition="#i">kunig von Frannckreich </hi>
               </persName>
               <hi rendition="#i">wider sein furnemen in </hi>
               <index resp="Hofer-Bindeus_Johannes">
                  <term xml:id="index_d35e144a1051" key="Italien"/>
               </index>
               <hi rendition="#i">mit ernnstlicher gegenwer zu begegnen“</hi> aus dem Zeughause zu <placeName xml:id="place_d35e255a1050"
                          ref="nognd"
                          resp="Abel_Laura"
                          key="Trient">Trient </placeName>12 Geschütze mit Gefäßen, Zugehörung und zu jedem Stück 50 Kugeln auf der <placeName xml:id="place_d109e247a1050"
                          ref="nognd"
                          resp="Abel_Laura"
                          key="Etsch">Etsch </placeName>nach <placeName xml:id="place_d96e128a1050"
                          ref="nognd"
                          resp="Abel_Laura"
                          key="Verona">Verona </placeName>von sachverständigen Personen transportieren lassen. H. K.-A. Gedenkb. 21, Bl. 230'. Am 28. November erfolgt bereits aus Innsbruck der Befehl, dem Vizekg aus den Zeughäusern in Tirol 4000 <hi rendition="#i">„knechtisch“</hi> Spieße gegen gebührliche Bezahlung zu liefern. Ebenda, Bl. 233.</p>
            <p>Am 4. November berichtet Campeggi: <hi rendition="#i">El principe di novo ha mandato un altro al Maguntino per quella cosa che altre volte io scrissi.</hi> Mon. Vat. Hung. 2, 1, S. 64. Nach diesem Verweis auf frühere Mitteilungen muß man annehmen, daß es sich um den Abfall des <index resp="Abel_Laura">
                  <term xml:id="index_d109e263a1051" key="Magdeburg, Domkapitel">Magdeburger Domkapitels</term>
               </index> zur <index resp="Abel_Laura">
                  <term xml:id="index_d82e657a1051" key="Reformation">Reformation </term>
               </index>handelt (ebenda, S. 51), doch mag dies von F als Vorwand für wichtigere politische Aufträge gebraucht worden sein.</p>
            <p>Der spanische Heerführer Ferdinand Alarcon zog zwar am 21. Oktober in Mailand ein, verließ die Stadt aber sogleich, als die Nachricht von der Ankunft französischer Truppen einlangte. Sanuto 37, Sp. 80, 85, 87, 91. Er zog sich zugleich mit Lannoy, <persName xml:id="person_d109e272a1050"
                         ref="nognd"
                         resp="Abel_Laura"
                         key="Pescara">Pescara </persName>und den anderen nach <placeName xml:id="place_d109e275a1050"
                          ref="nognd"
                          resp="Abel_Laura"
                          key="Lodi">Lodi </placeName>zurück (ebenda 99). Die Angaben über seine Heeresmacht schwanken zwischen 300 und 400 Lanzen, beziehungsweise 3000, 4000 und 14.000 (!) Mann Fußvolk. </p>
         </div>
      </body>
   </text>
</TEI>
