<?xml version="1.0" encoding="UTF-8"?>
<TEI xmlns="http://www.tei-c.org/ns/1.0">
   <teiHeader>
      <fileDesc>
         <titleStmt>
            <title type="main">A109.</title>
            <title type="sub">Ferdinand an Margareta, 1524 November 13, Amstetten.</title>
            <author>
               <persName ref="nognd">Ferdinand</persName>
            </author>
         </titleStmt>
         <editionStmt>
            <edition>Vollständige digitalisierte Ausgabe</edition>
         </editionStmt>
         <publicationStmt>
            <publisher xml:id="nnnn">
               <orgName role="hostingInstitution">Universität Salzburg</orgName>
               <orgName role="project">Edition der Familienkorrespondenz Ferdinands I.</orgName>
               <address>
                  <addrLine>Paris Lodron Universität Salzburg PLUS</addrLine>
                  <addrLine>Kapitelgasse 4</addrLine>
                  <addrLine>A-5020 Salzburg - Österreich</addrLine>
               </address>
            </publisher>
            <pubPlace>Salzburg</pubPlace>
            <date type="publication">2015-07-09</date>
            <availability>
               <licence target="https://creativecommons.org/licenses/by/3.0/">
                  <p>Creative Commons BY 3.0</p>
               </licence>
            </availability>
            <idno type="DOI">nnnn</idno>
         </publicationStmt>
         <sourceDesc>
            <bibl type="MS">Die Korrespondenz Ferdinands I. Familienkorrespondenz bis 1526</bibl>
            <biblFull>
               <titleStmt>
                  <title type="main">Die Korrespondenz Ferdinands I. Familienkorrespondenz bis 1526</title>
               </titleStmt>
               <publicationStmt>
                  <publisher>
                     <name>Holzhausen</name>
                  </publisher>
                  <publisher>
                     <name>Kommission für Neuere Geschichte Österreichs</name>
                  </publisher>
                  <pubPlace>Wien</pubPlace>
                  <date type="publication">1912</date>
               </publicationStmt>
            </biblFull>
         </sourceDesc>
      </fileDesc>
      <profileDesc>
         <correspDesc>
            <correspAction type="sent">
               <persName ref="nognd">Ferdinand</persName>
               <placeName ref="nognd">Amstetten</placeName>
               <date>1524 November 13</date>
            </correspAction>
            <correspAction type="received">
               <persName ref="nognd">Margareta</persName>
            </correspAction>
         </correspDesc>
      </profileDesc>
      <encodingDesc>
         <appInfo>
            <application ident="TEI_fromDOCX" version="2.15.0">
               <label>DOCX to TEI</label>
            </application>
         </appInfo>
      </encodingDesc>
      <revisionDesc>
         <listChange>
            <change>
               <date>2022-11-12T10:02:08Z</date>
               <name ref="nognd">Pitzer Doris</name>
            </change>
         </listChange>
      </revisionDesc>
   </teiHeader>
   <text>
      <body>
         <div n="1"><!-- letter_header -->
            <p>
               <hi rendition="#b">A109.</hi>
            </p>
            <table rend="rules">
               <row>
                  <cell>
                     <hi rendition="#i">Ferdinand an Margareta.</hi>
                  </cell>
                  <cell>
                     <hi rendition="#i">1524 November 13. Amstetten.</hi>
                  </cell>
               </row>
            </table>
         </div>
         <div n="2" xml:lang="de"><!-- regest_de -->
            <p>Sendet seinen Obermundschenk Luis de Tovar nach England. Beglaubigt ihn bei Mg und bittet sie, sie möge ihm mit Rat beistehen.</p>
         </div>
         <div n="3" xml:lang="en"><!-- regest_en -->
            <p>Is sending his Cupbearer Luis de Tovar to England. Accredits him for Mg and asks her to give him advice.</p>
         </div>
         <div n="4"><!-- archive_desc -->
            <p>Lille, Arch. départ. Lettres missives, portf. 48. Original.</p>
            <p>Druck: Familienkorrespondenz Bd. 1, Nr. 109, S. 240.</p>
         </div>
         <div type="letter" n="5"><!-- transcription -->
            <p>M<hi rendition="#sup">me</hi>, j’envoie presentement <persName xml:id="person_d88e181a1050"
                         ref="nognd"
                         resp="Abel_Laura"
                         key="Tovar, Luis de">Loys de Tovar</persName>, mon premier eschançon, devers le s<hi rendition="#sup">r</hi>
               <persName xml:id="person_d38e129a1050"
                         ref="nognd"
                         resp="Abel_Laura"
                         key="Heinrich VIII.">roi d’Angleterre</persName> pour les causes que par lui amplement entendrez, auquel ai chargé passer par devers vous pour entierement vous communicquer et declairer sa charge, pour sur icelle avoir vostre bon advis, afin de mieulx soi y savoir conduire. Parquoi vous prie, m<hi rendition="#sup">me</hi>, le croire pour ceste foi de ce qu’il vous dira. Et actendu qu’il touche tant de service de l’empereur mons<hi rendition="#sup">r</hi>, vous supplie, l’ayant oui, lui vouloir donner vostre bon advis et conseil pour plus facilement parvenir à la depesche de sad. charge. Atant, m<hi rendition="#sup">me</hi>, ma bonne tante, je prie le createur qui vous doint bonne vie et longue.</p>
            <p>De <placeName xml:id="place_d115e121a1050"
                          ref="nognd"
                          resp="Abel_Laura"
                          key="Amstetten">Ambstete</placeName>, ce 13<hi rendition="#sup">e</hi> de novembre a<hi rendition="#sup">o</hi> 24.</p>
            <p>Vostre<hi rendition="#sup">a</hi>) bon et humble nepveur Ferdinandus.</p>
         </div>
         <div n="6"><!-- commentary -->
            <p>a) von <hi rendition="#i">vostre </hi>an eigenhändig. </p>
         </div>
      </body>
   </text>
</TEI>
