<?xml version="1.0" encoding="UTF-8"?>
<TEI xmlns="http://www.tei-c.org/ns/1.0">
   <teiHeader>
      <fileDesc>
         <titleStmt>
            <title type="main">A114.</title>
            <title type="sub">Ferdinand an Margareta, .</title>
            <author>
               <persName ref="nognd">Ferdinand</persName>
            </author>
         </titleStmt>
         <editionStmt>
            <edition>Vollständige digitalisierte Ausgabe</edition>
         </editionStmt>
         <publicationStmt>
            <publisher xml:id="nnnn">
               <orgName role="hostingInstitution">Universität Salzburg</orgName>
               <orgName role="project">Edition der Familienkorrespondenz Ferdinands I.</orgName>
               <address>
                  <addrLine>Paris Lodron Universität Salzburg PLUS</addrLine>
                  <addrLine>Kapitelgasse 4</addrLine>
                  <addrLine>A-5020 Salzburg - Österreich</addrLine>
               </address>
            </publisher>
            <pubPlace>Salzburg</pubPlace>
            <date type="publication">2015-07-09</date>
            <availability>
               <licence target="https://creativecommons.org/licenses/by/3.0/">
                  <p>Creative Commons BY 3.0</p>
               </licence>
            </availability>
            <idno type="DOI">nnnn</idno>
         </publicationStmt>
         <sourceDesc>
            <bibl type="MS">Die Korrespondenz Ferdinands I. Familienkorrespondenz bis 1526</bibl>
            <biblFull>
               <titleStmt>
                  <title type="main">Die Korrespondenz Ferdinands I. Familienkorrespondenz bis 1526</title>
               </titleStmt>
               <publicationStmt>
                  <publisher>
                     <name>Holzhausen</name>
                  </publisher>
                  <publisher>
                     <name>Kommission für Neuere Geschichte Österreichs</name>
                  </publisher>
                  <pubPlace>Wien</pubPlace>
                  <date type="publication">1912</date>
               </publicationStmt>
            </biblFull>
         </sourceDesc>
      </fileDesc>
      <profileDesc>
         <correspDesc>
            <correspAction type="sent">
               <persName ref="nognd">Ferdinand</persName>
               <date/>
            </correspAction>
            <correspAction type="received">
               <persName ref="nognd">Margareta</persName>
            </correspAction>
         </correspDesc>
      </profileDesc>
      <encodingDesc>
         <appInfo>
            <application ident="TEI_fromDOCX" version="2.15.0">
               <label>DOCX to TEI</label>
            </application>
         </appInfo>
      </encodingDesc>
      <revisionDesc>
         <listChange>
            <change>
               <date>2022-11-12T10:02:37Z</date>
               <name ref="nognd">Pitzer Doris</name>
            </change>
         </listChange>
      </revisionDesc>
   </teiHeader>
   <text>
      <body>
         <div n="1"><!-- letter_header -->
            <p>
               <hi rendition="#b">A114.</hi>
            </p>
            <table rend="rules">
               <row>
                  <cell>
                     <hi rendition="#i">Ferdinand an Margareta.</hi>
                  </cell>
                  <cell>
                     <hi rendition="#i">1524 Dezember 2 Innsbruck.</hi>
                  </cell>
               </row>
            </table>
         </div>
         <div n="2" xml:lang="de"><!-- regest_de -->
            <p>Sie möge Hannart beordern, auf der Fahrt nach Polen F zu besuchen, um Aufträge entgegenzunehmen.</p>
         </div>
         <div n="3" xml:lang="en"><!-- regest_en -->
            <p>Asks her to order Hannart to see F on his way to Poland and pick up some assignments.</p>
         </div>
         <div n="4"><!-- archive_desc -->
            <p>Lille, Arch. départ. Lettres missives, portf. 48. Original.</p>
            <p>Druck: Familienkorrespondenz Bd. 1, Nr. 114, S. 243.</p>
         </div>
         <div type="letter" n="5"><!-- transcription -->
            <p>M<hi rendition="#sup">me</hi>, l’empereur mons<hi rendition="#sup">r</hi> m’a escript, comme il avoit ordonné aller le visconte <persName xml:id="person_d52e241a1050"
                         ref="nognd"
                         resp="Abel_Laura"
                         key="Hannart">Hannart</persName> devers le <persName xml:id="person_d89e147a1050"
                         ref="nognd"
                         resp="Abel_Laura"
                         key="Sigismund I.">roi de Polonie</persName> pour aucunes affaires d’importance. Et pour ce que j’ai aussi aucunes choses à solliciter illecq, concernans non seullement à moi, mais à sa m<hi rendition="#sup">te</hi> et aussi avec led. Hannart, vous supplie lui ordonner expressement de à son chemin passer devers moi sans aucune faulte. Atant, m<hi rendition="#sup">me</hi>, ma bonne tante, je prie dieu qui vous doint bonne vie et longue.</p>
            <p>D’<placeName xml:id="place_d8e140a1050"
                          ref="nognd"
                          resp="Abel_Laura"
                          key="Innsbruck">Ynsbrouch</placeName>, ce 2<hi rendition="#sup">e</hi> de decembre a<hi rendition="#sup">o</hi> 24.</p>
            <p>Vostre<hi rendition="#sup">a</hi>) bon et humble nepveu Ferdinandus. </p>
         </div>
         <div n="6"><!-- commentary -->
            <p>Bekanntlich ging Hannart gar nicht nach Polen, vgl. Nr. A102, doch hielt unter den Räten K's eine Zeitlang, wie es scheint, die Absicht vor, Hannart doch nach Polen zu senden. <persName xml:id="person_d27e101a1050"
                         ref="nognd"
                         resp="Abel_Laura"
                         key="Salinas">Salinas</persName> berichtet am 7. September an <persName xml:id="person_d31e160a1050"
                         ref="nognd"
                         resp="Abel_Laura"
                         key="Salamanca">Salamanca</persName> : . . . <hi rendition="#i">crea v. md. que S. M. y todos estos señores de su consejo están bien en le tratar segun su persona y obras merecen, y agora para ayuda de costa le mandan ir en </hi>
               <index resp="Hofer-Bindeus_Johannes">
                  <term xml:id="index_d82e2588a1051" key="Polen"/>
               </index>
               <hi rendition="#i">. Creo yo que á él le darán tales comisiones que dellas saque poco truto, que sará harto castigo por él. </hi>Villa, S. 209. Zur Sendung selbst scheint es nicht gekommen zu sein.</p>
            <p>a) von <hi rendition="#i">vostre </hi>an eigenhändig.</p>
         </div>
      </body>
   </text>
</TEI>
