<?xml version="1.0" encoding="UTF-8"?>
<TEI xmlns="http://www.tei-c.org/ns/1.0">
   <teiHeader>
      <fileDesc>
         <titleStmt>
            <title type="main">A116.</title>
            <title type="sub">Ferdinand an Karl, 1524 Dezember 10, Innsbruck.</title>
            <author>
               <persName ref="nognd">Ferdinand</persName>
            </author>
         </titleStmt>
         <editionStmt>
            <edition>Vollständige digitalisierte Ausgabe</edition>
         </editionStmt>
         <publicationStmt>
            <publisher xml:id="nnnn">
               <orgName role="hostingInstitution">Universität Salzburg</orgName>
               <orgName role="project">Edition der Familienkorrespondenz Ferdinands I.</orgName>
               <address>
                  <addrLine>Paris Lodron Universität Salzburg PLUS</addrLine>
                  <addrLine>Kapitelgasse 4</addrLine>
                  <addrLine>A-5020 Salzburg - Österreich</addrLine>
               </address>
            </publisher>
            <pubPlace>Salzburg</pubPlace>
            <date type="publication">2015-07-09</date>
            <availability>
               <licence target="https://creativecommons.org/licenses/by/3.0/">
                  <p>Creative Commons BY 3.0</p>
               </licence>
            </availability>
            <idno type="DOI">nnnn</idno>
         </publicationStmt>
         <sourceDesc>
            <bibl type="MS">Die Korrespondenz Ferdinands I. Familienkorrespondenz bis 1526</bibl>
            <biblFull>
               <titleStmt>
                  <title type="main">Die Korrespondenz Ferdinands I. Familienkorrespondenz bis 1526</title>
               </titleStmt>
               <publicationStmt>
                  <publisher>
                     <name>Holzhausen</name>
                  </publisher>
                  <publisher>
                     <name>Kommission für Neuere Geschichte Österreichs</name>
                  </publisher>
                  <pubPlace>Wien</pubPlace>
                  <date type="publication">1912</date>
               </publicationStmt>
            </biblFull>
         </sourceDesc>
      </fileDesc>
      <profileDesc>
         <correspDesc>
            <correspAction type="sent">
               <persName ref="nognd">Ferdinand</persName>
               <placeName ref="nognd">Innsbruck</placeName>
               <date>1524 Dezember 10</date>
            </correspAction>
            <correspAction type="received">
               <persName ref="nognd">Karl</persName>
            </correspAction>
         </correspDesc>
      </profileDesc>
      <encodingDesc>
         <appInfo>
            <application ident="TEI_fromDOCX" version="2.15.0">
               <label>DOCX to TEI</label>
            </application>
         </appInfo>
      </encodingDesc>
      <revisionDesc>
         <listChange>
            <change>
               <date>2022-11-12T10:02:49Z</date>
               <name ref="nognd">Pitzer Doris</name>
            </change>
         </listChange>
      </revisionDesc>
   </teiHeader>
   <text>
      <body>
         <div n="1"><!-- letter_header -->
            <p>
               <hi rendition="#b">A116.</hi>
            </p>
            <table rend="rules">
               <row>
                  <cell>
                     <hi rendition="#i">Ferdinand an Karl.</hi>
                  </cell>
                  <cell>
                     <hi rendition="#i">1524 Dezember 10. Innsbruck.</hi>
                  </cell>
               </row>
            </table>
         </div>
         <div n="2" xml:lang="de"><!-- regest_de -->
            <p>1. Empfing K’s Brief vom 4. Oktober. Instruktion Hannarts. Schlägt vor, in dieser Frage eine Untersuchungskommission einzusetzen. 2. Versichert ihn seiner brüderlichen Liebe. 3. [Nachtrag.] Bedauert K wegen seines Fiebers.</p>
         </div>
         <div n="3" xml:lang="en"><!-- regest_en -->
            <p>1. Has received K's letter dated October 4. Hannart's instructions. Suggests establishing an investigative committee in the matter. 2. Assures him of his brotherly love. 3. [Postscript.] Is sorry for K's fever.</p>
         </div>
         <div n="4"><!-- archive_desc -->
            <p>(W) Wien, St.-A. Belgica PA 7: Original, durchwegs von Ferdinand eigenhändig geschrieben. Rückwärts Adresse: <hi rendition="#i">A l’empereur mons</hi>
               <hi rendition="#i #sup">r</hi>
               <hi rendition="#i">. </hi>
            </p>
            <p>(W<hi rendition="#sup">1</hi>) Ebenda, Hs. B. 597 I, S. 36—37. Kopie, in der der Nachtrag [3] fehlt.</p>
            <p>Druck: Familienkorrespondenz Bd. 1, Nr. 116, S. 244-245.</p>
         </div>
         <div type="letter" n="5"><!-- transcription -->
            <p>Mons<hi rendition="#sup">r</hi>,<hi rendition="#sup">a</hi>) treshumblement à vostre bonne grace me recomende. Mons<hi rendition="#sup">r</hi>, j’ai receu vostre lettre du 4<hi rendition="#sup">e</hi> d’octobre dernierement passé responsive à celle que vous avoye escript de ma main. Et quant à ce que dictes n’entendes jamais avoir signé ne ordonné l’instrucion dont vous avoie escript, certes, mons<hi rendition="#sup">r</hi>, aussy ne l’ai je onques creu ni pensé, consideré qu’elle n’estoit seullement contre moy et l’honneur de nous deux, mais aussi contre vostre auctorité et reputation, et<hi rendition="#sup">b</hi>) ne euz oncques celle meffiance<hi rendition="#sup">c</hi>) de vous que<hi rendition="#sup">d</hi>) devries ordonner ny consenti à telles choses contre moy, vostre treshumble et tresobeisant frere, filz et serviteur, ains tiens fermement que ce a esté contrevue par celluy ou ceulx qui n’aiment<hi rendition="#sup">e</hi>) vostre honneur ny mon bien, et afin, mons<hi rendition="#sup">r</hi>, que soies mieulx informé du <persName xml:id="person_d52e241a1050"
                         ref="nognd"
                         resp="Christopher_F._Laferl"
                         key="Hannart">cas</persName> et que celle grande faulceté vous puist estre mieulx et plus surement averée pour la chastier, comme il apartiendra, seroie d’avis et le vous suplie treshumblement choisir et eslire en voz <index resp="Abel_Laura">
                  <term xml:id="index_d14e164a1051" key="Niederlande">Pais d’embas</term>
               </index> deux ou trois bons personages, à vous feables et non<hi rendition="#sup">f</hi>) suspets, et iceulx ordonner venir pardeça devers moy, lesquelz pourront avoir entiere information sur cest affaire d’aucuns gens de bien, voire du mesme <persName xml:id="person_d27e212a1050"
                         ref="nognd"
                         resp="Abel_Laura"
                         key="Georg von Sachsen">duc de Saxen</persName> et icelle eue la vous envoier signée et selée. Et pour plus facillement parvenir à la congnoissance, vous suplie aussy treshumblement en escripre aud. duc de Saxen et à quelque aultre personaige que <persName xml:id="person_d27e101a1050"
                         ref="nognd"
                         resp="Abel_Laura"
                         key="Salinas">Salinas</persName> vous denommera en la mesme forme que envoie la copie des lettres aud. de Salinas.</p>
            <p>Ausurplus, mons<hi rendition="#sup">r</hi>, je vous mercie treshumblement de ce qu’il vous plait ainsy continuer à la bonne et fraternelle amour qu’avez en moy, qu’est la chose en ce monde que plus je desire, comme raison le veult, et certes, mons<hi rendition="#sup">r</hi>, de ma part à jamais trouveres par effect que suis celuy qui entierement veult emploier le corps et les biens en vostre service et pour la conservation de vostre honneur, aucthorité et reputacion, à quoy jusques à oires ay rendu tout leal devoir, vous supliant, mons<hi rendition="#sup">r</hi>, y avoir la mesmes fiance et à la reste me tousiours mander et commender voz bons plaisirs, ausquelz acomplir rendray paine avec l’aide de dieu, auquel je prie qui, mons<hi rendition="#sup">r</hi>, vous doit bonne vie et longue.</p>
            <p>D’<placeName xml:id="place_d8e140a1050"
                          ref="nognd"
                          resp="Abel_Laura"
                          key="Innsbruck">Isbrug</placeName>, ce 10<hi rendition="#sup">e</hi> de decembere.</p>
            <p>Mons<hi rendition="#sup">r</hi>, j’ay ausy entendu, comme avez la <index resp="Abel_Laura">
                  <term xml:id="index_d95e182a1051" key="Gesundheit/Krankheit, K">fievre</term>
               </index> quarta que me est le plus grant desplaisir qui me pouroit estre en ce monde<hi rendition="#sup">g</hi>) ici. Je prie dieu qui vous veule faire bien tost quite, comme j'espere que il faira et est bien besoing pour bons vos affaires.</p>
            <p>Vostre tres humble et tres obeisant frere</p>
            <p>Ferdinandus.</p>
         </div>
         <div n="6"><!-- commentary -->
            <p>a) <hi rendition="#i">Mons</hi>
               <hi rendition="#i #sup">r</hi>
               <hi rendition="#i"> — recomende</hi> fehlt in W<hi rendition="#sup">1</hi>. - b) <hi rendition="#i">e</hi> W. - c) <hi rendition="#i">neffiance</hi> W. - d) in W<hi rendition="#sup">1</hi> folgt <hi rendition="#i">de vostre propre motion.</hi> - e) <hi rendition="#i">aimen</hi> W. - f) <hi rendition="#i">non suspets et</hi> fehlt in W<hi rendition="#sup">1</hi>. </p>
            <p>Gemeint ist Nr. A94. — Betreffs der Verfolgung in Sachen <persName xml:id="person_d52e241a1050"
                         ref="nognd"
                         resp="Abel_Laura"
                         key="Hannart">Hannarts</persName> vgl. Nr. A117 [6].</p>
            <p>g) <hi rendition="#i">mode</hi> W.</p>
            <p>Die schwankende Gesundheit K’s bildet mehrfach Gegenstand brieflicher Mitteilungen. Vgl. Nr. A89, A105, A112.</p>
         </div>
      </body>
   </text>
</TEI>
