<?xml version="1.0" encoding="UTF-8"?>
<TEI xmlns="http://www.tei-c.org/ns/1.0">
   <teiHeader>
      <fileDesc>
         <titleStmt>
            <title type="main">A122.</title>
            <title type="sub">Ferdinand an Karl, 1525 Februar 10, Innsbruck.</title>
            <author>
               <persName ref="nognd">Ferdinand</persName>
            </author>
         </titleStmt>
         <editionStmt>
            <edition>Vollständige digitalisierte Ausgabe</edition>
         </editionStmt>
         <publicationStmt>
            <publisher xml:id="nnnn">
               <orgName role="hostingInstitution">Universität Salzburg</orgName>
               <orgName role="project">Edition der Familienkorrespondenz Ferdinands I.</orgName>
               <address>
                  <addrLine>Paris Lodron Universität Salzburg PLUS</addrLine>
                  <addrLine>Kapitelgasse 4</addrLine>
                  <addrLine>A-5020 Salzburg - Österreich</addrLine>
               </address>
            </publisher>
            <pubPlace>Salzburg</pubPlace>
            <date type="publication">2015-07-09</date>
            <availability>
               <licence target="https://creativecommons.org/licenses/by/3.0/">
                  <p>Creative Commons BY 3.0</p>
               </licence>
            </availability>
            <idno type="DOI">nnnn</idno>
         </publicationStmt>
         <sourceDesc>
            <bibl type="MS">Die Korrespondenz Ferdinands I. Familienkorrespondenz bis 1526</bibl>
            <biblFull>
               <titleStmt>
                  <title type="main">Die Korrespondenz Ferdinands I. Familienkorrespondenz bis 1526</title>
               </titleStmt>
               <publicationStmt>
                  <publisher>
                     <name>Holzhausen</name>
                  </publisher>
                  <publisher>
                     <name>Kommission für Neuere Geschichte Österreichs</name>
                  </publisher>
                  <pubPlace>Wien</pubPlace>
                  <date type="publication">1912</date>
               </publicationStmt>
            </biblFull>
         </sourceDesc>
      </fileDesc>
      <profileDesc>
         <correspDesc>
            <correspAction type="sent">
               <persName ref="nognd">Ferdinand</persName>
               <placeName ref="nognd">Innsbruck</placeName>
               <date>1525 Februar 10</date>
            </correspAction>
            <correspAction type="received">
               <persName ref="nognd">Karl</persName>
            </correspAction>
         </correspDesc>
      </profileDesc>
      <encodingDesc>
         <appInfo>
            <application ident="TEI_fromDOCX" version="2.15.0">
               <label>DOCX to TEI</label>
            </application>
         </appInfo>
      </encodingDesc>
      <revisionDesc>
         <listChange>
            <change>
               <date>2022-11-12T10:03:31Z</date>
               <name ref="nognd">Pitzer Doris</name>
            </change>
         </listChange>
      </revisionDesc>
   </teiHeader>
   <text>
      <body>
         <div n="1"><!-- letter_header -->
            <p>
               <hi rendition="#b">A122.</hi>
            </p>
            <table rend="rules">
               <row>
                  <cell>
                     <hi rendition="#i">Ferdinand an Karl.</hi>
                  </cell>
                  <cell>
                     <hi rendition="#i">1525 Februar 10. Innsbruck.</hi>
                  </cell>
               </row>
            </table>
         </div>
         <div n="2" xml:lang="de"><!-- regest_de -->
            <p>1. Empfing K’s Brief vom 16. Oktober. Pension für die Schweizer. 2. Prozeß über den Nachlaß nach dem verstorbenen Herrn von Neufchâtel. Ankauf des daraus an Gf. Wilhelm von Fürstenberg gefallenen Anteils durch F. 3. Rückkehr von Pfirt.</p>
         </div>
         <div n="3" xml:lang="en"><!-- regest_en -->
            <p>1. Has received K's letter dated October 16. The annutity for the Swiss. 2. Trial regarding the legacy of the late Claudius of Neufchâtel. F's purchase of the share left to Duke Wilhelm of Fürstenberg. 3. Return from Ferrette.</p>
         </div>
         <div n="4"><!-- archive_desc -->
            <p>Wien, St.-A. Hs. B 597 I, S. 39—40. Kopie.</p>
            <p>Druck: Familienkorrespondenz Bd. 1, Nr. 122, S. 262-264.</p>
         </div>
         <div type="letter" n="5"><!-- transcription -->
            <p>Mons<hi rendition="#sup">r</hi>, j’ai receu vostre lettre du 16<hi rendition="#sup">e</hi> d’octobre dernierement passé. Et quant à la pension des <index resp="Abel_Laura">
                  <term xml:id="index_d24e129a1051" key="Schweiz">Suisses</term>
               </index>, je suis content, puis qu’il vous plaist d’en supporter pour l’avenir les trois quars, vous suppliant tres humblement vouloir escripre et ordonner à <persName xml:id="person_d13e136a1050"
                         ref="nognd"
                         resp="Abel_Laura"
                         key="Mg">m<hi rendition="#sup">me</hi>, ma bonne tante</persName>, qu’elle donne ordre au payement de l’aultre quarte partie, affin que ci-après n’en adviengne ce que presentement en est advenu qu’est que à faulte de payement de son cousté de deux années j’ai esté en dangier d’avoir la guerre auxd. Suysses, combien qu’elle a dois la paye lesd. deux années.</p>
            <p>Touchant ce que dictes, mons<hi rendition="#sup">r</hi>, qu’avez sceu que je doige avoir baillé mon nom pour favoriser la querelle du conte <persName xml:id="person_d24e140a1050"
                         ref="nognd"
                         resp="Abel_Laura"
                         key="Fürstenberg, Graf Wilhelm von">Guillaume de Furstemberg</persName>, touchant les terres qu’il pretendoit en la <index resp="Abel_Laura">
                  <term xml:id="index_d27e332a1051" key="Burgund, Freigrafschaft">conté de Bourgoingne</term>
               </index>, certes, mons<hi rendition="#sup">r</hi>, ceulx qui le vous ont dict vous ont donné mal à entendre. Et affin que de ce qu’il en est soyez au long averti, vous advise, mons<hi rendition="#sup">r</hi>, que le <persName xml:id="person_d125e106a1050"
                         ref="nognd"
                         resp="Abel_Laura"
                         key="Neuchâtel, Claude de">feu s<hi rendition="#sup">r</hi> de Neufchastel </persName>avoit deux <persName xml:id="person_d129e138a1050"
                         ref="nognd"
                         resp="Abel_Laura"
                         key="Werdenberg, Gräfin Elisabeth von, geborene von Neuchâtel">filles</persName> qu’il maria avec les contes <persName xml:id="person_d52e130a1050"
                         ref="nognd"
                         resp="Abel_Laura"
                         key="Werdenberg, Graf Felix von">Felix de Werdemberg</persName> et <persName xml:id="person_d24e140a1050"
                         ref="nognd"
                         resp="Abel_Laura"
                         key="Fürstenberg, Graf Wilhelm von">Guillaume de Furstemberg</persName>, comme bien vous tiens informé. Lesquelles il fit et nomma avant son trespas heritieres universelles, mesmes la <persName xml:id="person_d129e147a1050"
                         ref="nognd"
                         resp="Abel_Laura"
                         key="Neuchâtel, Bona (Jutta) de">femme</persName> dud. conte Guillaume desd. terres qu’estoient sa portion, laquelle par son testament et derniere volunté donna entierement icelles aud. conte Guillaume, son mari. Lequel les a tousjours tenues et possedées par l’espace d’environ treize ans, mais il advint que après le <index resp="Christopher_F._Laferl">
                  <term xml:id="index_d129e151a1051" key="Tod, Claude de Neuchâtel">trespas dud. feu s de Neufchastel </term>
               </index>et avant cellui de sad. fille, femme dud. de Furstemberg, ung nommé <persName xml:id="person_d129e155a1050"
                         ref="nognd"
                         resp="Abel_Laura"
                         key="Neuchâtel, Fernando de">Fernando de Neufchastel</persName>, filz du frere dud. feu s<hi rendition="#sup">r</hi> de Neufchastel et cousin germain desd. deux dames, soi disant heritier (comme neveu) desd. seigneuries, et non elles comme filles à cause de certain traictié qu’il disoit avoit esté fait par led. feu s<hi rendition="#sup">r</hi> de Neufchastel avec sond. pere en leur vivant. Lequel Fernando succita à ceste cause proces en la court de parlement à <placeName xml:id="place_d129e164a1050"
                          ref="nognd"
                          resp="Abel_Laura"
                          key="Dôle">Dole</placeName> pour parvenir auxd. terres, et après que led. affaire fut longuement en justice, veant qu’il n’y pourroit parvenir ainsi qu’il entendoit, vendit sa querelle d’icelles terres au duc <persName xml:id="person_d24e132a1050"
                         ref="nognd"
                         resp="Abel_Laura"
                         key="Ulrich von Württemberg">Wolrick de Wirtemberg</persName>. Lequel Fernando mourut puis quelque temps après, delaissant une fille qu’est presentement mariée au s<hi rendition="#sup">r</hi> de Montagu. Lequel a prins la cause à soi ou nom de sa femme comme heritiere dud. Fernando, son pere, combien qu’elle n’y ait aucun droict à cause de la vendicion, faict par sond. pere aud. duc de Wirtemberg. Ce neantmoings led. conte Guillaume les a tousjours tenues comme heritier de sad. veue femme à l’encontre dud. <persName xml:id="person_d129e174a1050"
                         ref="nognd"
                         resp="Abel_Laura"
                         key="Montagu, Jean de Neuchâtel, Herr von">s<hi rendition="#sup">r</hi> de Montagu</persName> et d’icellui duc de Wirtemberg qui par force les vouloit avoir et occuper à cause de la vendicion que lui en avoit esté fait, comme dict est. Mais icellui conte Guillaume, veant qu’il ne les pouoit plus soubstenir ni garder tant à cause des molestacions que led. duc lui faisoit comme aussi de certain arrest sequestre, rendu par contumace en la court dud. parlement à Dole à l’encontre dud. conte Guillaume sans estre oi en droict, car de plain lesd. seignories estoient à lui à cause de la donation que sad. feue femme lui en fist par sond. testament et derniere volunté comme heritiere, ainsi que dessus est dict, se transporta devers moi et me declaira que pour le debvoir qu’il estoit tenu à vous et à moi aimoit trop mieulx que lesd. seignories fussent en mes mains ou de nostre maison d’<index resp="Abel_Laura">
                  <term xml:id="index_d66e113a1051" key="Österreich, Haus">Austrice</term>
               </index> que en celles d’autrui et que, si je les vouloie acheter, qu’il les me vendroit pour tel pris, que raisonablement seroit advisé ou autrement il estoit contrainct les vendre et mectre en main plus fort que la sienne, assçavoir des <index resp="Abel_Laura">
                  <term xml:id="index_d24e129a1051" key="Schweiz">Suysses</term>
               </index> ou aultre, ce qu’il ne feroit vouluntiers, veu que lesd. terres sont frontiere et passaige de <index resp="Abel_Laura">
                  <term xml:id="index_d24e144a1051" key="Ferrette">Ferrette</term>
               </index> en la <index resp="Abel_Laura">
                  <term xml:id="index_d27e332a1051" key="Burgund, Freigrafschaft">conté de Bourgoingne</term>
               </index> et que, si icelles estoient es mains desd. Suysses ou du duc de Wirtemberg, seroit ung perpetuel dommaige à vous, mons<hi rendition="#sup">r</hi>, et a moi. A laquelle cause pour evicter les inconveniens que de ce pouoient avenir les ai achetées en vrai et pur achat dud. conte Guillaume et payées en argent comptant et non lui baillé mon nom, ainsi qu’il vous a esté dict. Parquoi vous supplie, mons<hi rendition="#sup">r</hi>, treshumblement, comme par plusieurs foiz ai faict, ne vouloir croire ce ni autres choses que ainsi vous peuvent estre dictes de moi sans premierement me oir et entendre la verité, vous avisant, mons<hi rendition="#sup">r</hi>, daventaige que incontinant que je euz icelles terres en mes mains, escripvis a ceulx de lad. court de parlement à Dole, leur notiffiant led. achapt et que, si quelcun y pretendoit quelque chose, que j’en respondroie en droict comme de raison. Dont pouez, mons<hi rendition="#sup">r</hi>, congnoistre, si je veulx empescher que justice ne soit administrée, ainsi qu’on vous a aussi dit. D’autrepart <persName xml:id="person_d13e136a1050"
                         ref="nognd"
                         resp="Abel_Laura"
                         key="Mg">m<hi rendition="#sup">me</hi>, ma bonne tante</persName>, puis nagueres a envoyé devers moi ung sien conseillier pour cest affaire et pour plus me justiffier ai respondu et suis content que mad. dame et tante commette quatre conseilliers et semblablement je commectrai autres quatre de ma parte. Lesquelz se devront transporter sur les confins desd. terres pour illecq communicquer et visiter tout le proces, concernant lesd. seignories, depuis le commancement jusques à la fin pour après led. proces, veu en disposer ainsi qu’il appertiendra et sera trouvé devra estre faict par raison et justice et daventaige, s’il vous plaist, affin d’evictez toutes querelles, je suis content que vostre chancellier traicte avec led. s<hi rendition="#sup">r</hi> de Montagu, et ayant premierement et de fundement entendu son droict, s’il trouve que j’en soie tenu à quelque chose, suis content lui recompenser et faire de sorte que l’on n’aura cause de se plaindre.</p>
            <p>Quant a mon retour de <index resp="Abel_Laura">
                  <term xml:id="index_d24e144a1051" key="Ferrette">Ferrette</term>
               </index>, combien que ce soit esté contre ma voulenté, neantmoings si m’a il convenu ainsi le faire pour les causes que desia vous ai escript par aultres mes lettres. Atant etc. . . .</p>
            <p>D’<placeName xml:id="place_d8e140a1050"
                          ref="nognd"
                          resp="Abel_Laura"
                          key="Innsbruck">Ysbroug</placeName>, ce 10<hi rendition="#sup">e</hi> de fevrier a<hi rendition="#sup">o</hi> 25.</p>
         </div>
         <div n="6"><!-- commentary -->
            <p>Gemeint ist Nr. A100. Hiemit willigt F zum ersten Male formell in die Zahlung von drei Vierteln der Schweizer Pension ein. F's Mahnungen an Mg betreffs ihrer Beitragsleistung in Nr. A91, A119.</p>
            <p>Die zwei Töchter des Herrn Claudius von Neuchâtel waren Bona (Jutta), die in erster Ehe den Gfen Ludwig von Blamont und zwischen 1505 und 1507 den Gfen Wilhelm von Fürstenberg heiratete, und Elisabeth, welche Gemahlin des Gfen Felix zu Werdenberg wurde. (Mitteilungen aus dem fürstl. Fürstenbergschen Archive 1, S. 4.) <index resp="Christopher_F._Laferl">
                  <term xml:id="index_d129e241a1051" key="Tod, Bona (Jutta) de Neuchâtel">Bona </term>
               </index>scheint 1515 gestorben zu sein (Ersch und Gruber, 1. Sekt., 51. Teil, 485 ff.). Am 15. März 1524 kam zu Nürnberg der Vertrag zwischen Gf. Wilhelm und EHg. F zustande, wonach ersterer an den Habsburger alle seine Rechte auf <placeName xml:id="place_d129e244a1050"
                          ref="nognd"
                          resp="Abel_Laura"
                          key="Neuchâtel">Neuchâtel</placeName>, <placeName xml:id="place_d129e247a1050"
                          ref="nognd"
                          resp="Abel_Laura"
                          key="Héricourt">Héricourt</placeName>, <placeName xml:id="place_d125e112a1050"
                          ref="nognd"
                          resp="Abel_Laura"
                          key="L’Isle sur le Doubs, Herrschaft">L'Isle sur le Doubs</placeName>, <placeName xml:id="place_d129e253a1050"
                          ref="nognd"
                          resp="Abel_Laura"
                          key="Châtelot">Châtelot</placeName>, <placeName xml:id="place_d129e257a1050"
                          ref="nognd"
                          resp="Abel_Laura"
                          key="Clémont, Burg in der Franche-Comté">Clémont</placeName>, <placeName xml:id="place_d129e260a1050"
                          ref="nognd"
                          resp="Abel_Laura"
                          key="Montrond-le-Château">Montron</placeName>, <placeName xml:id="place_d129e263a1050"
                          ref="nognd"
                          resp="Abel_Laura"
                          key="Bourguignon">Bourguignon</placeName>, <placeName xml:id="place_d129e266a1050"
                          ref="nognd"
                          resp="Abel_Laura"
                          key="Pomson (?)">Pomson</placeName>, <placeName xml:id="place_d129e269a1050"
                          ref="nognd"
                          resp="Abel_Laura"
                          key="Granges">Granges </placeName>und <placeName xml:id="place_d129e272a1050"
                          ref="nognd"
                          resp="Abel_Laura"
                          key="Estebon (?)">Estebon</placeName> mit aller Zugehör und noch verschiedenen Rechten, Forderungen und Lasten abtrat. M. F. Arch. 1, S. 99. Über die Ansprüche und Anfechtungen dieses Kaufvertrages durch Gf. Felix zu Werdenberg vgl. ebenda S. 110. — Die wechselnden Stimmungen am Kaiserhofe in Beurteilung dieser Prozeßsache geben die Berichte des <persName xml:id="person_d27e101a1050"
                         ref="nognd"
                         resp="Abel_Laura"
                         key="Salinas">Salinas</persName> wieder. Villa, S. 252, 265, 269.</p>
            <p>Der Eindruck, den der Aufenthalt F's im <index resp="Abel_Laura">
                  <term xml:id="index_d24e374a1051" key="Elsass">Elsaß</term>
               </index> und die von ihm geflissentlich verbreiteten Nachrichten über seine künftigen Absichten hervorriefen, spiegelt sich in den Schweizer Berichten. Man glaubte, er werde seine Streitkräfte mit denen des <persName xml:id="person_d38e129a1050"
                         ref="nognd"
                         resp="Abel_Laura"
                         key="Heinrich VIII.">Kgs von England</persName> vereinigen und von Burgund aus in <index resp="Abel_Laura">
                  <term xml:id="index_d7e168a1051" key="Frankreich">Frankreich</term>
               </index> einfallen. Strickler 1, Nr. 976a, 977.</p>
         </div>
      </body>
   </text>
</TEI>
