<?xml version="1.0" encoding="UTF-8"?>
<TEI xmlns="http://www.tei-c.org/ns/1.0">
   <teiHeader>
      <fileDesc>
         <titleStmt>
            <title type="main">A123.</title>
            <title type="sub">Karl an Ferdinand, 1525 Februar 15, Madrid.</title>
            <author>
               <persName ref="nognd">Karl</persName>
            </author>
         </titleStmt>
         <editionStmt>
            <edition>Vollständige digitalisierte Ausgabe</edition>
         </editionStmt>
         <publicationStmt>
            <publisher xml:id="nnnn">
               <orgName role="hostingInstitution">Universität Salzburg</orgName>
               <orgName role="project">Edition der Familienkorrespondenz Ferdinands I.</orgName>
               <address>
                  <addrLine>Paris Lodron Universität Salzburg PLUS</addrLine>
                  <addrLine>Kapitelgasse 4</addrLine>
                  <addrLine>A-5020 Salzburg - Österreich</addrLine>
               </address>
            </publisher>
            <pubPlace>Salzburg</pubPlace>
            <date type="publication">2015-07-09</date>
            <availability>
               <licence target="https://creativecommons.org/licenses/by/3.0/">
                  <p>Creative Commons BY 3.0</p>
               </licence>
            </availability>
            <idno type="DOI">nnnn</idno>
         </publicationStmt>
         <sourceDesc>
            <bibl type="MS">Die Korrespondenz Ferdinands I. Familienkorrespondenz bis 1526</bibl>
            <biblFull>
               <titleStmt>
                  <title type="main">Die Korrespondenz Ferdinands I. Familienkorrespondenz bis 1526</title>
               </titleStmt>
               <publicationStmt>
                  <publisher>
                     <name>Holzhausen</name>
                  </publisher>
                  <publisher>
                     <name>Kommission für Neuere Geschichte Österreichs</name>
                  </publisher>
                  <pubPlace>Wien</pubPlace>
                  <date type="publication">1912</date>
               </publicationStmt>
            </biblFull>
         </sourceDesc>
      </fileDesc>
      <profileDesc>
         <correspDesc>
            <correspAction type="sent">
               <persName ref="nognd">Karl</persName>
               <placeName ref="nognd">Madrid</placeName>
               <date>1525 Februar 15</date>
            </correspAction>
            <correspAction type="received">
               <persName ref="nognd">Ferdinand</persName>
            </correspAction>
         </correspDesc>
      </profileDesc>
      <encodingDesc>
         <appInfo>
            <application ident="TEI_fromDOCX" version="2.15.0">
               <label>DOCX to TEI</label>
            </application>
         </appInfo>
      </encodingDesc>
      <revisionDesc>
         <listChange>
            <change>
               <date>2022-11-12T10:03:38Z</date>
               <name ref="nognd">Pitzer Doris</name>
            </change>
         </listChange>
      </revisionDesc>
   </teiHeader>
   <text>
      <body>
         <div n="1"><!-- letter_header -->
            <p>
               <hi rendition="#b">A123.</hi>
            </p>
            <table rend="rules">
               <row>
                  <cell>
                     <hi rendition="#i">Karl an Ferdinand.</hi>
                  </cell>
                  <cell>
                     <hi rendition="#i">1525 Februar 15. Madrid.</hi>
                  </cell>
               </row>
            </table>
         </div>
         <div n="2" xml:lang="de"><!-- regest_de -->
            <p>Empfehlung für Georg von Österreich betreffs Maximilians I. Testament.</p>
         </div>
         <div n="3" xml:lang="en"><!-- regest_en -->
            <p>Commendation for George of Austria regarding Maximilian I's last will and testament.</p>
         </div>
         <div n="4"><!-- archive_desc -->
            <p>Wien, St.-A. Hs. B. 595 I, Bl. 5. Kopie.</p>
            <p>Druck: Familienkorrespondenz Bd. 1, Nr. 123, S. 265.</p>
         </div>
         <div type="letter" n="5"><!-- transcription -->
            <p>Mon bon frere, j’ai receu vostre lettre, par laquelle me faictes responce, touchant la coadjutorie de l’<index resp="Abel_Laura">
                  <term xml:id="index_d110e122a1051" key="Salzburg, Erzbistum">archevesché de Saltzbourg</term>
               </index> dont vous avoie escript pour <persName xml:id="person_d48e106a1050"
                         ref="nognd"
                         resp="Abel_Laura"
                         key="Georg von Österreich">don George d’Austrice</persName>. Maintenant led. George m’a requis vous escripre et envoyer la copie d’ung article du testament de feu <persName xml:id="person_d5e124a1050"
                         ref="nognd"
                         resp="Abel_Laura"
                         key="Maximilian I.">l’empereur Maximilien</persName>, nostre grand-pere, qui dieu absoille. Laquelle copie est ci-enclose. Je vous prie avoir pour recommandé icellui don George de maniere qu’il ait l’effect de la donnation, contenue oud. article, car oultre ce qu’il sera bien employé, puisqu’il est du sang de nostre maison et qu’il est tout vertueulx et apparant d’estre grand homme de bien, d’honneur et de science. En ce vous me ferez aussi plesir tres agreable. Mon bon frere, je prie dieu etc.</p>
            <p>
               <placeName xml:id="place_d123e207a1050"
                          ref="nognd"
                          resp="Abel_Laura"
                          key="Madrid">Madril</placeName>, le 15<hi rendition="#sup">e</hi> de febvrier 1525.</p>
         </div>
         <div n="6"><!-- commentary -->
            <p>K bezieht sich auf F’s Schreiben vom 1. November 1524 Nr. A104. In dem <index resp="Abel_Laura">
                  <term xml:id="index_d48e120a1051" key="Maximilian I., Testament">Testamente</term>
               </index> Maximilians I., soweit es auf uns gekommen ist (gedruckt Bucholtz 1, S. 476—481), findet sich keine Erwähnung der unehelichen Kinder des Kaisers. Über die Ansprüche Georgs vgl. übrigens auch Nr. A42.</p>
         </div>
      </body>
   </text>
</TEI>
