<?xml version="1.0" encoding="UTF-8"?>
<TEI xmlns="http://www.tei-c.org/ns/1.0">
   <teiHeader>
      <fileDesc>
         <titleStmt>
            <title type="main">A125.</title>
            <title type="sub">Ferdinand an Margareta, 1525 Februar 19, Innsbruck.</title>
            <author>
               <persName ref="nognd">Ferdinand</persName>
            </author>
         </titleStmt>
         <editionStmt>
            <edition>Vollständige digitalisierte Ausgabe</edition>
         </editionStmt>
         <publicationStmt>
            <publisher xml:id="nnnn">
               <orgName role="hostingInstitution">Universität Salzburg</orgName>
               <orgName role="project">Edition der Familienkorrespondenz Ferdinands I.</orgName>
               <address>
                  <addrLine>Paris Lodron Universität Salzburg PLUS</addrLine>
                  <addrLine>Kapitelgasse 4</addrLine>
                  <addrLine>A-5020 Salzburg - Österreich</addrLine>
               </address>
            </publisher>
            <pubPlace>Salzburg</pubPlace>
            <date type="publication">2015-07-09</date>
            <availability>
               <licence target="https://creativecommons.org/licenses/by/3.0/">
                  <p>Creative Commons BY 3.0</p>
               </licence>
            </availability>
            <idno type="DOI">nnnn</idno>
         </publicationStmt>
         <sourceDesc>
            <bibl type="MS">Die Korrespondenz Ferdinands I. Familienkorrespondenz bis 1526</bibl>
            <biblFull>
               <titleStmt>
                  <title type="main">Die Korrespondenz Ferdinands I. Familienkorrespondenz bis 1526</title>
               </titleStmt>
               <publicationStmt>
                  <publisher>
                     <name>Holzhausen</name>
                  </publisher>
                  <publisher>
                     <name>Kommission für Neuere Geschichte Österreichs</name>
                  </publisher>
                  <pubPlace>Wien</pubPlace>
                  <date type="publication">1912</date>
               </publicationStmt>
            </biblFull>
         </sourceDesc>
      </fileDesc>
      <profileDesc>
         <correspDesc>
            <correspAction type="sent">
               <persName ref="nognd">Ferdinand</persName>
               <placeName ref="nognd">Innsbruck</placeName>
               <date>1525 Februar 19</date>
            </correspAction>
            <correspAction type="received">
               <persName ref="nognd">Margareta</persName>
            </correspAction>
         </correspDesc>
      </profileDesc>
      <encodingDesc>
         <appInfo>
            <application ident="TEI_fromDOCX" version="2.15.0">
               <label>DOCX to TEI</label>
            </application>
         </appInfo>
      </encodingDesc>
      <revisionDesc>
         <listChange>
            <change>
               <date>2022-11-12T10:03:50Z</date>
               <name ref="nognd">Pitzer Doris</name>
            </change>
         </listChange>
      </revisionDesc>
   </teiHeader>
   <text>
      <body>
         <div n="1"><!-- letter_header -->
            <p>
               <hi rendition="#b">A125.</hi>
            </p>
            <table rend="rules">
               <row>
                  <cell>
                     <hi rendition="#i">Ferdinand an Margareta.</hi>
                  </cell>
                  <cell>
                     <hi rendition="#i">1525 Februar 19. Innsbruck.</hi>
                  </cell>
               </row>
            </table>
         </div>
         <div n="2" xml:lang="de"><!-- regest_de -->
            <p>1. Schwierigkeiten wegen Rückkaufs der Herrschaft von L’Isle. 2. Zahlung der Schweizer Pension. Klage über deren Höhe.</p>
         </div>
         <div n="3" xml:lang="en"><!-- regest_en -->
            <p>1. Buying back the rule over L'Isle is proving difficult. 2. Payment of the Swiss annuity. Complains about the amount.</p>
         </div>
         <div n="4"><!-- archive_desc -->
            <p>Lille, Arch. départ. Lettres missives, portf. 50. Original.</p>
            <p>Druck: Familienkorrespondenz Bd. 1, Nr. 126, S. 268-269.</p>
         </div>
         <div type="letter" n="5"><!-- transcription -->
            <p>M<hi rendition="#sup">me</hi>, j’ai receu vostre lettre de 7<hi rendition="#sup">e</hi> de ce present mois. Et quant à la <placeName xml:id="place_d125e112a1050"
                          ref="nognd"
                          resp="Abel_Laura"
                          key="L’Isle sur le Doubs, Herrschaft">seignorie de Lille</placeName> que ceulx de <placeName xml:id="place_d132e106a1050"
                          ref="nognd"
                          resp="Abel_Laura"
                          key="Basel">Basle</placeName> veullent retenir et possesser en telle auctorité comme leurs autres seignories, si ce n’est qu’elle soit rachetée par moi, je vous avertis, m<hi rendition="#sup">me</hi>, que voulentiers la racheteroie. Mais à cause des necessitéz, où suis presentement, ne m’est possible y savoir furnir. J’ai fait pourchasse vers lesd. de Basle, affin qu’ilz voulsissent prolonguer le terme pour ung an ou deux mois; nullement n’y veullent consentir. Et, comme j’ai dit à vostre conseillier, maistre <persName xml:id="person_d132e113a1050"
                         ref="nognd"
                         resp="Abel_Laura"
                         key="Thomassin, Jehan, Mg’s Rat">Jehan Thomassin</persName>, qu’aviez envoyé devers moi et dont tiens vous a amplement escript, s’il vous plaist m’envoyer l’argent, je la racheterai et après la vous laisserai en engaigeure pour la mesme somme. Et par ce moyen ne sera allienée hors de vostre conte, car sans ce je ne voi autre remedde, sinon qu’elle se perd à jamais.</p>
            <p>J’ai aussi entendu par vosd. lettres, comme il vous a pleu pourveoir au payement de la quarte partie de la pansion, deue aux <index resp="Abel_Laura">
                  <term xml:id="index_d24e129a1051" key="Schweiz">Suisses</term>
               </index> pour les deux années qu’elle estoit deux dont suis tres joieulx. Et quant à ce que dictes icelle quarte partie vous estre trop excessive en regard au petit revenu de vostre conté qui ne sauroit exceder les charges ordinaires payées dix mil florins, il me semble, m<hi rendition="#sup">me</hi>, que je pourroie aussi bonne cause de me plaindre, actendu que du pays de <index resp="Abel_Laura">
                  <term xml:id="index_d24e144a1051" key="Ferrette">Ferrette </term>
               </index>ne prens point ung denier par an, qu’est bien loing de 10000 fl., ains me convient prendre autrepart oultre 6000 fl. d’or par an pour l’entretenement du regiment illecq. Et quant au conté de <index resp="Abel_Laura">
                  <term xml:id="index_d27e142a1051" key="Tirol">Tirol</term>
               </index>, n’en ai gueres plus, car le tout est engaigé, comme bien vous tiens averti. Parquoi vous prie, m<hi rendition="#sup">me</hi>, que pour l’avenir veullez donner ordre pour le payement desd. Suisses pour vostred. quarte partie, affin qu’ilz n’aient occasion faire chose qui vous puisse prejudicier à cause de vostre conté. Atant prierai le createur qui, m<hi rendition="#sup">me</hi>, ma bonne tante, vous doint bonne vie et longue.</p>
            <p>D’<placeName xml:id="place_d8e140a1050"
                          ref="nognd"
                          resp="Abel_Laura"
                          key="Innsbruck">Ysproug</placeName>, ce 19<hi rendition="#sup">e</hi> de fevrier anno 25.</p>
            <p>Vostre<hi rendition="#sup">a</hi>) bon et humble nepveur Ferdinandus.</p>
         </div>
         <div n="6"><!-- commentary -->
            <p>Gemeint ist hier die Herrschaft L’Isle sur le Doubs (Lile), die F im Vorjahre von Gf. <persName xml:id="person_d24e140a1050"
                         ref="nognd"
                         resp="Abel_Laura"
                         key="Fürstenberg, Graf Wilhelm von">Wilhelm von Fürstenberg</persName> zusammen mit einer Reihe anderer Güter und Herrschaften gekauft hatte und die für 11 000 fl. rh. der Stadt Basel verpfändet war. Vgl. Nr. A122. Mitteil. aus dem fürstl. Fürstenbergschen Arch. 1, S. 100.</p>
            <p>a) von <hi rendition="#i">vostre</hi> an eigenhändig. </p>
         </div>
      </body>
   </text>
</TEI>
