<?xml version="1.0" encoding="UTF-8"?>
<TEI xmlns="http://www.tei-c.org/ns/1.0">
   <teiHeader>
      <fileDesc>
         <titleStmt>
            <title type="main">A132.</title>
            <title type="sub">Ferdinand an Karl, 1525 März 14, Innsbruck.</title>
            <author>
               <persName ref="nognd">Ferdinand</persName>
            </author>
         </titleStmt>
         <editionStmt>
            <edition>Vollständige digitalisierte Ausgabe</edition>
         </editionStmt>
         <publicationStmt>
            <publisher xml:id="nnnn">
               <orgName role="hostingInstitution">Universität Salzburg</orgName>
               <orgName role="project">Edition der Familienkorrespondenz Ferdinands I.</orgName>
               <address>
                  <addrLine>Paris Lodron Universität Salzburg PLUS</addrLine>
                  <addrLine>Kapitelgasse 4</addrLine>
                  <addrLine>A-5020 Salzburg - Österreich</addrLine>
               </address>
            </publisher>
            <pubPlace>Salzburg</pubPlace>
            <date type="publication">2015-07-09</date>
            <availability>
               <licence target="https://creativecommons.org/licenses/by/3.0/">
                  <p>Creative Commons BY 3.0</p>
               </licence>
            </availability>
            <idno type="DOI">nnnn</idno>
         </publicationStmt>
         <sourceDesc>
            <bibl type="MS">Die Korrespondenz Ferdinands I. Familienkorrespondenz bis 1526</bibl>
            <biblFull>
               <titleStmt>
                  <title type="main">Die Korrespondenz Ferdinands I. Familienkorrespondenz bis 1526</title>
               </titleStmt>
               <publicationStmt>
                  <publisher>
                     <name>Holzhausen</name>
                  </publisher>
                  <publisher>
                     <name>Kommission für Neuere Geschichte Österreichs</name>
                  </publisher>
                  <pubPlace>Wien</pubPlace>
                  <date type="publication">1912</date>
               </publicationStmt>
            </biblFull>
         </sourceDesc>
      </fileDesc>
      <profileDesc>
         <correspDesc>
            <correspAction type="sent">
               <persName ref="nognd">Ferdinand</persName>
               <placeName ref="nognd">Innsbruck</placeName>
               <date>1525 März 14</date>
            </correspAction>
            <correspAction type="received">
               <persName ref="nognd">Karl</persName>
            </correspAction>
         </correspDesc>
      </profileDesc>
      <encodingDesc>
         <appInfo>
            <application ident="TEI_fromDOCX" version="2.15.0">
               <label>DOCX to TEI</label>
            </application>
         </appInfo>
      </encodingDesc>
      <revisionDesc>
         <listChange>
            <change>
               <date>2022-11-12T10:04:31Z</date>
               <name ref="nognd">Pitzer Doris</name>
            </change>
         </listChange>
      </revisionDesc>
   </teiHeader>
   <text>
      <body>
         <div n="1"><!-- letter_header -->
            <p>
               <hi rendition="#b">A132.</hi>
            </p>
            <table rend="rules">
               <row>
                  <cell>
                     <hi rendition="#i">Ferdinand an Karl.</hi>
                  </cell>
                  <cell>
                     <hi rendition="#i">1525 März 14. Innsbruck.</hi>
                  </cell>
               </row>
            </table>
         </div>
         <div n="2" xml:lang="de"><!-- regest_de -->
            <p>Bittet für Suero del Águila um Wiedereinsetzung in seine Güter.</p>
         </div>
         <div n="3" xml:lang="en"><!-- regest_en -->
            <p>On behalf of Suero del Águila, he asks for him to be reinstated.</p>
         </div>
         <div n="4"><!-- archive_desc -->
            <p>Wien, St.-A. Belgica PA. 7. Original. Unter der Unterschrift vermerkt <hi rendition="#i">dupl[icata].</hi> Rückwärts vermerkt <hi rendition="#i">Suero</hi>. Rückwärts Adresse: <hi rendition="#i">A l’empereur mons</hi>
               <hi rendition="#i #sup">r</hi>
               <hi rendition="#i">. </hi>
            </p>
            <p>Druck: Familienkorrespondenz Bd. 1, Nr. 132, S. 277.</p>
         </div>
         <div type="letter" n="5"><!-- transcription -->
            <p>Mons<hi rendition="#sup">r</hi>, tres humblement à vostre bonne grace me recommande. Mons<hi rendition="#sup">r</hi>, je vous ai par-ci-devant par deux ou trois fois escript en faveur et recommandacion de <persName xml:id="person_d139e116a1050"
                         ref="nognd"
                         resp="Christopher_F._Laferl"
                         key="Águila, Suero del, Gespiele F‘s">Suero del’ Agilla </persName>à ce qu’il vous pleust, actendu mesmement son ignossance des alteracions passées, lui vouloir à ma requeste pardonner et remectre à ses biens. Et pour ce, mons<hi rendition="#sup">r</hi>, qu’entens que la plus grant part d’iceulx lui sont retenuz, vous supplie de rechief tres humblement, ayant mesmement regard aux bons et loyaulx services que led. Suero m’a fais durant le temps de ma jeunesse et jusques à mon partement des pays de pardela dont tiens V<hi rendition="#sup">re</hi> M<hi rendition="#sup">te</hi> assez avertie, qu’il vous plaise de à mon intercession et requeste le remectre et restituer en tous sesd. biens et à la reste l’avoir pour recommandé de maniere qu’il congnosse ses services ne lui estre infructueulx et ma faveur et rescription lui avoir prouffité. Atant supplierai le createur qui, mons<hi rendition="#sup">r</hi>, vous doint bonne vie et longue.</p>
            <p>D’<placeName xml:id="place_d8e140a1050"
                          ref="nognd"
                          resp="Abel_Laura"
                          key="Innsbruck">Ysproug</placeName>, ce 14<hi rendition="#sup">e</hi> de mars anno 25.</p>
            <p>Vostre<hi rendition="#sup">a</hi>) tres humble et tres obeisant frere Ferdinandus.</p>
         </div>
         <div n="6"><!-- commentary -->
            <p>a) von <hi rendition="#i">vostre</hi> an eigenhändig.</p>
            <p>Suero del Aquila war der Sohn der <persName xml:id="person_d139e154a1050"
                         ref="nognd"
                         resp="Abel_Laura"
                         key="Carvajal, Isabel de">Isabel de Carvajal</persName>, der ehemaligen Aya des Ehgs, und ein Gespiele F’s. Infolge seiner Teilnahme am <index resp="Abel_Laura">
                  <term xml:id="index_d6e275a1051" key="Comuneros-Aufstand">Comunerosaufstande</term>
               </index> verfielen seine Güter der Konfiskation. Übrigens blieb <persName xml:id="person_d27e101a1050"
                         ref="nognd"
                         resp="Abel_Laura"
                         key="Salinas">Martin de Salinas</persName>, der Gesandte F’s, mit Suero del Aquila, wie es scheint, in ständigem Verkehr und mußte im Aufträge F’s mehrmals bei K für ihn Fürbitte einlegen. Isabel de Carvajal wandte sich ebenfalls mit einem Gesuche an F, doch starb sie noch 1523. Die Entscheidung, die K schließlich traf, entsprach nicht den Erwartungen, die man sich machte. Vgl. Villa, S. 65, 70, 88, 104, 270 u. a.</p>
         </div>
      </body>
   </text>
</TEI>
