<?xml version="1.0" encoding="UTF-8"?>
<TEI xmlns="http://www.tei-c.org/ns/1.0">
   <teiHeader>
      <fileDesc>
         <titleStmt>
            <title type="main">A138.</title>
            <title type="sub">Karl an Ferdinand, 1525 Mai 4, Toledo.</title>
            <author>
               <persName ref="nognd">Karl</persName>
            </author>
         </titleStmt>
         <editionStmt>
            <edition>Vollständige digitalisierte Ausgabe</edition>
         </editionStmt>
         <publicationStmt>
            <publisher xml:id="nnnn">
               <orgName role="hostingInstitution">Universität Salzburg</orgName>
               <orgName role="project">Edition der Familienkorrespondenz Ferdinands I.</orgName>
               <address>
                  <addrLine>Paris Lodron Universität Salzburg PLUS</addrLine>
                  <addrLine>Kapitelgasse 4</addrLine>
                  <addrLine>A-5020 Salzburg - Österreich</addrLine>
               </address>
            </publisher>
            <pubPlace>Salzburg</pubPlace>
            <date type="publication">2015-07-09</date>
            <availability>
               <licence target="https://creativecommons.org/licenses/by/3.0/">
                  <p>Creative Commons BY 3.0</p>
               </licence>
            </availability>
            <idno type="DOI">nnnn</idno>
         </publicationStmt>
         <sourceDesc>
            <bibl type="MS">Die Korrespondenz Ferdinands I. Familienkorrespondenz bis 1526</bibl>
            <biblFull>
               <titleStmt>
                  <title type="main">Die Korrespondenz Ferdinands I. Familienkorrespondenz bis 1526</title>
               </titleStmt>
               <publicationStmt>
                  <publisher>
                     <name>Holzhausen</name>
                  </publisher>
                  <publisher>
                     <name>Kommission für Neuere Geschichte Österreichs</name>
                  </publisher>
                  <pubPlace>Wien</pubPlace>
                  <date type="publication">1912</date>
               </publicationStmt>
            </biblFull>
         </sourceDesc>
      </fileDesc>
      <profileDesc>
         <correspDesc>
            <correspAction type="sent">
               <persName ref="nognd">Karl</persName>
               <placeName ref="nognd">Toledo</placeName>
               <date>1525 Mai 4</date>
            </correspAction>
            <correspAction type="received">
               <persName ref="nognd">Ferdinand</persName>
            </correspAction>
         </correspDesc>
      </profileDesc>
      <encodingDesc>
         <appInfo>
            <application ident="TEI_fromDOCX" version="2.15.0">
               <label>DOCX to TEI</label>
            </application>
         </appInfo>
      </encodingDesc>
      <revisionDesc>
         <listChange>
            <change>
               <date>2022-11-12T10:05:07Z</date>
               <name ref="nognd">Pitzer Doris</name>
            </change>
         </listChange>
      </revisionDesc>
   </teiHeader>
   <text>
      <body>
         <div n="1"><!-- letter_header -->
            <p>
               <hi rendition="#b">A138.</hi>
            </p>
            <table rend="rules">
               <row>
                  <cell>
                     <hi rendition="#i">Karl an Ferdinand.</hi>
                  </cell>
                  <cell>
                     <hi rendition="#i">1525 Mai 4. Toledo.</hi>
                  </cell>
               </row>
            </table>
         </div>
         <div n="2" xml:lang="de"><!-- regest_de -->
            <p>1. Rüstet gegen Frankreich. 2. Bedauert, daß F durch die Aufstände in Württemberg verhindert ist, ihn zu unterstützen. 3. Bittet um Nachrichten. Schweizer.</p>
         </div>
         <div n="3" xml:lang="en"><!-- regest_en -->
            <p>1. Is arming against France. 2. Regrets that F is unable to support him due to the insurgency in Württemberg. 3. Requests news. The Swiss.</p>
         </div>
         <div n="4"><!-- archive_desc -->
            <p>(W) Wien, St.-A. Belgica PA. 5. Konzept. — Grundlage für den folgenden Abdruck.</p>
            <p>(W<hi rendition="#sup">1</hi>) Ebenda Hs. B. 595 I, Bl. 7. Kopie.</p>
            <p>Druck: Familienkorrespondenz Bd. 1, Nr. 138, S. 294.</p>
         </div>
         <div type="letter" n="5"><!-- transcription -->
            <p>Mon bon frere, depuis mes dernieres lettres par <persName xml:id="person_d109e225a1050"
                         ref="nognd"
                         resp="Abel_Laura"
                         key="Meneses">Meneses</persName> j’ai eu responce de la charge que <persName xml:id="person_d52e141a1050"
                         ref="nognd"
                         resp="Abel_Laura"
                         key="Croÿ, Adrien de">Beaurain</persName> avoit depar moi devers la <persName xml:id="person_d140e119a1050"
                         ref="nognd"
                         resp="Abel_Laura"
                         key="Luise von Savoyen, Mutter Franz‘ I., Regentin von Frankreich">regente de France</persName> qu’est telle qui n’y a comme point d’espoir de recouvrer le mien par doulceur et fauldra user de la force, à quoi je commence adresser mes apprestes que ne seront si tost faictes que je vouldroie.</p>
            <p>Il me desplet bien de l’empeschement et despence qu’avez contre voz subgetz de <index resp="Abel_Laura">
                  <term xml:id="index_d27e151a1051" key="Württemberg">Virtemberg</term>
               </index>, car sans cela vous eussiez bien peu faire de vostre cousté quelque bonne chose contre <index resp="Abel_Laura">
                  <term xml:id="index_d7e168a1051" key="Frankreich">noz ennemiz</term>
               </index>, au moins pour les tenir en craincte, et semblablement les <index resp="Abel_Laura">
                  <term xml:id="index_d24e129a1051" key="Schweiz">Suysses</term>
               </index>.</p>
            <p>Je vous prie m’escripre de voz nouvelles et de ce que vous entendez faire, et si aultre chose d’importance me survient, cependant je vous en advertirai incontinant. Si vous pouvez avoir le droict des <index resp="Abel_Laura">
                  <term xml:id="index_d24e129a1051" key="Schweiz">Suisses</term>
               </index> en <placeName xml:id="place_d24e360a1050"
                          ref="nognd"
                          resp="Abel_Laura"
                          key="Montbéliard">Montbelliard</placeName>, ce vous seroit une piece fort duisable le vous y penserez et atant, mon bon frere, nostre seigneur vous ait en sa sainte garde.</p>
            <p>Escript<hi rendition="#sup">a</hi>) en <placeName xml:id="place_d143e756a1050"
                          ref="nognd"
                          resp="Abel_Laura"
                          key="Toledo">Toledo</placeName>, le 4<hi rendition="#sup">e</hi> jour de mai a<hi rendition="#sup">o</hi> 1525.</p>
         </div>
         <div n="6"><!-- commentary -->
            <p>Es scheinen dies ähnliche Verhandlungspunkte gewesen zu sein wie die von <persName xml:id="person_d141e129a1050"
                         ref="nognd"
                         resp="Abel_Laura"
                         key="Moncada, Ugo de">Hugo de Moncada</persName> dem Kaiser überbrachten. Champollion-Figeac, Captivité, S. 170ff.; Baumgarten 2, S. 425, Anm.</p>
            <p>Vgl. Nr. A131.</p>
            <p>a) en —1525 nur in W<hi rendition="#sup">1</hi>. </p>
         </div>
      </body>
   </text>
</TEI>
