<?xml version="1.0" encoding="UTF-8"?>
<TEI xmlns="http://www.tei-c.org/ns/1.0">
   <teiHeader>
      <fileDesc>
         <titleStmt>
            <title type="main">A142.</title>
            <title type="sub">Ferdinand an Karl, 1525 Juni 17, Innsbruck.</title>
            <author>
               <persName ref="nognd">Ferdinand</persName>
            </author>
         </titleStmt>
         <editionStmt>
            <edition>Vollständige digitalisierte Ausgabe</edition>
         </editionStmt>
         <publicationStmt>
            <publisher xml:id="nnnn">
               <orgName role="hostingInstitution">Universität Salzburg</orgName>
               <orgName role="project">Edition der Familienkorrespondenz Ferdinands I.</orgName>
               <address>
                  <addrLine>Paris Lodron Universität Salzburg PLUS</addrLine>
                  <addrLine>Kapitelgasse 4</addrLine>
                  <addrLine>A-5020 Salzburg - Österreich</addrLine>
               </address>
            </publisher>
            <pubPlace>Salzburg</pubPlace>
            <date type="publication">2015-07-09</date>
            <availability>
               <licence target="https://creativecommons.org/licenses/by/3.0/">
                  <p>Creative Commons BY 3.0</p>
               </licence>
            </availability>
            <idno type="DOI">nnnn</idno>
         </publicationStmt>
         <sourceDesc>
            <bibl type="MS">Die Korrespondenz Ferdinands I. Familienkorrespondenz bis 1526</bibl>
            <biblFull>
               <titleStmt>
                  <title type="main">Die Korrespondenz Ferdinands I. Familienkorrespondenz bis 1526</title>
               </titleStmt>
               <publicationStmt>
                  <publisher>
                     <name>Holzhausen</name>
                  </publisher>
                  <publisher>
                     <name>Kommission für Neuere Geschichte Österreichs</name>
                  </publisher>
                  <pubPlace>Wien</pubPlace>
                  <date type="publication">1912</date>
               </publicationStmt>
            </biblFull>
         </sourceDesc>
      </fileDesc>
      <profileDesc>
         <correspDesc>
            <correspAction type="sent">
               <persName ref="nognd">Ferdinand</persName>
               <placeName ref="nognd">Innsbruck</placeName>
               <date>1525 Juni 17</date>
            </correspAction>
            <correspAction type="received">
               <persName ref="nognd">Karl</persName>
            </correspAction>
         </correspDesc>
      </profileDesc>
      <encodingDesc>
         <appInfo>
            <application ident="TEI_fromDOCX" version="2.15.0">
               <label>DOCX to TEI</label>
            </application>
         </appInfo>
      </encodingDesc>
      <revisionDesc>
         <listChange>
            <change>
               <date>2022-11-12T10:05:32Z</date>
               <name ref="nognd">Pitzer Doris</name>
            </change>
         </listChange>
      </revisionDesc>
   </teiHeader>
   <text>
      <body>
         <div n="1"><!-- letter_header -->
            <p>
               <hi rendition="#b">A142.</hi>
            </p>
            <table rend="rules">
               <row>
                  <cell>
                     <hi rendition="#i">Ferdinand an Karl.</hi>
                  </cell>
                  <cell>
                     <hi rendition="#i">1525 Juni 17. Innsbruck.</hi>
                  </cell>
               </row>
            </table>
         </div>
         <div n="2" xml:lang="de"><!-- regest_de -->
            <p>1. Empfing K's Brief vom 28. Februar. K’s Gesundheit. 2. Dankt für K’s Freundlichkeit gegenüber de Bredam. 3. Vorderösterreich und Tirol. Bauernaufruhr daselbst. 4. Die Bauern in Salzburg. 5. Tod Friedrichs von Sachsen. 6. Notwendigkeit eines Friedens mit Frankreich.</p>
            <p>[Nachschrift.] 7. Lannoy führt Kg Franz I. zu K. 8. Beglaubigung für Salinas.</p>
         </div>
         <div n="3" xml:lang="en"><!-- regest_en -->
            <p>1. Has received K's letter dated February 28. K's health. 2. Thanks K for the kindness shown to Bredam. 3. Further Austria and Tirol. The peasant insurgency there. 4. The peasants in Salzburg. 5. Frederick of Saxony's death. 6. Peace with France necessary.</p>
         </div>
         <div n="4"><!-- archive_desc -->
            <p>Wien, St.-A. Hs. B. 597 I, S. 43—45. Kopie.</p>
            <p>Druck: Familienkorrespondenz Bd. 1, Nr. 142, S. 302-305.</p>
         </div>
         <div type="letter" n="5"><!-- transcription -->
            <p>Mons<hi rendition="#sup">r</hi>, j’ai par le <persName xml:id="person_d32e696a1050"
                         ref="nognd"
                         resp="Abel_Laura"
                         key="Bredam">s<hi rendition="#sup">r</hi> de Bredam</persName> receu vostre lettre du dernier de fevrier dernierement passé et par lui entendu de <index resp="Abel_Laura">
                  <term xml:id="index_d95e182a1051" key="Gesundheit/Krankheit, K">vostre bonne santé</term>
               </index> et disposition qui m’ont estées les plus joyeuses et recreatives nouvelles que m’eussent sceu avenir, combien que au paravant tant par lettres de V<hi rendition="#sup">re</hi> M<hi rendition="#sup">te</hi> comme autrement en avoie desia amplement esté averti dont en louhe dieu le createur et prie vous y entretenir en amendement.</p>
            <p>J’ai, mons<hi rendition="#sup">r</hi>, semblablement entendu par led. <persName xml:id="person_d32e696a1050"
                         ref="nognd"
                         resp="Abel_Laura"
                         key="Bredam">s<hi rendition="#sup">r</hi> de Bredam</persName> le bon vouloir et amour fraternelle qu’avez envers moi et la bonne depesche qu’il vous a pleu lui faire sur sa charge dont de tout vous mercie très humblement et dieu me doint la grace et moyen de sçavoir le tout desservir envers Vostred. M<hi rendition="#sup">te</hi>, car il ne tiendra à bonne voulenté fors a l’impuissance. Toutesfois, mons<hi rendition="#sup">r</hi>, comme maintesfois vous ai escript et faict dire, je demeurerai à jamais vostre tres humble, tres obeissant et tres leal frere pour ma personne avec ce que dieu m’a donné estre employéz à accomplir tout ce entierement qu’il vous plaira me commander, non faisant doubte que la reste de l’instruction dud. s<hi rendition="#sup">r</hi> de Bredam qui n’a peu estre depesché à cause de la diversité du temps V<hi rendition="#sup">re</hi> M<hi rendition="#sup">te</hi> aura le tout, quant le temps la donnera mieulx en vostre meilleure souvenance et recommandation, ce que vous supplie, mons<hi rendition="#sup">r</hi>, tres humblement avoir.</p>
            <p>Quant à la depesche que le <persName xml:id="person_d32e696a1050"
                         ref="nognd"
                         resp="Abel_Laura"
                         key="Bredam">s<hi rendition="#sup">r</hi> de Bredam </persName>m’a rapporté, touchant ce pays et <index resp="Abel_Laura">
                  <term xml:id="index_d27e142a1051" key="Tirol">conté de Tyrol</term>
               </index>, j’ai, mons<hi rendition="#sup">r</hi>, prolonghé et retardé la prinse de possession d’icellui pour quelque peu de temps à cause des alterations y estans et jusques à estre achevée et veoir quelle fin prendra une diette que pour la pacification desd. <index resp="Abel_Laura">
                  <term xml:id="index_d111e230a1051" key="Bauernkrieg (Deutscher), 1524-1526">paysans</term>
               </index>, je tiens ici avec eulx et les estatz de ced. pays, où, comme je puis entendre, veullent proposer et demander choses qui ne pourroient tourner à vostre honneur et auctorité, combien que de mon pouoir ne se y conclura riens de si mauvais fruict qu’ilz entendent. Laquelle estre finée, vous avertirai amplement de tout ce que se y fera, affin que, si je n’y puis autrement remedier, il vous plaise y ordonner aultre remede convenable, car, combien, comme desia vous ai, mons<hi rendition="#sup">r</hi>, escript et averti, iceulx paysans aient faictz beaucop de maulx, voire que moi mesmes ne puis bonnement partir du pays à cause des passaiges qu’ilz tiengnent pour craincte que ne leur y face entrer gensdarmes pour les occuper et garder de parfaire leur intention et emprinse, combien qu’ilz ne se sont levéz en armes ni ont encoires commis chose contre ma personne et espere qu’ilz ne feront. Neantmoings si augmente journellement leur mutation en mal, car desia ont prins, sacquaigéz et pilléz oultre cent chasteaulx oud. pays, entre lesquelz y est ung nommé Tirol, nom dud. pays, et semblablement tous les monasteres et abbayes qu’ilz treuvent, disans qu’ilz veullent iceulx ensemble les gens d’eglise avoir destruictz et adnichilléz. Et quant à ce que s’est fait et fait journellement par tout l’empire, il n’est, mons<hi rendition="#sup">r</hi>, possible vous sçavoir le tout escripre, ainsi qu’il est, toutesfois je vous envoye avec cestes ung double, par lequel pourrez veoir la pluspart des chasteaulx et monastaires qui desia sont destruictz où pays de <index resp="Abel_Laura">
                  <term xml:id="index_d42e234a1051" key="Franken">Francongne</term>
               </index> seullement sans ce qui s’est innumerablement fait ailleurs. Et affin que semblablement sçaichez l’exploict qui a esté fait à l’encontre desd. paysans, vous advise aussi, mons<hi rendition="#sup">r</hi>, que tant la <index resp="Abel_Laura">
                  <term xml:id="index_d24e249a1051" key="Schwäbischer Bund">ligue et Zwave</term>
               </index> que ce que le <persName xml:id="person_d149e184a1050"
                         ref="nognd"
                         resp="Abel_Laura"
                         key="Anton II., Herzog von Lothringen">duc de Lorraine</persName> a faict contre ceulx que estoient entréz en son pays pour le gaster, desquelz à quatre ou cincq fois a tuéz environ 27000 hommes tellement que ce et l’exploict de lad. ligue et de quelques princes monte à <index resp="Christopher_F._Laferl">
                  <term xml:id="index_d149e188a1051" key="Tod, Bauernkrieg">plus de 50000 paysans mortz et tuéz</term>
               </index>. Laquelle chose devroit estre cause de les faire venir à raison, mais l’on ne s’en peult encoires percevoir, et aussi, quant au pays de <index resp="Abel_Laura">
                  <term xml:id="index_d24e144a1051" key="Ferrette">Ferrette</term>
               </index>, la mutation desd. paysans y est si tres avancée en mal que pis ne seroit, de maniere que je n’y ai plus que quatre ou cinq villes et chasteaulx qui tiengnent bon pour moi et semblablement au pays de Stier se commancent à revolter tantost si avant que les aultres.</p>
            <p>Au pays de <index resp="Abel_Laura">
                  <term xml:id="index_d44e403a1051" key="Salzburg">Salsburg</term>
               </index> tout le commung y est semblablement tout <index resp="Abel_Laura">
                  <term xml:id="index_d110e298a1051" key="Bauernkrieg, Salzburg">rebellé et revolté</term>
               </index> et ont les paysans desia si avant poursui leur intention qu’ilz ont prins tout entierement le pays, villes et chasteaulx ensemble la ville de Salsburg, reservé le chasteau d’illecq, oùquel lesd. paysans tiengnent assiegéz leur <persName xml:id="person_d21e152a1050"
                         ref="nognd"
                         resp="Abel_Laura"
                         key="Lang, Matthäus">archevesque</persName>.</p>
            <p>Aussi vous avise, mons<hi rendition="#sup">r</hi>, comme puis quelques jours ença est <index resp="Christopher_F._Laferl">
                  <term xml:id="index_d149e215a1051"
                        key="Tod, Friedrich III. der Weise von Sachsen">allé de vie à mort </term>
               </index>le <persName xml:id="person_d42e368a1050"
                         ref="nognd"
                         resp="Abel_Laura"
                         key="Friedrich III. der Weise, Herzog von Sachsen, Kurfürst">duc Frederick de Saxen</persName>, et semblablement par tout les pays <index resp="Abel_Laura">
                  <term xml:id="index_d56e365a1051" key="Sachsen">de Saxonie</term>
               </index> s’ont revoltéz et mutinéz comme aux aultres lieux.</p>
            <p>Mons<hi rendition="#sup">r</hi>, je vous supplie tres humblement avoir bon et brief advis sur les choses dessusd. ensemble sur tout ce que <persName xml:id="person_d109e225a1050"
                         ref="nognd"
                         resp="Abel_Laura"
                         key="Meneses">Meneses</persName>, mon chambellan, vous a dict de ma part et à tout veullez pourveoir convenablement, et si mon advis estoit d’accepter, il me semble, mons<hi rendition="#sup">r</hi>, soubz correction, actendu mesmement que ce sera pour le bien repoz et transquilité non seullement de la <index resp="Abel_Laura">
                  <term xml:id="index_d4e185a1051" key="Deutschland">Germanie</term>
               </index>, mais aussi de l’universelle chrestienté que V<hi rendition="#sup">re</hi> M<hi rendition="#sup">te</hi> ne devroit laisser à faire quelque bonne et durable <index resp="Abel_Laura">
                  <term xml:id="index_d128e657a1051" key="Madrid, Friede von (1526)">paix</term>
               </index> avec le <persName xml:id="person_d24e327a1050"
                         ref="nognd"
                         resp="Abel_Laura"
                         key="Franz I.">roi de France</persName>, moyennant que l’honneur, auctorité et reputation de V<hi rendition="#sup">re</hi> M<hi rendition="#sup">te</hi> y soient gardéz, affin que le plustost qu’il vous sera possible puissez passer en <index resp="Abel_Laura">
                  <term xml:id="index_d35e144a1051" key="Italien">Ytalie</term>
               </index>, veu que tant mieulx et plus facillement pourrez pourveoir aux affaires de l’empire et à toutes choses, comme desia par led. Meneses et <persName xml:id="person_d27e101a1050"
                         ref="nognd"
                         resp="Abel_Laura"
                         key="Salinas">Salines</persName> aurez peu entendre plus amplement, ou autrement je voie toute la Germanie estre en perplexité si tres grande que certes, mons<hi rendition="#sup">r</hi>, s’il y a plus beaucop de dilacion, est en danger de tumber en perpetuelle ruine et desolacion. Parquoi de rechief vous supplie, mons<hi rendition="#sup">r</hi>, tres humblement y bien penser et pourveoir. Atant prierai etc.</p>
            <p>D’<placeName xml:id="place_d8e140a1050"
                          ref="nognd"
                          resp="Christopher_F._Laferl"
                          key="Innsbruck">Isbroug</placeName>, ce 17<hi rendition="#sup">e</hi> de juing a<hi rendition="#sup">o</hi> 25.</p>
            <p>Depuis cestes escriptes est ici arrivé <index resp="Abel_Laura">
                  <term xml:id="index_d11e144a1051" key="Spanien">Espaigne</term>
               </index> que le <persName xml:id="person_d27e663a1050"
                         ref="nognd"
                         resp="Abel_Laura"
                         key="Lannoy">viceroi </persName>m’a envoyé pour me faire sçavoir de son partement avec le <persName xml:id="person_d24e327a1050"
                         ref="nognd"
                         resp="Abel_Laura"
                         key="Franz I.">roi de France</persName> et qu’il prenoit son chemin pour mener led. roi pardela devers V<hi rendition="#sup">re</hi> M<hi rendition="#sup">te</hi> dont ai esté tres joyeulx, esperant que tant plustost sera cause de parvenir à quelque bonne paix à vostre honneur et reputation, à la transquillité de toute la <index resp="Abel_Laura">
                  <term xml:id="index_d38e111a1051" key="Christenheit">christienté</term>
               </index>.</p>
            <p>Mons<hi rendition="#sup">r</hi>, <persName xml:id="person_d27e101a1050"
                         ref="nognd"
                         resp="Abel_Laura"
                         key="Salinas">Salines </persName>vous dira aulcunes choses de ma part. Je vous supplie tres humblement le croyer, comme moi mesmes. Donné comme dessus.</p>
         </div>
         <div n="6"><!-- commentary -->
            <p>Bezieht sich auf Nr. A127.</p>
            <p>Die „<hi rendition="#i">bonne depesche</hi>“ bezieht sich auf die Erledigung der Instruktion F’s (Nr. A121) in Nr. A127.</p>
            <p>Vgl. Nr. A136 [21]. Über die damaligen Zustände und Volksbewegungen in Tirol F. Hirn, Geschichte der Tiroler Landtage von 1518—1525 (Erläut. u. Erg. zu Janssens Geschichte II, 5), S. 66 ff. Eine Zusammenstellung der Vorgänge im fränkischen Bauernkrieg gibt M. Heid, Der Bauernkrieg im Reichskreise Franken. Progr. Münnerstadt 1873/4. Das hier erwähnte Verzeichnis der zerstörten Schlösser und Klöster findet sich nicht vor.</p>
            <p>Die Belagerung der Festung Hohensalzburg begann Ende Mai 1525. Vgl. K. Köchl, Die Bauernkriege im Erzstift Salzburg in den Jahren 1525 und 1526. Mitt. d. Ges. f. Salzburger Landeskunde 47, S. 31 ff.</p>
            <p>Kf Friedrich III. von Sachsen war am 5. Mai 1525 gestorben. ADB. 7, S. 781.</p>
            <p>Nicht nur F, auch die <index resp="Abel_Laura">
                  <term xml:id="index_d14e164a1051" key="Niederlande">niederländischen Staatsmänner</term>
               </index> drängten zum Friedensschluß. Nichtsdestoweniger dauerte es noch bis zum 13. Jänner 1526, bis er endlich erfolgte. Baumgarten 2, S. 468 ff.</p>
         </div>
      </body>
   </text>
</TEI>
