<?xml version="1.0" encoding="UTF-8"?>
<TEI xmlns="http://www.tei-c.org/ns/1.0">
   <teiHeader>
      <fileDesc>
         <titleStmt>
            <title type="main">A144.</title>
            <title type="sub">Karl an Ferdinand, 1525 Juni 27, Toledo.</title>
            <author>
               <persName ref="nognd">Karl</persName>
            </author>
         </titleStmt>
         <editionStmt>
            <edition>Vollständige digitalisierte Ausgabe</edition>
         </editionStmt>
         <publicationStmt>
            <publisher xml:id="nnnn">
               <orgName role="hostingInstitution">Universität Salzburg</orgName>
               <orgName role="project">Edition der Familienkorrespondenz Ferdinands I.</orgName>
               <address>
                  <addrLine>Paris Lodron Universität Salzburg PLUS</addrLine>
                  <addrLine>Kapitelgasse 4</addrLine>
                  <addrLine>A-5020 Salzburg - Österreich</addrLine>
               </address>
            </publisher>
            <pubPlace>Salzburg</pubPlace>
            <date type="publication">2015-07-09</date>
            <availability>
               <licence target="https://creativecommons.org/licenses/by/3.0/">
                  <p>Creative Commons BY 3.0</p>
               </licence>
            </availability>
            <idno type="DOI">nnnn</idno>
         </publicationStmt>
         <sourceDesc>
            <bibl type="MS">Die Korrespondenz Ferdinands I. Familienkorrespondenz bis 1526</bibl>
            <biblFull>
               <titleStmt>
                  <title type="main">Die Korrespondenz Ferdinands I. Familienkorrespondenz bis 1526</title>
               </titleStmt>
               <publicationStmt>
                  <publisher>
                     <name>Holzhausen</name>
                  </publisher>
                  <publisher>
                     <name>Kommission für Neuere Geschichte Österreichs</name>
                  </publisher>
                  <pubPlace>Wien</pubPlace>
                  <date type="publication">1912</date>
               </publicationStmt>
            </biblFull>
         </sourceDesc>
      </fileDesc>
      <profileDesc>
         <correspDesc>
            <correspAction type="sent">
               <persName ref="nognd">Karl</persName>
               <placeName ref="nognd">Toledo</placeName>
               <date>1525 Juni 27</date>
            </correspAction>
            <correspAction type="received">
               <persName ref="nognd">Ferdinand</persName>
            </correspAction>
         </correspDesc>
      </profileDesc>
      <encodingDesc>
         <appInfo>
            <application ident="TEI_fromDOCX" version="2.15.0">
               <label>DOCX to TEI</label>
            </application>
         </appInfo>
      </encodingDesc>
      <revisionDesc>
         <listChange>
            <change>
               <date>2022-11-12T10:05:44Z</date>
               <name ref="nognd">Pitzer Doris</name>
            </change>
         </listChange>
      </revisionDesc>
   </teiHeader>
   <text>
      <body>
         <div n="1"><!-- letter_header -->
            <p>
               <hi rendition="#b">A144.</hi>
            </p>
            <table rend="rules">
               <row>
                  <cell>
                     <hi rendition="#i">Karl an Ferdinand.</hi>
                  </cell>
                  <cell>
                     <hi rendition="#i">1525 Juni 27. Toledo.</hi>
                  </cell>
               </row>
            </table>
         </div>
         <div n="2" xml:lang="de"><!-- regest_de -->
            <p>1. Kg von Frankreich, 2. Ließ Lannoy zur Berichterstattung zu sich kommen. Hält deshalb Meneses noch zurück. F's Nachrichten vom Bauernaufstand.</p>
         </div>
         <div n="3" xml:lang="en"><!-- regest_en -->
            <p>1. King of France. 2. Has summoned Lannoy. Has therefore not yet dispatched Meneses. F's reports on the peasant insurgency.</p>
         </div>
         <div n="4"><!-- archive_desc -->
            <p>Wien, St.-A. Hs. B. 595 I, Bl. 10. Kopie. Vielleicht ursprünglich Nachschrift zu Nr. 143.</p>
            <p>Druck: Familienkorrespondenz Bd. 1, Nr. 144, S. 311-312.</p>
         </div>
         <div type="letter" n="5"><!-- transcription -->
            <p>Mon bon frere, ainsi que j’avoie desia conclud responce tant à voz lettres que ai receu par <persName xml:id="person_d109e225a1050"
                         ref="nognd"
                         resp="Abel_Laura"
                         key="Meneses">Meneses</persName> comme aux instructions et articles que lui et <persName xml:id="person_d27e101a1050"
                         ref="nognd"
                         resp="Abel_Laura"
                         key="Salinas">Salines</persName> m’ont proposé de vostre part, vous advertissant de ce que lors occuroit en tous mes affaires, j’ai sceu la venue du <persName xml:id="person_d27e663a1050"
                         ref="nognd"
                         resp="Abel_Laura"
                         key="Lannoy">vice-roi de Naples</persName> pardeça, y ayant amené le <persName xml:id="person_d24e327a1050"
                         ref="nognd"
                         resp="Abel_Laura"
                         key="Franz I.">roi de France</persName>, lequel j’ai fait mectre à bonne seureté. Et comme j’entendz, est bien enclin se mectre en tout devoir de raison.</p>
            <p>Parquoi, mon frere, et que par mond. <persName xml:id="person_d27e663a1050"
                         ref="nognd"
                         resp="Abel_Laura"
                         key="Lannoy">viceroi </persName>je pourrai avoir clere informacion de l’estat, en quoi il a laissé les choses <index resp="Abel_Laura">
                  <term xml:id="index_d35e144a1051" key="Italien">d’Ytalie</term>
               </index>, je lui ai mandé venir vers moi, pour lors prendre une bonne conclusion et resolucion en tous mesd. affaires, lesquelz jusques à sad. venue demeurent en suspens, qu’est la cause, pourquoi retiens led. Meneses, afin de par lui vous faire part du tout comme à mon bon frere. Et espere qu’il pourra partir, bientost que me gardera ceste fois vous faire longue lettre fors sur le contenu de celle que aujourdhui ai receu de vous, touchant le <index resp="Abel_Laura">
                  <term xml:id="index_d111e230a1051" key="Bauernkrieg (Deutscher), 1524-1526">mauvais ordre</term>
               </index> d’aucuns voz subiectz, dont il me desplaist bien fort et vouldroie estre en lieu pour vous aider à y remedier. J’adviserai tout ce que se pourra faire à cest effect et vous escriprai, comme dit est, bien au long par led. <persName xml:id="person_d109e225a1050"
                         ref="nognd"
                         resp="Abel_Laura"
                         key="Meneses">Meneses</persName>. Priant dieu atant qui, mon bon frere, vous ait en sa saincte garde.</p>
            <p>Escript à <placeName xml:id="place_d143e756a1050"
                          ref="nognd"
                          resp="Abel_Laura"
                          key="Toledo">Toledo</placeName>, le 27<hi rendition="#sup">e</hi> de jung anno 25.</p>
         </div>
         <div n="6"><!-- commentary -->
            <p>Die Instruktion für Meneses Nr. A140.</p>
            <p>Der Vizekg Lannoy war erst am 6. Juli in Toledo eingetroffen. Sanuto 39, 305. Da die Datierungen der Briefe im allgemeinen nicht sehr maßgebend sind, ist es nicht unmöglich, daß K hier auf das Schreiben F’s vom 25. Mai aus <placeName xml:id="place_d8e140a1050"
                          ref="nognd"
                          resp="Abel_Laura"
                          key="Innsbruck">Innsbruck </placeName>anspielt, das nach <persName xml:id="person_d27e101a1050"
                         ref="nognd"
                         resp="Abel_Laura"
                         key="Salinas">Salinas </persName>Bericht freilich erst am 28. Juni in Toledo angelangt sein soll. Villa, S. 287.</p>
         </div>
      </body>
   </text>
</TEI>
