<?xml version="1.0" encoding="UTF-8"?>
<TEI xmlns="http://www.tei-c.org/ns/1.0">
   <teiHeader>
      <fileDesc>
         <titleStmt>
            <title type="main">A149.</title>
            <title type="sub">Ferdinand an Karl, 1525 September 1, Tübingen.</title>
            <author>
               <persName ref="nognd">Ferdinand</persName>
            </author>
         </titleStmt>
         <editionStmt>
            <edition>Vollständige digitalisierte Ausgabe</edition>
         </editionStmt>
         <publicationStmt>
            <publisher xml:id="nnnn">
               <orgName role="hostingInstitution">Universität Salzburg</orgName>
               <orgName role="project">Edition der Familienkorrespondenz Ferdinands I.</orgName>
               <address>
                  <addrLine>Paris Lodron Universität Salzburg PLUS</addrLine>
                  <addrLine>Kapitelgasse 4</addrLine>
                  <addrLine>A-5020 Salzburg - Österreich</addrLine>
               </address>
            </publisher>
            <pubPlace>Salzburg</pubPlace>
            <date type="publication">2015-07-09</date>
            <availability>
               <licence target="https://creativecommons.org/licenses/by/3.0/">
                  <p>Creative Commons BY 3.0</p>
               </licence>
            </availability>
            <idno type="DOI">nnnn</idno>
         </publicationStmt>
         <sourceDesc>
            <bibl type="MS">Die Korrespondenz Ferdinands I. Familienkorrespondenz bis 1526</bibl>
            <biblFull>
               <titleStmt>
                  <title type="main">Die Korrespondenz Ferdinands I. Familienkorrespondenz bis 1526</title>
               </titleStmt>
               <publicationStmt>
                  <publisher>
                     <name>Holzhausen</name>
                  </publisher>
                  <publisher>
                     <name>Kommission für Neuere Geschichte Österreichs</name>
                  </publisher>
                  <pubPlace>Wien</pubPlace>
                  <date type="publication">1912</date>
               </publicationStmt>
            </biblFull>
         </sourceDesc>
      </fileDesc>
      <profileDesc>
         <correspDesc>
            <correspAction type="sent">
               <persName ref="nognd">Ferdinand</persName>
               <placeName ref="nognd">Tübingen</placeName>
               <date>1525 September 1</date>
            </correspAction>
            <correspAction type="received">
               <persName ref="nognd">Karl</persName>
            </correspAction>
         </correspDesc>
      </profileDesc>
      <encodingDesc>
         <appInfo>
            <application ident="TEI_fromDOCX" version="2.15.0">
               <label>DOCX to TEI</label>
            </application>
         </appInfo>
      </encodingDesc>
      <revisionDesc>
         <listChange>
            <change>
               <date>2022-11-12T10:06:13Z</date>
               <name ref="nognd">Pitzer Doris</name>
            </change>
         </listChange>
      </revisionDesc>
   </teiHeader>
   <text>
      <body>
         <div n="1"><!-- letter_header -->
            <p>
               <hi rendition="#b">A149.</hi>
            </p>
            <table rend="rules">
               <row>
                  <cell>
                     <hi rendition="#i">Ferdinand an Karl.</hi>
                  </cell>
                  <cell>
                     <hi rendition="#i">1525 September 1. Tübingen.</hi>
                  </cell>
               </row>
            </table>
         </div>
         <div n="2" xml:lang="de"><!-- regest_de -->
            <p>1. Empfing K’s Briefe vom 25. Juni und 31. Juli. 2. Die Ausrottung des Luthertums nur durch Anwesenheit K’s und ein Generalkonzil möglich. 3. Den Plan betreffs seiner Königswahl hat er geheim gehalten. 4. Begnügt sich an Stelle des mailändischen Salzmonopols mit einer jährlichen Geldentschädigung. 5. Verschiebung des RT’s auf den Martinstag. 6. Rät zur Heirat mit der portugiesischen Prinzessin. 7. Friedensverhandlungen mit Franz I. von Frankreich. Abtretung Burgunds. Möge bei den Verhandlungen seine und des Kgs von Ungarn Interessen wahren. 8. Waffenstillstand. 9. Will in den Frieden mit Venedig einwilligen. 10. Schweizer. 11. Betreffs des burgundischen Prozesses sendet er Abgeordnete. 12. Die Verzögerung der Reise K’s nach Italien. 13. Pescaras Ernennung zum Generalhptm in Italien. 14. Münzangelegenheit. Der junge Gf Salm. 15. Dankt für Erledigung der Sache Sempys und Hemricourts. 16. Hannart. Beglaubigung für Don Pedro de Cordoba. [Nachtrag.] 17. Empfiehlt sich der Gunst K’s.</p>
         </div>
         <div n="3" xml:lang="en"><!-- regest_en -->
            <p>1. Has received K's letters dated June 25 and July 31. 2. Eradicating Lutheranism will require K's presence and a general council. 3. He has kept the plan to elect F king a secret. 4. Instead of being given the monopoly on salt in Milan, he is willing to accept an annual monetary settlement. 5. Imperial Diet put off until St. Martin's Day. 6. Advises marrying the Princess of Portugal. 7. Marriage alliance with Francis I of France. Yielding Burgundy. Asks K to preserve F's and the King of Hungary's interests during negotiations. 8. Ceasefire. 9. Agrees to peace with Venice. 10. The Swiss. 11. He is sending delegates regarding the trial in Burgundy. 12. K's journey to Italy delayed. 13. Pescara being appointed Captain General in Italy. 14. The matter of the mint. Young Count Salm. 15. Thanks K for having dealt with the matter of Sempy and Hemricourt. 16. Hannart. Accreditation for Don Pedro de Cordoba. [Postscript.] 17. Requests K's favor.</p>
         </div>
         <div n="4"><!-- archive_desc -->
            <p>(W) Wien, St.-A. Belgica PA. 7. Original. Papiersiegel. Rückwärts Adresse: <hi rendition="#i">A l’empereur mons</hi>
               <hi rendition="#i #sup">r</hi>
               <hi rendition="#i">. </hi>
            </p>
            <p>(W<hi rendition="#sup">1</hi>) Ebenda. Hs. B. 597, 1, S. 47—50. Kopie, offenbar nach dem Konzept. Hiebei ist die Anordnung der letzten sieben Abschnitte eine abweichende, so zwar, daß sie in nachstehender Weise aufeinanderfolgen: 11], 10], 16], 12], 13], 14], 15]. Der Abschnitt 17] fehlt.</p>
            <p>Druck: Familienkorrespondenz Bd. 1, Nr. 149, S. 323-326.</p>
         </div>
         <div type="letter" n="5"><!-- transcription -->
            <p>Mons<hi rendition="#sup">r</hi>,<hi rendition="#sup">a</hi>) je me recommande tres humblement à vostre bonne grace. Mons<hi rendition="#sup">r</hi>, j’ai par le commandador <persName xml:id="person_d109e225a1050"
                         ref="nognd"
                         resp="Abel_Laura"
                         key="Meneses">Meneses</persName> receu deux voz lettres des 25<hi rendition="#sup">e</hi> de jung et dernier de juillet, ausquelles vous ferai par cestes responce. Et premierement vous mercie, mons<hi rendition="#sup">r</hi>, tres humblement que si amplement m’avez averti de voz affaires.</p>
            <p>Et quant aux <index resp="Abel_Laura">
                  <term xml:id="index_d32e217a1051" key="Lutheraner">Lutterians</term>
               </index>, quelque diligence que j’ai faict à les extirper, n’ai peu exploitier grant chose et ne voi autre moyen pour ce faire sinon la presence de V<hi rendition="#sup">re</hi> M<hi rendition="#sup">te</hi> avec <index resp="Christopher_F._Laferl">
                  <term xml:id="index_d71e449a1051" key="Konzil">consille general</term>
               </index>. Parquoi vous supplie tres humblement prendre l’affaire à cueur et y faire la provision necessaire. Enquoi, mons<hi rendition="#sup">r</hi>, ferez service a dieu, honneur à vous et grant bien au <index resp="Abel_Laura">
                  <term xml:id="index_d38e111a1051" key="Christenheit">peuple crestien</term>
               </index>.</p>
            <p>Quant à entendre à <index resp="Christopher_F._Laferl">
                  <term xml:id="index_d27e396a1051" key="F, Römischer König, Wahl">l’election de roi de Rommains </term>
               </index>en ma personne, veu que vostre advis et bon conseil est d’actendre la venue de V<hi rendition="#sup">re</hi> M<hi rendition="#sup">te</hi> pardeça, j’en suis, mons<hi rendition="#sup">r</hi>, pour ma part tres content, advisant Vostred. M<hi rendition="#sup">te</hi> que nonobstant les lettres, concernant cest affaire que par <persName xml:id="person_d109e225a1050"
                         ref="nognd"
                         resp="Abel_Laura"
                         key="Meneses">Meneses </persName>m’escripvistes, je n’ai fait à personne vivante mention, si ce n’est à mes privéz conseilliers qui ont veu icelles lettres, combien que par plusieurs privées personnes de la part d’aulcuns electeurs je suis esté requis d’y entendre, ausquelz n’a jamais esté declairé aucune chose.</p>
            <p>De la distribution du <index resp="Abel_Laura">
                  <term xml:id="index_d147e271a1051" key="Mailand, Salz">sel</term>
               </index> le <persName xml:id="person_d27e555a1050"
                         ref="nognd"
                         resp="Abel_Laura"
                         key="Francesco II.">duc de Milan</persName> mect tant de condicions en avant que non seullement ni auroie aucune utilité, ni prouffit, mais plustost grant perte et dommaige. Parquoi, pour evicter tant de disputations et que icellui duc puist distribuer led. sel à son plaisir me semble, mons<hi rendition="#sup">r</hi>, qu’il n’y auroit point de mal que me fissies donner par an au lieu de lad. distribucion une raisonnable somme d’argent. Eu quoi vous supplie tres humblement tenir la main et taire dresser cest affaire.</p>
            <p>La depesche de la <index resp="Abel_Laura">
                  <term xml:id="index_d147e285a1051" key="HRR, Reichstag, Augsburg (1525)">diette imperiale</term>
               </index> arriva, mons<hi rendition="#sup">r</hi>, si tard qu’il a falu prolonguer icelle jusques à la saint Martin, auquel temps à l’aide de dieu je me trouverai pour à mon possible evicter plusieurs practicques que j’entens aucuns font.</p>
            <p>Touchant le fait de <index resp="Abel_Laura">
                  <term xml:id="index_d150e201a1051" key="Heirat, K mit Isabella von Portugal">vostre mariaige</term>
               </index> et le conseil et advis que V<hi rendition="#sup">re</hi> M<hi rendition="#sup">te</hi> m’en demande, je vouldroie, mons<hi rendition="#sup">r</hi>, estre si saige que pour vous en savoir bien conseiller. Et combien que je ne le soie, si ne laisserai je à obeir vostre commandement et vous en dire ce qu’il m’en semble qu’est que, consideré leaige de V<hi rendition="#sup">re</hi> M<hi rendition="#sup">te</hi> et tous ses affaires, mesmes qu’il n’y a que nous deux, et la disposition de la dame et le peu deaige que a <persName xml:id="person_d156e217a1050"
                         ref="nognd"
                         resp="Abel_Laura"
                         key="Maria/Mary, Prinzessin (später Königin) von England, Tochter Heinrichs VIII.">celle d’Angleterre</persName>, en nulle façon du monde, devez laisser à vous marier à <persName xml:id="person_d150e205a1050"
                         ref="nognd"
                         resp="Abel_Laura"
                         key="Isabella von Portugal">celle de Portugal</persName> et non seullement le vous conseille, ains tres humblement le vous supplie, affin que tant plustost à l’aide de dieu puissez consuir generation qu’est le fruict de mariaige.</p>
            <p>Quant au fait de la <index resp="Abel_Laura">
                  <term xml:id="index_d128e657a1051" key="Madrid, Friede von (1526)">paix</term>
               </index> avec le <persName xml:id="person_d24e327a1050"
                         ref="nognd"
                         resp="Abel_Laura"
                         key="Franz I.">roi de France</persName> et les moyens qu’il a mis en avant pour parvenir à icelle, il me semble, mons<hi rendition="#sup">r</hi>, soubz vostre correction que à estre quelque peu corrigées, ne sont si hors du chemin qu’il se doive reffuser, mesmement s’il vous restituoit librement et sans aucune condicion la <index resp="Abel_Laura">
                  <term xml:id="index_d27e332a1051" key="Burgund, Freigrafschaft">duché de Bourgoingne</term>
               </index>. A quoi devez, mons<hi rendition="#sup">r</hi>, entendre, puisque s’est vostre origine, et à vostre correction me semble aussi, mons<hi rendition="#sup">r</hi>, que je ne devroie estre oblié en icelle paix, et si autre chose ne se pouoit obtenir à mon prouffit, au moins que je eusse quelque bonne et grosse somme d’argent, part contant et autre part avec le temps, pour survenir aux grandes necessitéz que j’ai tant à cause des guerres passées et presentes comme des debtes qu’ai payé et <index resp="Abel_Laura">
                  <term xml:id="index_d27e466a1051" key="Maximilian I., Schulden">dois encoires payer</term>
               </index> de celles que l’<persName xml:id="person_d5e124a1050"
                         ref="nognd"
                         resp="Abel_Laura"
                         key="Maximilian I.">empereur, mon feu seigneur et grant-pere</persName>, cui dieu perdoint,<hi rendition="#sup">b</hi>) et vous avez fait d’autrepart que icelle <persName xml:id="person_d24e327a1050"
                         ref="nognd"
                         resp="Abel_Laura"
                         key="Franz I.">roi de France</persName> lieve totalement la main du <persName xml:id="person_d24e132a1050"
                         ref="nognd"
                         resp="Abel_Laura"
                         key="Ulrich von Württemberg">duc de Wirtemberg</persName> sans que jamais de lui soit assisté de gens ni d’argent. A quoi vous supplie aussi, mons<hi rendition="#sup">r</hi>, tres humblement penser et y faire tellement que je congnoisse non estre par V<hi rendition="#sup">re</hi> M<hi rendition="#sup">te</hi> mis en oubli. Semblablement Vostred. M<hi rendition="#sup">te</hi> doit avoir souvenance en la conclusion de lad. paix des affaires du <persName xml:id="person_d20e158a1050"
                         ref="nognd"
                         resp="Abel_Laura"
                         key="Ludwig II.">roi de Hungrie</persName> et les miens et conclure de quelque bonne armée à l’encontre <persName xml:id="person_d29e215a1050"
                         ref="nognd"
                         resp="Abel_Laura"
                         key="Süleyman I.">du Turc</persName>.</p>
            <p>L’abstinence de guerre ne sauroit, mons<hi rendition="#sup">r</hi>, estre que bonne, si les choses doivent venir à conclusion de paix, à quoi vous supplie entendre, que autrement seroit à vostre grand dommaige, car il fault que à ceste cause voz gens d’<index resp="Abel_Laura">
                  <term xml:id="index_d35e144a1051" key="Italien">Ytalie</term>
               </index> se reposent et autres que j’ai pour chastier mes rebelles, lesquelz j’eusse peu employer en France.</p>
            <p>Quant à ce qu’il plaist à V<hi rendition="#sup">re</hi> M<hi rendition="#sup">te</hi> m’ordonner que quant serai requis de vostre ambassadeur à <index resp="Abel_Laura">
                  <term xml:id="index_d24e283a1051" key="Venedig">Venise</term>
               </index> que doive conformer et awouher la paix avec les Veniciens, combien que, comme par plusieurs fois avez, mons<hi rendition="#sup">r</hi>, entendu, j’ai cause de leur demander, choses assez qu’ilz occupent de mon patrimone et que j’esperoie à ceste fois parvenir à icelles et au moyen de Vostred. M<hi rendition="#sup">te</hi> les recouvrer, neantmoings pour vous obeir et accomplir vostre commandement, nonobstant ce que pourroit estre au contraire, je suis content icelle paix accepter, comme le me mandez.</p>
            <p>Quant aux <index resp="Abel_Laura">
                  <term xml:id="index_d24e129a1051" key="Schweiz">Suisses</term>
               </index>, j’en ferai aussi, mons<hi rendition="#sup">r</hi>, comment il vous plaist le me commandez.</p>
            <p>Touchant l’affaire de <index resp="Abel_Laura">
                  <term xml:id="index_d68e407a1051" key="Burgund">Bourgoingne</term>
               </index>, j’envoierai, mons<hi rendition="#sup">r</hi>, en brief illec mes commis pour entendre à la composition amiable, comme V<hi rendition="#sup">re</hi> M<hi rendition="#sup">te</hi> le m’escript.</p>
            <p>Du retardement de la venue de V<hi rendition="#sup">re</hi> M<hi rendition="#sup">te</hi> en <index resp="Abel_Laura">
                  <term xml:id="index_d35e144a1051" key="Italien">Ytalie</term>
               </index>, j’en suis, mons<hi rendition="#sup">r</hi>, bien desplaisant et principalement pour ce qu’il me fault si longuement estre privé de vostre presence, mais, puis qu’il ne peult estre autrement, il m’en fault avoir pascience, vous suppliant, mons<hi rendition="#sup">r</hi>, tres humblement pour le grant bien de voz affaires qu’elle soit le plustost que possible sera.</p>
            <p>Le tiltre de capitaine general en <index resp="Abel_Laura">
                  <term xml:id="index_d35e144a1051" key="Italien">Ytalie</term>
               </index> qu’avez, mons<hi rendition="#sup">r</hi>, envoyé au <persName xml:id="person_d109e272a1050"
                         ref="nognd"
                         resp="Abel_Laura"
                         key="Pescara">marquis de Piscaire</persName> me semble<hi rendition="#sup">c</hi>) estre fort bien fait, car il a bien merité envers V<hi rendition="#sup">re</hi> M<hi rendition="#sup">te</hi> et vous sçaura rendre bon compte de sa charge.</p>
            <p>Quant au fait de la <index resp="Abel_Laura">
                  <term xml:id="index_d152e308a1051" key="Währung">monnoye</term>
               </index> à <placeName xml:id="place_d24e270a1050"
                          ref="nognd"
                          resp="Abel_Laura"
                          key="Nürnberg">Nuremberg</placeName>, ayant eu informacion, en aviserai V<hi rendition="#sup">re</hi> M<hi rendition="#sup">te</hi>, à laquelle je supplie que ce que y sera vouloir donner au jesne <persName xml:id="person_d156e388a1050"
                         ref="nognd"
                         resp="Abel_Laura"
                         key="Salm, Niklas, Graf ">conte de Salme</persName>, car lui et son pere l’ont bien merité envers Vostred. M<hi rendition="#sup">te</hi> à la <index resp="Abel_Laura">
                  <term xml:id="index_d138e124a1051" key="Pavia, Schlacht von">battaille de Pavie</term>
               </index>.</p>
            <p>Je vous mercie, mons<hi rendition="#sup">r</hi>, tres humblement de la depesehe qu’il vous a pleu faire des pansions du <persName xml:id="person_d140e206a1050"
                         ref="nognd"
                         resp="Abel_Laura"
                         key="Sampy (Sempy), Herr de">s<hi rendition="#sup">r</hi> de Sempy</persName> et <persName xml:id="person_d27e98a1050"
                         ref="nognd"
                         resp="Abel_Laura"
                         key="Hemricourt">Emericourt</persName>.</p>
            <p>Au surplus, mons<hi rendition="#sup">r</hi>, du fait de <persName xml:id="person_d52e241a1050"
                         ref="nognd"
                         resp="Abel_Laura"
                         key="Hannart">Hannart</persName>, je vous envoie presentement ce qu’ai peu recouvrer. Duquel affaire et autres ai chargé don <persName xml:id="person_d44e249a1050"
                         ref="nognd"
                         resp="Abel_Laura"
                         key="Córdoba, Pedro de">Pedro de Cordoua</persName>, mon grant escuier, vous en parler plus amplement, auquel vous supplie vouloir donner entiere foi et credence et<hi rendition="#sup">d</hi>) avoir en ses affaires pour singulierement recommandé.</p>
            <p>Mons<hi rendition="#sup">r</hi>, je supplie<hi rendition="#sup">e</hi>) atant<hi rendition="#sup">f</hi>) le createur qui vous doint bonne vie et longue.</p>
            <p>De <placeName xml:id="place_d154e265a1050"
                          ref="nognd"
                          resp="Abel_Laura"
                          key="Tübingen">Tibinguen</placeName>, ce premier jour de septembre a<hi rendition="#sup">o</hi> 25.</p>
            <p>Je<hi rendition="#sup">g</hi>) vous suplie, mons<hi rendition="#sup">r</hi>, l’avoir pour recomendé come à ce lui que est serviteur de nous deux.</p>
            <p>Vostre tres humble et tres obeisant frere</p>
            <p>Ferdinandus.</p>
         </div>
         <div n="6"><!-- commentary -->
            <p>a) <hi rendition="#i">Mons</hi>
               <hi rendition="#i #sup">r</hi>
               <hi rendition="#i">– grace</hi> fehlt in W<hi rendition="#sup">1</hi>.</p>
            <p>Hinweis auf A143, A145. </p>
            <p>Vgl. Nr. A145 [13]. </p>
            <p>Das Aktenpaket, das die kaiserlichen Ausschreibungen an die Stände vom 24. Mai 1525 zu einem <index resp="Abel_Laura">
                  <term xml:id="index_d147e285a1051" key="HRR, Reichstag, Augsburg (1525)">RT nach Augsburg</term>
               </index> für den Michaelistag (29. September) enthielt, gelangte erst am 9. Mai an F’s Adresse und von diesem am 13. an das <index resp="Abel_Laura">
                  <term xml:id="index_d24e259a1051" key="HRR, Regiment">Reichsregiment</term>
               </index>. Friedensburg, Zur Vorgeschichte, S. 26.</p>
            <p>Die englische Prinzessin wurde am 18. Februar 1516 geboren, zählte damals also noch nicht neuneinhalb Jahre.</p>
            <p>b) <hi rendition="#i">cui – perdoint</hi> fehlt in W<hi rendition="#sup">1</hi>.</p>
            <p>Trotzdem bevollmächtigte F eigens in einer Urkunde vom 30. August den Kardinal <persName xml:id="person_d31e156a1050"
                         ref="nognd"
                         resp="Abel_Laura"
                         key="Campeggi">Campeggi</persName>, <persName xml:id="person_d154e366a1050"
                         ref="nognd"
                         resp="Abel_Laura"
                         key="Angrer, Dr. Gregor, F’s Gesandter in Venedig">Dr. Gregor Angrer</persName> und <persName xml:id="person_d154e369a1050"
                         ref="nognd"
                         resp="Abel_Laura"
                         key="Dornberg, Erasmus von">Erasmus von Dornberg</persName> zur Schlichtung der noch übriggebliebenen Differenzen zwischen ihm und dem Dogen. Vor einigen Jahren sei zwar zu <placeName xml:id="place_d20e130a1050"
                          ref="nognd"
                          resp="Abel_Laura"
                          key="Worms">Worms</placeName> zwischen K und Venedig eine Einigung betreffs der Grenzgebiete gegen <placeName xml:id="place_d35e265a1050"
                          ref="nognd"
                          resp="Abel_Laura"
                          key="Friaul">Friaul</placeName>, <placeName xml:id="place_d35e268a1050"
                          ref="nognd"
                          resp="Abel_Laura"
                          key="Istrien">Istrien</placeName>, am Karst und gegen <placeName xml:id="place_d96e128a1050"
                          ref="nognd"
                          resp="Abel_Laura"
                          key="Verona">Verona</placeName> und <placeName xml:id="place_d156e516a1050"
                          ref="nognd"
                          resp="Abel_Laura"
                          key="Rovereto">Rovereto</placeName> hin hergestellt worden, doch seien einige Punkte noch unerledigt. Wien, St.-A. Reichsreg. Ferd. I., Bd. 1, Bl. 23f.</p>
            <p>S. Nr. A145 [11] und A152.</p>
            <p>c) in W<hi rendition="#sup">1</hi> folgt <hi rendition="#i">mons</hi>
               <hi rendition="#i #sup">r</hi>.</p>
            <p>Durch ein Mandat K’s vom Juni 30. aus <placeName xml:id="place_d143e756a1050"
                          ref="nognd"
                          resp="Abel_Laura"
                          key="Toledo">Toledo</placeName> an <persName xml:id="person_d13e136a1050"
                         ref="nognd"
                         resp="Abel_Laura"
                         key="Mg">Mg</persName> und den Finanzrat der <index resp="Abel_Laura">
                  <term xml:id="index_d14e164a1051" key="Niederlande">Niederlande</term>
               </index> weist K dem <persName xml:id="person_d27e98a1050"
                         ref="nognd"
                         resp="Abel_Laura"
                         key="Hemricourt">Henry de Hemericourt</persName> eine jährliche Pension von 300 Livres an. Wien, St-A. Belgica PA. 17. Original.</p>
            <p>d) <hi rendition="#i">et —recommandé</hi> fehlt in W<hi rendition="#sup">1</hi>. - e) W<hi rendition="#sup">1</hi>
               <hi rendition="#i">prie</hi> etc. - f) <hi rendition="#i">atant – longue</hi> fehlt in W<hi rendition="#sup">1</hi>.</p>
            <p>g) von <hi rendition="#i">je</hi> an eigenhändig, fehlt in W<hi rendition="#sup">1</hi>. </p>
         </div>
      </body>
   </text>
</TEI>
