<?xml version="1.0" encoding="UTF-8"?>
<TEI xmlns="http://www.tei-c.org/ns/1.0">
   <teiHeader>
      <fileDesc>
         <titleStmt>
            <title type="main">A150.</title>
            <title type="sub">Ferdinand an Karl, 1525 September 1, Tübingen.</title>
            <author>
               <persName ref="nognd">Ferdinand</persName>
            </author>
         </titleStmt>
         <editionStmt>
            <edition>Vollständige digitalisierte Ausgabe</edition>
         </editionStmt>
         <publicationStmt>
            <publisher xml:id="nnnn">
               <orgName role="hostingInstitution">Universität Salzburg</orgName>
               <orgName role="project">Edition der Familienkorrespondenz Ferdinands I.</orgName>
               <address>
                  <addrLine>Paris Lodron Universität Salzburg PLUS</addrLine>
                  <addrLine>Kapitelgasse 4</addrLine>
                  <addrLine>A-5020 Salzburg - Österreich</addrLine>
               </address>
            </publisher>
            <pubPlace>Salzburg</pubPlace>
            <date type="publication">2015-07-09</date>
            <availability>
               <licence target="https://creativecommons.org/licenses/by/3.0/">
                  <p>Creative Commons BY 3.0</p>
               </licence>
            </availability>
            <idno type="DOI">nnnn</idno>
         </publicationStmt>
         <sourceDesc>
            <bibl type="MS">Die Korrespondenz Ferdinands I. Familienkorrespondenz bis 1526</bibl>
            <biblFull>
               <titleStmt>
                  <title type="main">Die Korrespondenz Ferdinands I. Familienkorrespondenz bis 1526</title>
               </titleStmt>
               <publicationStmt>
                  <publisher>
                     <name>Holzhausen</name>
                  </publisher>
                  <publisher>
                     <name>Kommission für Neuere Geschichte Österreichs</name>
                  </publisher>
                  <pubPlace>Wien</pubPlace>
                  <date type="publication">1912</date>
               </publicationStmt>
            </biblFull>
         </sourceDesc>
      </fileDesc>
      <profileDesc>
         <correspDesc>
            <correspAction type="sent">
               <persName ref="nognd">Ferdinand</persName>
               <placeName ref="nognd">Tübingen</placeName>
               <date>1525 September 1</date>
            </correspAction>
            <correspAction type="received">
               <persName ref="nognd">Karl</persName>
            </correspAction>
         </correspDesc>
      </profileDesc>
      <encodingDesc>
         <appInfo>
            <application ident="TEI_fromDOCX" version="2.15.0">
               <label>DOCX to TEI</label>
            </application>
         </appInfo>
      </encodingDesc>
      <revisionDesc>
         <listChange>
            <change>
               <date>2022-11-12T10:06:20Z</date>
               <name ref="nognd">Pitzer Doris</name>
            </change>
         </listChange>
      </revisionDesc>
   </teiHeader>
   <text>
      <body>
         <div n="1"><!-- letter_header -->
            <p>
               <hi rendition="#b">A150.</hi>
            </p>
            <table rend="rules">
               <row>
                  <cell>
                     <hi rendition="#i">Ferdinand an Karl.</hi>
                  </cell>
                  <cell>
                     <hi rendition="#i">1525 September 1. Tübingen.</hi>
                  </cell>
               </row>
            </table>
         </div>
         <div n="2" xml:lang="de"><!-- regest_de -->
            <p>Beglaubigung für Don Pedro de Cordova. K’s Heirat.</p>
         </div>
         <div n="3" xml:lang="en"><!-- regest_en -->
            <p>Accreditation for Don Pedro de Cordova. K's marriage.</p>
         </div>
         <div n="4"><!-- archive_desc -->
            <p>Wien, St.-A. Belgica PA. 7. Original, durchwegs eigenhändig von F geschrieben. Rückwärts Adresse: <hi rendition="#i">A l'empereur mons</hi>
               <hi rendition="#i #sup">r</hi>
               <hi rendition="#i">. </hi>
            </p>
            <p>Druck: Familienkorrespondenz Bd. 1, Nr. 150, S. 326-327.</p>
         </div>
         <div type="letter" n="5"><!-- transcription -->
            <p>Mons<hi rendition="#sup">r</hi>, tres humblement et de bon ceur à vostre bonne grace me recomende. Mons<hi rendition="#sup">r</hi>, pour ce que par mes autres letres vous escrips au long des affaires depardeça, par lesqueles et ce que don <persName xml:id="person_d44e249a1050"
                         ref="nognd"
                         resp="Abel_Laura"
                         key="Córdoba, Pedro de">Pedro de Cordova</persName>, mon grant-escuier, vous dira de ma part entenderez de toutes choses, me deporteray vous faire plus longue letre et est ceste seulement<hi rendition="#sup">a</hi>) pour vous suplier vouloir entrer en mon ordre<hi rendition="#sup">b</hi>) de <index resp="Abel_Laura">
                  <term xml:id="index_d150e201a1051" key="Heirat, K mit Isabella von Portugal">mariaige</term>
               </index>, laquelle vous puis, mons<hi rendition="#sup">r</hi>, dire pour vray, qu’est tres bonne et me suis tres bien trouvé et espere que faires le semblable et poures à l’aide de dieu avoir bien tost des enfans, que seroit plus que besoing pour le bien de nous deux.</p>
            <p>Mons<hi rendition="#sup">r</hi>, je prie le createur vous donner bonne vie et longue et l’entier acomplicement de vos desirs.</p>
            <p>De <placeName xml:id="place_d154e265a1050"
                          ref="nognd"
                          resp="Abel_Laura"
                          key="Tübingen">Tibingen</placeName>, ce primier de septembre.</p>
            <p>Vostre tres humble et tres obeisant frere</p>
            <p>Ferdinandus.</p>
         </div>
         <div n="6"><!-- commentary -->
            <p>a) <hi rendition="#i">sulement</hi> Original. - b) <hi rendition="#i">orde</hi> Original.</p>
            <p>Don Pedro de Cordoba langte am 24. September am kaiserlichen Hofe zu <placeName xml:id="place_d143e756a1050"
                          ref="nognd"
                          resp="Abel_Laura"
                          key="Toledo">Toledo </placeName>an. In seiner Audienz bei K kam nicht allein die Heiratssache zur Sprache, sondern auch der <index resp="Abel_Laura">
                  <term xml:id="index_d111e230a1051" key="Bauernkrieg (Deutscher), 1524-1526">Bauernkrieg</term>
               </index> in Deutschland, die Verdienste F’s um die Erfolge in <index resp="Abel_Laura">
                  <term xml:id="index_d35e144a1051" key="Italien">Italien</term>
               </index> usw. Villa, S. 298.</p>
         </div>
      </body>
   </text>
</TEI>
