<?xml version="1.0" encoding="UTF-8"?>
<TEI xmlns="http://www.tei-c.org/ns/1.0">
   <teiHeader>
      <fileDesc>
         <titleStmt>
            <title type="main">A155.</title>
            <title type="sub">Ferdinand an Ludwig II., 1525 Oktober 1, Tübingen.</title>
            <author>
               <persName ref="nognd">Ferdinand</persName>
            </author>
         </titleStmt>
         <editionStmt>
            <edition>Vollständige digitalisierte Ausgabe</edition>
         </editionStmt>
         <publicationStmt>
            <publisher xml:id="nnnn">
               <orgName role="hostingInstitution">Universität Salzburg</orgName>
               <orgName role="project">Edition der Familienkorrespondenz Ferdinands I.</orgName>
               <address>
                  <addrLine>Paris Lodron Universität Salzburg PLUS</addrLine>
                  <addrLine>Kapitelgasse 4</addrLine>
                  <addrLine>A-5020 Salzburg - Österreich</addrLine>
               </address>
            </publisher>
            <pubPlace>Salzburg</pubPlace>
            <date type="publication">2015-07-09</date>
            <availability>
               <licence target="https://creativecommons.org/licenses/by/3.0/">
                  <p>Creative Commons BY 3.0</p>
               </licence>
            </availability>
            <idno type="DOI">nnnn</idno>
         </publicationStmt>
         <sourceDesc>
            <bibl type="MS">Die Korrespondenz Ferdinands I. Familienkorrespondenz bis 1526</bibl>
            <biblFull>
               <titleStmt>
                  <title type="main">Die Korrespondenz Ferdinands I. Familienkorrespondenz bis 1526</title>
               </titleStmt>
               <publicationStmt>
                  <publisher>
                     <name>Holzhausen</name>
                  </publisher>
                  <publisher>
                     <name>Kommission für Neuere Geschichte Österreichs</name>
                  </publisher>
                  <pubPlace>Wien</pubPlace>
                  <date type="publication">1912</date>
               </publicationStmt>
            </biblFull>
         </sourceDesc>
      </fileDesc>
      <profileDesc>
         <correspDesc>
            <correspAction type="sent">
               <persName ref="nognd">Ferdinand</persName>
               <placeName ref="nognd">Tübingen</placeName>
               <date>1525 Oktober 1</date>
            </correspAction>
            <correspAction type="received">
               <persName ref="nognd">Ludwig II.</persName>
            </correspAction>
         </correspDesc>
      </profileDesc>
      <encodingDesc>
         <appInfo>
            <application ident="TEI_fromDOCX" version="2.15.0">
               <label>DOCX to TEI</label>
            </application>
         </appInfo>
      </encodingDesc>
      <revisionDesc>
         <listChange>
            <change>
               <date>2022-11-12T10:06:49Z</date>
               <name ref="nognd">Pitzer Doris</name>
            </change>
         </listChange>
      </revisionDesc>
   </teiHeader>
   <text>
      <body>
         <div n="1"><!-- letter_header -->
            <p>
               <hi rendition="#b">A155.</hi>
            </p>
            <table rend="rules">
               <row>
                  <cell>
                     <hi rendition="#i">Ferdinand an Ludwig II.</hi>
                  </cell>
                  <cell>
                     <hi rendition="#i">1525 Oktober 1. Tübingen.</hi>
                  </cell>
               </row>
            </table>
         </div>
         <div n="2" xml:lang="de"><!-- regest_de -->
            <p>
               <hi rendition="#i">Ex litteris Ser</hi>
               <hi rendition="#i #sup">tis</hi>
               <hi rendition="#i"> V</hi>
               <hi rendition="#i #sup">re</hi>
               <hi rendition="#i"> (latis </hi>
               <placeName xml:id="place_d46e220a1050"
                          ref="nognd"
                          resp="Hofer-Bindeus_Johannes"
                          key="Budapest">
                  <hi rendition="#i">Budẹ </hi>
               </placeName>
               <hi rendition="#i">in festo beati Bartholamei apostoli </hi>[24. August]<hi rendition="#i"> intelleximus quẹ nobis ad instantiam et sollicitationem regnicolarum suorum nobis significavit super quodam conventu celebrando </hi>
               <placeName xml:id="place_d46e89a1050"
                          ref="nognd"
                          resp="Hofer-Bindeus_Johannes"
                          key="Sopron">
                  <hi rendition="#i">Sompronii </hi>
               </placeName>
               <hi rendition="#i">inter commissarios eiusdem Ser</hi>
               <hi rendition="#i #sup">tis</hi>
               <hi rendition="#i"> V</hi>
               <hi rendition="#i #sup">re</hi>
               <hi rendition="#i"> et nostros ad festum divi Martini </hi>[11. November]<hi rendition="#i"> proxime futuri pro tollendis et componendis quibusdam controversiis, ultro et citro inter eosdem partim ob acceptas et illatas iniurias et damna et partim finium et metarum provinciarum utriusque nostrorum iam diu ortis.</hi> Hat sofort seinem Regiment und Rat von <index resp="Abel_Laura">
                  <term xml:id="index_d24e407a1051" key="Niederösterreich">Niederösterreich</term>
               </index> den Auftrag gegeben, die Sache zu betreiben, und wenn die Frist zu kurz wäre, bei L um Bewilligung eines anderen Tages anzusuchen.</p>
         </div>
         <div n="3" xml:lang="en"><!-- regest_en -->
            <p>
               <hi rendition="#i">Ex litteris Ser</hi>
               <hi rendition="#i #sup">tis</hi>
               <hi rendition="#i"> V</hi>
               <hi rendition="#i #sup">re</hi>
               <hi rendition="#i"> (latis Budẹ in festo beati Bartholamei apostoli</hi> [August 24] <hi rendition="#i">intelleximus quẹ nobis ad instantiam et sollicitationem regnicolarum suorum nobis significavit super quodam conventu celebrando Sompronii inter commissarios eiusdem Ser</hi>
               <hi rendition="#i #sup">tis</hi>
               <hi rendition="#i"> V</hi>
               <hi rendition="#i #sup">re</hi>
               <hi rendition="#i"> et nostros ad festum divi Martini </hi>[November 11] <hi rendition="#i">proxime futuri pro tollendis et componendis quibusdam controversiis, ultro et citro inter eosdem partim ob acceptas et illatas iniurias et damna et partim finium et metarum provinciarum utriusque nostrorum iam diu ortis.</hi> Immediately gave his regiment and council of Lower Austria the order to pursue the matter, and if the time limit would be too short to apply to L for approval of another meeting.</p>
         </div>
         <div n="4"><!-- archive_desc -->
            <p>Wien, St.-A. Österreichische Akten. Niederösterreich 2. Original, eigenhändige Unterschrift: <hi rendition="#i">E. Ser</hi>
               <hi rendition="#i #sup">tis </hi>
               <hi rendition="#i">V</hi>
               <hi rendition="#i #sup">re</hi>
               <hi rendition="#i"> minor frater et bonus sororius Ferdinandus. </hi>Siegel abgefallen. Rückwärts Adresse:<hi rendition="#i"> Sermo principi et domino, domino </hi>
               <persName xml:id="person_d20e158a1050"
                         ref="nognd"
                         resp="Hofer-Bindeus_Johannes"
                         key="Ludwig II.">
                  <hi rendition="#i">Ludovico </hi>
               </persName>
               <hi rendition="#i">regi Hungariẹ, Bohemiẹ etc. marchioni Moraviẹ etc., domino et sororio nostro coll</hi>
               <hi rendition="#i #sup">mo</hi>
               <hi rendition="#i">.</hi> Als Datum: Datum <placeName xml:id="place_d154e265a1050"
                          ref="nognd"
                          resp="Hofer-Bindeus_Johannes"
                          key="Tübingen">Tubingenn</placeName>, die prima mensis octobris 1525.</p>
            <p>Druck: J. Lampel in Blätter des Vereines für Landeskunde von Niederösterreich. N. F. 34 (1900), S. 118 f. Familienkorrespondenz Bd. 1, Nr. 155, S. 333-334.</p>
         </div>
         <div n="6"><!-- commentary -->
            <p>F beantwortet Nr. A148. — Was der Grund der ungewöhnlichen Verzögerung war, ist nicht recht ersichtlich. Ein vorhergehender Meinungsaustausch mit den österreichischen Behörden scheint es nicht gewesen zu sein, denn erst am 21. Oktober richtet F an Vizestatthalter und Räte der niederösterreichischen Lande den Befehl, <hi rendition="#i">„daz ir zwo verstenndig, zu diser sachen tewglich personen furnemet unnd sy mit notdurfftigem bericht und gnuegsamen gewalt und bevelch auf den bestimbten sant Martinstag daselbsthin gen </hi>
               <placeName xml:id="place_d46e89a1050"
                          ref="nognd"
                          resp="Hofer-Bindeus_Johannes"
                          key="Sopron">
                  <hi rendition="#i">Ödemburg </hi>
               </placeName>
               <hi rendition="#i">schiket“.</hi> Sollte diese Zeit aber nicht eingehalten werden können, so sollen sie eine andere Frist oder Malstatt vorschlagen (Wien, St.-A. Österr. Akten. Niederösterr. 2. Original. Vermerk: <hi rendition="#i">praesentata am 27. tag octobris anno etc. im 25.).</hi> In einem Schreiben des Vizestatthalters und Hofrates an den Kg von Ungarn vom 28. Oktober werden deren Bedenken gegen die allzukurze Frist vorbracht, da F <hi rendition="#i">„aus verhinnderung der treffennlichen geschefften, die der F. D</hi>
               <hi rendition="#i #sup">t</hi>
               <hi rendition="#i">yetz vor augen sein an denselben hof“</hi> werde man den nächsten Martinitag nicht einhalten können, zumal die Untertanen der fünf niederösterreichischen Länder nicht benachrichtigt seien und von den ungarischen Untertanen bis zum Lukastag noch keine Beschwerde eingelangt sei. Bitten um Ansetzung eines anderen Tages (ebenda, Konzept). Nichtsdestoweniger drängte Ludwig in seinem Briefe vom 8. November an die Regenten zur Einhaltung des Martinitages (ebenda, Original). Aus späteren Briefentwürfen geht hervor, daß Ludwig die Frist auf den Andreastag (30. November) erstreckt hat, der aber der niederösterreichischen Regierung ebenfalls zu nahe schien. — Eine undatierte Denkschrift (ebenda, mit Bleistiftvermerk 1523, vel 1524) trägt die Überschrift: <hi rendition="#i">Sequuntur gravamina et querele pro parte ser</hi>
               <hi rendition="#i #sup">mi</hi>
               <hi rendition="#i">principis archiducis Austrie etc. coram consiliariis et commissariis pretextu pacis ad hoc ad Sopronium deputatis.</hi> Unter den Beschwerden wird angeführt, daß die Untertanen des zu Österreich gehörenden Klosters Marienburg von den ungarischen Beamten <hi rendition="#i">cum exactione tricesime et dicationis contra tractatus pacis et concordie</hi> bedrängt würden. Ferner wird die Bestrafung eines Ungarn namens <persName xml:id="person_d162e222a1050"
                         ref="nognd"
                         resp="Abel_Laura"
                         key="Ciriac, ein Ungar, der dem Kloster Marienburg den Frieden gebrochen hat">Ciriac</persName> verlangt, der obgenanntem Kloster den Frieden gebrochen hat. Die Ausschreitungen und Raubzüge der Leute des <persName xml:id="person_d162e225a1050"
                         ref="nognd"
                         resp="Abel_Laura"
                         key="Bösing, Graf Franz von St. Georgen und (?)">Gfen von Pösing</persName> in das österreichische Gebiet des <persName xml:id="person_d162e229a1050"
                         ref="nognd"
                         resp="Abel_Laura"
                         key="Lamberg, Graf Johann von">Gfen Johann von Lamberg</persName> blieben trotz der Abmachungen von <placeName xml:id="place_d24e487a1050"
                          ref="nognd"
                          resp="Abel_Laura"
                          key="Bratislava">Preßburg </placeName>ungesühnt. Desgleichen blieb das erpresserische Vorgehen Pösings gegen einen nach <index resp="Abel_Laura">
                  <term xml:id="index_d22e125a1051" key="Österreich">Österreich</term>
               </index> ziehenden bayrischen Kaufmann, ferner die Gefangennahme der <persName xml:id="person_d162e239a1050"
                         ref="nognd"
                         resp="Abel_Laura"
                         key="Weißpriach, Herrin von">domina de Weispriach</persName> samt ihren Kindern durch <persName xml:id="person_d162e242a1050"
                         ref="nognd"
                         resp="Abel_Laura"
                         key="Terniko, Georg">Georg Terniko</persName>, die Schädigungen des österreichischen Grenzgebietes durch <persName xml:id="person_d162e245a1050"
                         ref="nognd"
                         resp="Christopher_F._Laferl"
                         key="Széchy, Thomas">Thomas de Zetschi </persName>de <placeName xml:id="place_d162e249a1050"
                          ref="nognd"
                          resp="Christopher_F._Laferl"
                          key="Grad (Goričko)">superiori Limbach </placeName>und <persName xml:id="person_d162e252a1050"
                         ref="nognd"
                         resp="Christopher_F._Laferl"
                         key="Bánffy, ?">Bamphi</persName> de <placeName xml:id="place_d162e255a1050"
                          ref="nognd"
                          resp="Christopher_F._Laferl"
                          key="Lendava">inferiori Limbach</placeName>, schließlich der Einfall des capitaneus castri Crapin in das Land des Ehgs ohne Sühne. Bestrafung und Schadenersatz fordert F. Überdies finden entgegen den Vertragsbestimmungen einige flüchtige Rebellen in Ungarn Zuflucht, so Georg Dulther aus Wien in Ovar (Altenburg), der bekannte Räuber <persName xml:id="person_d162e258a1050"
                         ref="nognd"
                         resp="Abel_Laura"
                         key="Sorator, Räuber">Sorator</persName> bei dem <persName xml:id="person_d162e261a1050"
                         ref="nognd"
                         resp="Abel_Laura"
                         key="Vlaklo, Hg Laurenz de">Hg Laurenz de Vlaklo</persName>, <persName xml:id="person_d162e264a1050"
                         ref="nognd"
                         resp="Abel_Laura"
                         key="Walitzko, Paul, nach Ungarn entflohener Rebell">Paul Walitzko</persName> u. a. F verlangt deren Auslieferung. Es verstößt auch gegen den Frieden, wenn an österreichischen Untertanen Repressalien geübt werden. Es sollen gegenseitig die ungarischen Untertanen bei F und umgekehrt Gerechtigkeit finden.</p>
         </div>
      </body>
   </text>
</TEI>
