<?xml version="1.0" encoding="UTF-8"?>
<TEI xmlns="http://www.tei-c.org/ns/1.0">
   <teiHeader>
      <fileDesc>
         <titleStmt>
            <title type="main">A156.</title>
            <title type="sub">Ferdinand an Karl, 1525 Oktober 16, Tübingen.</title>
            <author>
               <persName ref="nognd">Ferdinand</persName>
            </author>
         </titleStmt>
         <editionStmt>
            <edition>Vollständige digitalisierte Ausgabe</edition>
         </editionStmt>
         <publicationStmt>
            <publisher xml:id="nnnn">
               <orgName role="hostingInstitution">Universität Salzburg</orgName>
               <orgName role="project">Edition der Familienkorrespondenz Ferdinands I.</orgName>
               <address>
                  <addrLine>Paris Lodron Universität Salzburg PLUS</addrLine>
                  <addrLine>Kapitelgasse 4</addrLine>
                  <addrLine>A-5020 Salzburg - Österreich</addrLine>
               </address>
            </publisher>
            <pubPlace>Salzburg</pubPlace>
            <date type="publication">2015-07-09</date>
            <availability>
               <licence target="https://creativecommons.org/licenses/by/3.0/">
                  <p>Creative Commons BY 3.0</p>
               </licence>
            </availability>
            <idno type="DOI">nnnn</idno>
         </publicationStmt>
         <sourceDesc>
            <bibl type="MS">Die Korrespondenz Ferdinands I. Familienkorrespondenz bis 1526</bibl>
            <biblFull>
               <titleStmt>
                  <title type="main">Die Korrespondenz Ferdinands I. Familienkorrespondenz bis 1526</title>
               </titleStmt>
               <publicationStmt>
                  <publisher>
                     <name>Holzhausen</name>
                  </publisher>
                  <publisher>
                     <name>Kommission für Neuere Geschichte Österreichs</name>
                  </publisher>
                  <pubPlace>Wien</pubPlace>
                  <date type="publication">1912</date>
               </publicationStmt>
            </biblFull>
         </sourceDesc>
      </fileDesc>
      <profileDesc>
         <correspDesc>
            <correspAction type="sent">
               <persName ref="nognd">Ferdinand</persName>
               <placeName ref="nognd">Tübingen</placeName>
               <date>1525 Oktober 16</date>
            </correspAction>
            <correspAction type="received">
               <persName ref="nognd">Karl</persName>
            </correspAction>
         </correspDesc>
      </profileDesc>
      <encodingDesc>
         <appInfo>
            <application ident="TEI_fromDOCX" version="2.15.0">
               <label>DOCX to TEI</label>
            </application>
         </appInfo>
      </encodingDesc>
      <revisionDesc>
         <listChange>
            <change>
               <date>2022-11-12T10:06:55Z</date>
               <name ref="nognd">Pitzer Doris</name>
            </change>
         </listChange>
      </revisionDesc>
   </teiHeader>
   <text>
      <body>
         <div n="1"><!-- letter_header -->
            <p>
               <hi rendition="#b">A156.</hi>
            </p>
            <table rend="rules">
               <row>
                  <cell>
                     <hi rendition="#i">Ferdinand an Karl.</hi>
                  </cell>
                  <cell>
                     <hi rendition="#i">1525 Oktober 16. Tübingen.</hi>
                  </cell>
               </row>
            </table>
         </div>
         <div n="2" xml:lang="de"><!-- regest_de -->
            <p>1. Landtag zu Innsbruck. Kaiserliche Gesandte für den künftigen Generallandtag. 2. Briefe Pescaras. Italien. 3. Bittet um Nachrichten von K. 4. Fürsprache für Gabriel Salamanca.</p>
         </div>
         <div n="3" xml:lang="en"><!-- regest_en -->
            <p>1. State Diet (Landtag) in Innsbruck. Imperial delegates for the future General State Diet. 2. Pescara's letters. Italy. 3. Requests news from K. 4. Intercession on behalf of Gabriel Salamanca.</p>
         </div>
         <div n="4"><!-- archive_desc -->
            <p>Wien, St.-A. Hs. B. 597 I, Bl. 50 — 51. Kopie.</p>
            <p>Druck: Familienkorrespondenz Bd. 1, Nr. 156, S. 334-335.</p>
         </div>
         <div type="letter" n="5"><!-- transcription -->
            <p>Mons<hi rendition="#sup">r</hi>, en la <index resp="Abel_Laura">
                  <term xml:id="index_d163e101a1051" key="Landtag, Innsbruck">diete</term>
               </index> que dernierement à la caresme passée je tins en <placeName xml:id="place_d8e140a1050"
                          ref="nognd"
                          resp="Abel_Laura"
                          key="Innsbruck">Ysbroug</placeName> à la <index resp="Abel_Laura">
                  <term xml:id="index_d27e142a1051" key="Tirol">conté de Tyrol</term>
               </index> je fus par les estatz d’illec et aussi des aultres provinces que je tiens requis que je voulsisse tenir une journée generale de toutes lesd. provinces à ce qu’ilz disoient pour le bien, utilité et prouffit tant de moi comme d’icelles, et combien, mons<hi rendition="#sup">r</hi>, que de telles assemblées, selon que suis informé que <persName xml:id="person_d5e124a1050"
                         ref="nognd"
                         resp="Abel_Laura"
                         key="Maximilian I.">l’empereur Maximilien</persName>, mon feu seigneur et aieul, cui dieu absoille, a autresfois tenues, n’est sorti ni redonde grante fruict, toutesfois tant pour leur complaire comme aussi que la disposition du temps ne souffroit leur pouoir nier, leur en ai accordé icelle assemblée, laquelle se celebrera à la saint Martin<hi rendition="#sup">a</hi>) prouchain à <placeName xml:id="place_d4e192a1050"
                          ref="nognd"
                          resp="Christopher_F._Laferl"
                          key="Augsburg">Augsbourg</placeName>. Et pour ce, mons<hi rendition="#sup">r</hi>, que ne sçai ce qu’ilz vouldront mectre en avant dire ou proposer, ai advisé qu’il seroit tres bon et necessaire que vous y, mons<hi rendition="#sup">r</hi>, commissies deux notables personnaiges, desirans mon honneur, bien et exaltation, lesquelz de vostre part m’assistassent et fissent ou disent ce que je leur ordonneroie. Parquoi, mons<hi rendition="#sup">r</hi>, vous supplie tres humblement vouloir y commectre, assçavoir le <persName xml:id="person_d163e134a1050"
                         ref="nognd"
                         resp="Abel_Laura"
                         key="Werdenberg (?), Graf ? von">conte de Werten</persName> et le baron <persName xml:id="person_d163e137a1050"
                         ref="nognd"
                         resp="Abel_Laura"
                         key="Waldburg, Wilhelm Truchseß von">Guillame Truxes</persName>, en leur escripvant les lettres selon que j’envoie à <persName xml:id="person_d27e101a1050"
                         ref="nognd"
                         resp="Abel_Laura"
                         key="Salinas">Salines</persName> les copies, lesquelz ne fais doubte, sinon comme voz tres humbles serviteurs et les miens procureront tout ce que verront estre pour mon service.</p>
            <p>D’aultrepart, mons<hi rendition="#sup">r</hi>, le <persName xml:id="person_d109e272a1050"
                         ref="nognd"
                         resp="Abel_Laura"
                         key="Pescara">marquis de Pescara</persName>, vostre capitaine general en <index resp="Abel_Laura">
                  <term xml:id="index_d35e144a1051" key="Italien">Italie</term>
               </index>, m’en a souvent escript des practicques d’Italie. Et sur ce qu'il m’en a donné à entendre, l’ai tousjours fait responce, comme ne faiz doubte il vous doibt avoir averti, et depuis deux jours m’a de rechief escript la lettre dont envoie à <persName xml:id="person_d27e101a1050"
                         ref="nognd"
                         resp="Abel_Laura"
                         key="Salinas">Salines</persName> la copie, sur laquelle lui a fait response, comme, mons<hi rendition="#sup">r</hi>, verrez dont ai voulu avertir V<hi rendition="#sup">re</hi> M<hi rendition="#sup">te</hi>, affin de vous supplier tres humblement me avertir tousjours de vostre bon plaisir, affin que je puisse icellui accomplir, car à ce faire et vous servir je ne veulx riens espargner.</p>
            <p>Il en a si longuement que n’ai heu lettres de V<hi rendition="#sup">re</hi> M<hi rendition="#sup">te</hi> que me fait penser m’avoir mis en oubli. Je supplie icelle m’advertir aulcune fois de sa <index resp="Abel_Laura">
                  <term xml:id="index_d95e182a1051" key="Gesundheit/Krankheit, K">bonne santé</term>
               </index>, disposition et bonnes nouvelles.</p>
            <p>Mons<hi rendition="#sup">r</hi>, naguaires vous ai escript en faveur du <persName xml:id="person_d31e160a1050"
                         ref="nognd"
                         resp="Abel_Laura"
                         key="Salamanca">conte de Ortemburg</persName>, mon tresorier, et ordonné à <persName xml:id="person_d158e124a1050"
                         ref="nognd"
                         resp="Abel_Laura"
                         key="Montfort, Nicolas de">Nicolas de Montfort</persName>, gentilhomme de ma maison, solliciter V<hi rendition="#sup">re</hi> M<hi rendition="#sup">te</hi> pour les affaires dud. tresorier. Je vous supplie tres humblement et autant que je puis les vouloir depescher, en quoi faisant oultre que ferez ce que ung empereur doibt faire à ceulx que bien servent, à moi ferez grant honneur. Atant etc.</p>
            <p>Escript à <placeName xml:id="place_d154e265a1050"
                          ref="nognd"
                          resp="Abel_Laura"
                          key="Tübingen">Tubinghen</placeName>, le 16<hi rendition="#sup">e</hi> d’octobre a<hi rendition="#sup">o</hi> 25.</p>
         </div>
         <div n="6"><!-- commentary -->
            <p>a) November 11.</p>
            <p>F hat dem Wunsche der tirolischen Stände nach Einberufung eines Generallandtags auf dem Innsbrucker Fastenlandtag nur nach langem Sträuben nachgegeben. F. Hirn, Gesch. der Tiroler Landtage, S. 95 f. Zu einer Entsendung kaiserlicher Abgeordneter nach Augsburg ist es wirklich gekommen. Die Beratungen begannen am 12. Dezember. M. Mayr, Zeitschr. des Ferdinandeums, 3. Folge 38, S. 22.</p>
            <p>ln der Korrespondenz F’s mit Pescara scheint es sich hauptsächlich um die österreichischen Rüstungen gegen Italien gehandelt zu haben. Vgl. Villa, S. 298.</p>
            <p>Vgl. Nr. A151.</p>
         </div>
      </body>
   </text>
</TEI>
