<?xml version="1.0" encoding="UTF-8"?>
<TEI xmlns="http://www.tei-c.org/ns/1.0">
   <teiHeader>
      <fileDesc>
         <titleStmt>
            <title type="main">A160.</title>
            <title type="sub">Ferdinand an Maria, 1525 November 6, Tübingen.</title>
            <author>
               <persName ref="nognd">Ferdinand</persName>
            </author>
         </titleStmt>
         <editionStmt>
            <edition>Vollständige digitalisierte Ausgabe</edition>
         </editionStmt>
         <publicationStmt>
            <publisher xml:id="nnnn">
               <orgName role="hostingInstitution">Universität Salzburg</orgName>
               <orgName role="project">Edition der Familienkorrespondenz Ferdinands I.</orgName>
               <address>
                  <addrLine>Paris Lodron Universität Salzburg PLUS</addrLine>
                  <addrLine>Kapitelgasse 4</addrLine>
                  <addrLine>A-5020 Salzburg - Österreich</addrLine>
               </address>
            </publisher>
            <pubPlace>Salzburg</pubPlace>
            <date type="publication">2015-07-09</date>
            <availability>
               <licence target="https://creativecommons.org/licenses/by/3.0/">
                  <p>Creative Commons BY 3.0</p>
               </licence>
            </availability>
            <idno type="DOI">nnnn</idno>
         </publicationStmt>
         <sourceDesc>
            <bibl type="MS">Die Korrespondenz Ferdinands I. Familienkorrespondenz bis 1526</bibl>
            <biblFull>
               <titleStmt>
                  <title type="main">Die Korrespondenz Ferdinands I. Familienkorrespondenz bis 1526</title>
               </titleStmt>
               <publicationStmt>
                  <publisher>
                     <name>Holzhausen</name>
                  </publisher>
                  <publisher>
                     <name>Kommission für Neuere Geschichte Österreichs</name>
                  </publisher>
                  <pubPlace>Wien</pubPlace>
                  <date type="publication">1912</date>
               </publicationStmt>
            </biblFull>
         </sourceDesc>
      </fileDesc>
      <profileDesc>
         <correspDesc>
            <correspAction type="sent">
               <persName ref="nognd">Ferdinand</persName>
               <placeName ref="nognd">Tübingen</placeName>
               <date>1525 November 6</date>
            </correspAction>
            <correspAction type="received">
               <persName ref="nognd">Maria</persName>
            </correspAction>
         </correspDesc>
      </profileDesc>
      <encodingDesc>
         <appInfo>
            <application ident="TEI_fromDOCX" version="2.15.0">
               <label>DOCX to TEI</label>
            </application>
         </appInfo>
      </encodingDesc>
      <revisionDesc>
         <listChange>
            <change>
               <date>2022-11-12T10:07:18Z</date>
               <name ref="nognd">Pitzer Doris</name>
            </change>
         </listChange>
      </revisionDesc>
   </teiHeader>
   <text>
      <body>
         <div n="1"><!-- letter_header -->
            <p>
               <hi rendition="#b">A160.</hi>
            </p>
            <table rend="rules">
               <row>
                  <cell>
                     <hi rendition="#i">Ferdinand an Maria.</hi>
                  </cell>
                  <cell>
                     <hi rendition="#i">1525 November 6. Tübingen.</hi>
                  </cell>
               </row>
            </table>
         </div>
         <div n="2" xml:lang="de"><!-- regest_de -->
            <p>Beglaubigt <persName xml:id="person_d167e87a1050"
                         ref="nognd"
                         resp="Abel_Laura"
                         key="Rauber, Christophorus, Bischof von Ljubljana">B. Christoph von Laibach</persName> und <persName xml:id="person_d167e90a1050"
                         ref="nognd"
                         resp="Abel_Laura"
                         key="Roggendorff, Baron Georg von">Baron Georg von Roggendorff</persName>, die er zum <persName xml:id="person_d89e147a1050"
                         ref="nognd"
                         resp="Abel_Laura"
                         key="Sigismund I.">Kg. von Polen</persName> sendet, die vorher aber an M und ihren Gemahl, <persName xml:id="person_d20e158a1050"
                         ref="nognd"
                         resp="Abel_Laura"
                         key="Ludwig II.">Kg. Ludwig</persName>, verschiedenes von ihm auszurichten haben.</p>
         </div>
         <div n="3" xml:lang="en"><!-- regest_en -->
            <p>Accredits Bishop Christoph of Laibach and Baron George of Roggendorff, both of whom he is sending to the King of Hungary. First, however, they have messages to deliver to M and her husband, King Louis.</p>
         </div>
         <div n="4"><!-- archive_desc -->
            <p>Wien, St.-A. Hungarica 1. Original mit Sekretärsunterschrift <hi rendition="#i">Ja</hi>. Spiegel. Eigenhändige Unterschrift : <hi rendition="#i">E. S</hi>
               <hi rendition="#i #sup">tis</hi>
               <hi rendition="#i"> V</hi>
               <hi rendition="#i #sup">re</hi>
               <hi rendition="#i">: bonus et humilis frater Ferdinandus</hi>. Rückwärts Adresse: <hi rendition="#i">Ser</hi>
               <hi rendition="#i #sup">me</hi>
               <hi rendition="#i"> principi domine Marie, Hungarie et Bohemio etc. regine, marchionisse Moravie etc. sorori nostre char</hi>
               <hi rendition="#i #sup">me</hi>. Siegel abgefallen.</p>
            <p>Druck: Familienkorrespondenz Bd. 1, Nr. 160, S. 343.</p>
         </div>
         <div n="6"><!-- commentary -->
            <p>Anmerkung der Herausgeber der digitalen Edition: Der Ausstellungsort ist <placeName xml:id="place_d154e265a1050"
                          ref="nognd"
                          resp="Christopher_F._Laferl"
                          key="Tübingen">Tübingen</placeName>. </p>
         </div>
      </body>
   </text>
</TEI>
