<?xml version="1.0" encoding="UTF-8"?>
<TEI xmlns="http://www.tei-c.org/ns/1.0">
   <teiHeader>
      <fileDesc>
         <titleStmt>
            <title type="main">A165.</title>
            <title type="sub">Karl an Ferdinand, 1525 November 30, Toledo.</title>
            <author>
               <persName ref="nognd">Karl</persName>
            </author>
         </titleStmt>
         <editionStmt>
            <edition>Vollständige digitalisierte Ausgabe</edition>
         </editionStmt>
         <publicationStmt>
            <publisher xml:id="nnnn">
               <orgName role="hostingInstitution">Universität Salzburg</orgName>
               <orgName role="project">Edition der Familienkorrespondenz Ferdinands I.</orgName>
               <address>
                  <addrLine>Paris Lodron Universität Salzburg PLUS</addrLine>
                  <addrLine>Kapitelgasse 4</addrLine>
                  <addrLine>A-5020 Salzburg - Österreich</addrLine>
               </address>
            </publisher>
            <pubPlace>Salzburg</pubPlace>
            <date type="publication">2015-07-09</date>
            <availability>
               <licence target="https://creativecommons.org/licenses/by/3.0/">
                  <p>Creative Commons BY 3.0</p>
               </licence>
            </availability>
            <idno type="DOI">nnnn</idno>
         </publicationStmt>
         <sourceDesc>
            <bibl type="MS">Die Korrespondenz Ferdinands I. Familienkorrespondenz bis 1526</bibl>
            <biblFull>
               <titleStmt>
                  <title type="main">Die Korrespondenz Ferdinands I. Familienkorrespondenz bis 1526</title>
               </titleStmt>
               <publicationStmt>
                  <publisher>
                     <name>Holzhausen</name>
                  </publisher>
                  <publisher>
                     <name>Kommission für Neuere Geschichte Österreichs</name>
                  </publisher>
                  <pubPlace>Wien</pubPlace>
                  <date type="publication">1912</date>
               </publicationStmt>
            </biblFull>
         </sourceDesc>
      </fileDesc>
      <profileDesc>
         <correspDesc>
            <correspAction type="sent">
               <persName ref="nognd">Karl</persName>
               <placeName ref="nognd">Toledo</placeName>
               <date>1525 November 30</date>
            </correspAction>
            <correspAction type="received">
               <persName ref="nognd">Ferdinand</persName>
            </correspAction>
         </correspDesc>
      </profileDesc>
      <encodingDesc>
         <appInfo>
            <application ident="TEI_fromDOCX" version="2.15.0">
               <label>DOCX to TEI</label>
            </application>
         </appInfo>
      </encodingDesc>
      <revisionDesc>
         <listChange>
            <change>
               <date>2022-11-12T10:07:47Z</date>
               <name ref="nognd">Pitzer Doris</name>
            </change>
         </listChange>
      </revisionDesc>
   </teiHeader>
   <text>
      <body>
         <div n="1"><!-- letter_header -->
            <p>
               <hi rendition="#b">A165.</hi>
            </p>
            <table rend="rules">
               <row>
                  <cell>
                     <hi rendition="#i">Karl an Ferdinand.</hi>
                  </cell>
                  <cell>
                     <hi rendition="#i">1525 November 30. Toledo.</hi>
                  </cell>
               </row>
            </table>
         </div>
         <div n="2" xml:lang="de"><!-- regest_de -->
            <p>1. Sendet zugunsten des von der Stadt Besançon bedrängten EB’s und Kapitels Patente und Provisionen. 2. Vorgehen gegen die Lutheraner in Besançon, namentlich gegen Jehan Lambelin.</p>
         </div>
         <div n="3" xml:lang="en"><!-- regest_en -->
            <p>1. Is sending patents and provisions in support of the Archbishop who is being besieged by the city of Besançon. 2. Actions taken against the Lutherans in Besançon, namely against Jehan Lambelin.</p>
         </div>
         <div n="4"><!-- archive_desc -->
            <p>Wien, St.-A. Hs. B. 595 I, Bl. 12. Kopie.</p>
            <p>Druck: Familienkorrespondenz Bd. 1, Nr. 165, S. 347-348.</p>
         </div>
         <div type="letter" n="5"><!-- transcription -->
            <p>Mon bon frere, j’ai heu grandes doleances de <persName xml:id="person_d172e97a1050"
                         ref="nognd"
                         resp="Abel_Laura"
                         key="Vergy, Antoine de, Erzbischof von Besançon">l’archevesque</persName> et ceulx du chapitre de <placeName xml:id="place_d140e176a1050"
                          ref="nognd"
                          resp="Abel_Laura"
                          key="Besançon">Besançon</placeName>, touchant plusieurs tors, molesties, violances et injures que leur font journellement les gouverneurs, citoyens et habitans dud. Besançon. Surquoi et pour obvier à plus grandt inconvenient leur ai à bonne cause fait depescher lettres patentes et provision de justice telles que entendrez dont vous veulx bien advertir, afin que la faictes observer et obeir et que en vostre endroict comme mon lieutenant general en l’empire ne souffrez tort estre fait par lesd. de Besançon à l’eglise, estant de la fondacion de noz predecesseurs ni ausd. archevesque et chapitre qui tousiours nous sont esté bons et loyaulx.</p>
            <p>J’entendz aussi qu’il y a pluseurs de lad. cité entachéz des erreurs <index resp="Abel_Laura">
                  <term xml:id="index_d32e217a1051" key="Lutheraner">Lutherians</term>
               </index>, mesmes aucuns des gouverneurs et leur secretaire, appellé <persName xml:id="person_d172e109a1050"
                         ref="nognd"
                         resp="Abel_Laura"
                         key="Lambelin, Jehan, Sekretär der Stadt Besançon">Jehan Lambelin</persName>, qui journellement s’efforcent d’y attraire d’autres de lad. cité et par ce se demonstrent plus adversaires de lad. eglise et desd. du chapitre. J’escriptz presentement esd. gouverneurs qu’ilz souffrent proceder à l’encontre d’eulx et tous autres notéz de lad. secte et pourrez faire le semblable et que l’ordre necessaire y soit mis et executé, comme sçaurez bien faire, et ce me sera plaisir tres agreable. Atant etc.</p>
            <p>De <placeName xml:id="place_d143e756a1050"
                          ref="nognd"
                          resp="Abel_Laura"
                          key="Toledo">Toledo</placeName>, le dernier de novembre 1525.</p>
         </div>
      </body>
   </text>
</TEI>
