<?xml version="1.0" encoding="UTF-8"?>
<TEI xmlns="http://www.tei-c.org/ns/1.0">
   <teiHeader>
      <fileDesc>
         <titleStmt>
            <title type="main">A169.</title>
            <title type="sub">Karl an Ferdinand, 1525 Dezember 18, Toledo.</title>
            <author>
               <persName ref="nognd">Karl</persName>
            </author>
         </titleStmt>
         <editionStmt>
            <edition>Vollständige digitalisierte Ausgabe</edition>
         </editionStmt>
         <publicationStmt>
            <publisher xml:id="nnnn">
               <orgName role="hostingInstitution">Universität Salzburg</orgName>
               <orgName role="project">Edition der Familienkorrespondenz Ferdinands I.</orgName>
               <address>
                  <addrLine>Paris Lodron Universität Salzburg PLUS</addrLine>
                  <addrLine>Kapitelgasse 4</addrLine>
                  <addrLine>A-5020 Salzburg - Österreich</addrLine>
               </address>
            </publisher>
            <pubPlace>Salzburg</pubPlace>
            <date type="publication">2015-07-09</date>
            <availability>
               <licence target="https://creativecommons.org/licenses/by/3.0/">
                  <p>Creative Commons BY 3.0</p>
               </licence>
            </availability>
            <idno type="DOI">nnnn</idno>
         </publicationStmt>
         <sourceDesc>
            <bibl type="MS">Die Korrespondenz Ferdinands I. Familienkorrespondenz bis 1526</bibl>
            <biblFull>
               <titleStmt>
                  <title type="main">Die Korrespondenz Ferdinands I. Familienkorrespondenz bis 1526</title>
               </titleStmt>
               <publicationStmt>
                  <publisher>
                     <name>Holzhausen</name>
                  </publisher>
                  <publisher>
                     <name>Kommission für Neuere Geschichte Österreichs</name>
                  </publisher>
                  <pubPlace>Wien</pubPlace>
                  <date type="publication">1912</date>
               </publicationStmt>
            </biblFull>
         </sourceDesc>
      </fileDesc>
      <profileDesc>
         <correspDesc>
            <correspAction type="sent">
               <persName ref="nognd">Karl</persName>
               <placeName ref="nognd">Toledo</placeName>
               <date>1525 Dezember 18</date>
            </correspAction>
            <correspAction type="received">
               <persName ref="nognd">Ferdinand</persName>
            </correspAction>
         </correspDesc>
      </profileDesc>
      <encodingDesc>
         <appInfo>
            <application ident="TEI_fromDOCX" version="2.15.0">
               <label>DOCX to TEI</label>
            </application>
         </appInfo>
      </encodingDesc>
      <revisionDesc>
         <listChange>
            <change>
               <date>2022-11-12T10:08:10Z</date>
               <name ref="nognd">Pitzer Doris</name>
            </change>
         </listChange>
      </revisionDesc>
   </teiHeader>
   <text>
      <body>
         <div n="1"><!-- letter_header -->
            <p>
               <hi rendition="#b">A169.</hi>
            </p>
            <table rend="rules">
               <row>
                  <cell>
                     <hi rendition="#i">Karl an Ferdinand.</hi>
                  </cell>
                  <cell>
                     <hi rendition="#i">1525 Dezember 18. Toledo.</hi>
                  </cell>
               </row>
            </table>
         </div>
         <div n="2" xml:lang="de"><!-- regest_de -->
            <p>Bedrückungen des Kapitels von Besançon von seiten der Stadt, Vollmachten für F, Ordnung in dieser Sache zu schaffen.</p>
         </div>
         <div n="3" xml:lang="en"><!-- regest_en -->
            <p>The chapter of Besançon is under siege by the city. Mandates for F to clear up the matter.</p>
         </div>
         <div n="4"><!-- archive_desc -->
            <p>Wien, St.-A. Hs. B. 595 I. Bl. 13. Kopie.</p>
            <p>Druck: Familienkorrespondenz Bd. 1, Nr. 169, S. 355.</p>
         </div>
         <div type="letter" n="5"><!-- transcription -->
            <p>Mon bon frere, j’ai entendu que <persName xml:id="person_d172e97a1050"
                         ref="nognd"
                         resp="Abel_Laura"
                         key="Vergy, Antoine de, Erzbischof von Besançon">l’archevesque</persName> et les venerables du chapitre de ma cité imperiale de <placeName xml:id="place_d140e176a1050"
                          ref="nognd"
                          resp="Abel_Laura"
                          key="Besançon">Besançon</placeName> ont receu plusieurs griefz, injures et dommaiges que journellement leur sont renouvelléz par les gouverneurs et autres de mad. cité non seullement au tres grant prejudice et interez des personnes, biens, drois et previleges desd. archevesque et chappitre, mais au scandale du peuple et mauvais exemple d’autres mes subjects. Dont si remedié n’y estoit, comm’il appartient, pourroit succeder la desolacion et perdicion de mad. cité et seroient contrainctz lesd. de chappitre pour vivre en paix eulx retirer et absenter, en delaissant leur eglise dont noz predecesseurs sont fondateurs et singuliers bienfacteurs. Et que pis est, m’a aussi esté remonstré que en mad. cité pululent et sont desia eslevéz plusieurs judices et tachés de la mauldicte secte <index resp="Abel_Laura">
                  <term xml:id="index_d32e217a1051" key="Lutheraner">Lutheriane</term>
               </index>. Toutes lesquelles choses, s’ainsi estoient, me seroient à regret et desplaisir et ne les vouldroie aucunement souffrir, croistre, ne venir plus avant, mais y prevenir par tous remedes et moyens possibles et necessaires. A ceste cause ai fait despecher commission sur aucuns bons personnaiges, comme le tout pourrez veoir par les copies, que vous envoie. Ce neantmoings pour austant, mon bon frere, que je desire grandement estre entendu en ces affaires, vous en ai bien voulu advertir et escripre, actendu mesmement ma longtaine absence et que lesd. archevesque et du chappitre ne pourroient pour le temps de present si promptement recourir à remede devers moi, si vous prie, mon bon frere, que comme mon lieutenant general en l’empire, auquel j’ai toute enthiere confidence, tenez main et donnez ordre par tous les meilleurs moyens que possible vous sera que telles insolences soient appaisées et ne viennent à plus d’effect et aussi, pour ce que pourroit estre lesd. gouverneurs et autres dessusd. ne se vouldroient ranger à la raison, ains continuer en leurs mauvaises emprinses, je desire et vous requiers tres à certes, vous donnant toute auctorité et puissance, quant à ce que pourvoyez ausd. archevesque et venerables dud. chappitre de telles provisions, assistences, aide et adresse que besoing leur sera selon justice et raison, tout ainsi que je feroie et pourroie faire moi-mesmes. Et singulierement donnez telz remedes et si bon ordre contre les notéz et entachéz desd. erreurs Lutheriains que dieu en soit louhé et sa foi exaulcée sans y espargner personne quelconcque de maniere que pis n’en advienne et que je n’aie plus telles complainctes, me advertissant de ce que en sera fait et vous me ferez plesir. Priant dieu atant etc.</p>
            <p>De <placeName xml:id="place_d143e756a1050"
                          ref="nognd"
                          resp="Abel_Laura"
                          key="Toledo">Toledo</placeName>, le 18<hi rendition="#sup">e</hi> de decembre 1525.</p>
         </div>
      </body>
   </text>
</TEI>
