<?xml version="1.0" encoding="UTF-8"?>
<TEI xmlns="http://www.tei-c.org/ns/1.0">
   <teiHeader>
      <fileDesc>
         <titleStmt>
            <title type="main">A184.</title>
            <title type="sub">Karl an Ferdinand, 1526 Februar 19, Toledo.</title>
            <author>
               <persName ref="nognd">Karl</persName>
            </author>
         </titleStmt>
         <editionStmt>
            <edition>Vollständige digitalisierte Ausgabe</edition>
         </editionStmt>
         <publicationStmt>
            <publisher xml:id="nnnn">
               <orgName role="hostingInstitution">Universität Salzburg</orgName>
               <orgName role="project">Edition der Familienkorrespondenz Ferdinands I.</orgName>
               <address>
                  <addrLine>Paris Lodron Universität Salzburg PLUS</addrLine>
                  <addrLine>Kapitelgasse 4</addrLine>
                  <addrLine>A-5020 Salzburg - Österreich</addrLine>
               </address>
            </publisher>
            <pubPlace>Salzburg</pubPlace>
            <date type="publication">2015-07-09</date>
            <availability>
               <licence target="https://creativecommons.org/licenses/by/3.0/">
                  <p>Creative Commons BY 3.0</p>
               </licence>
            </availability>
            <idno type="DOI">nnnn</idno>
         </publicationStmt>
         <sourceDesc>
            <bibl type="MS">Die Korrespondenz Ferdinands I. Familienkorrespondenz bis 1526</bibl>
            <biblFull>
               <titleStmt>
                  <title type="main">Die Korrespondenz Ferdinands I. Familienkorrespondenz bis 1526</title>
               </titleStmt>
               <publicationStmt>
                  <publisher>
                     <name>Holzhausen</name>
                  </publisher>
                  <publisher>
                     <name>Kommission für Neuere Geschichte Österreichs</name>
                  </publisher>
                  <pubPlace>Wien</pubPlace>
                  <date type="publication">1912</date>
               </publicationStmt>
            </biblFull>
         </sourceDesc>
      </fileDesc>
      <profileDesc>
         <correspDesc>
            <correspAction type="sent">
               <persName ref="nognd">Karl</persName>
               <placeName ref="nognd">Toledo</placeName>
               <date>1526 Februar 19</date>
            </correspAction>
            <correspAction type="received">
               <persName ref="nognd">Ferdinand</persName>
            </correspAction>
         </correspDesc>
      </profileDesc>
      <encodingDesc>
         <appInfo>
            <application ident="TEI_fromDOCX" version="2.15.0">
               <label>DOCX to TEI</label>
            </application>
         </appInfo>
      </encodingDesc>
      <revisionDesc>
         <listChange>
            <change>
               <date>2022-11-12T10:09:36Z</date>
               <name ref="nognd">Pitzer Doris</name>
            </change>
         </listChange>
      </revisionDesc>
   </teiHeader>
   <text>
      <body>
         <div n="1"><!-- letter_header -->
            <p>
               <hi rendition="#b">A184.</hi>
            </p>
            <table rend="rules">
               <row>
                  <cell>
                     <hi rendition="#i">Karl an Ferdinand.</hi>
                  </cell>
                  <cell>
                     <hi rendition="#i">1526 Februar 19. Toledo.</hi>
                  </cell>
               </row>
            </table>
         </div>
         <div n="2" xml:lang="de"><!-- regest_de -->
            <p>Bittet F, er möge den Prinzen von Oranien, den Gfen Pont de Vaux und Nicolas Perrenot, die er als seine Bevollmächtigten zur Besitzergreifung des Hgtums Burgund bestellte, unterstützen.</p>
         </div>
         <div n="3" xml:lang="en"><!-- regest_en -->
            <p>Asks F to support the Prince of Orange and the Counts Pont de Vaux and Nicolas Perrenot, whom he has authorized to occupy the Duchy of Burgundy.</p>
         </div>
         <div n="4"><!-- archive_desc -->
            <p>Wien, St.-A. Hs. B. 595 I, Bl. 16—17. Kopie.</p>
            <p>Druck: Familienkorrespondenz Bd. 1, Nr. 184, S. 369-370.</p>
         </div>
         <div type="letter" n="5"><!-- transcription -->
            <p>Mon bon frere, j’ai presentement commis et deputé mon cousin, le <persName xml:id="person_d91e242a1050"
                         ref="nognd"
                         resp="Abel_Laura"
                         key="Oranien, Philibert de Chalon, Prinz von">prince d’Oranges</persName>, le <persName xml:id="person_d191e100a1050"
                         ref="nognd"
                         resp="Abel_Laura"
                         key="Gorrevod, Laurent de, Gf von Pont de Vaux, Oberhofmeister K’s, Marschall von Burgund">conte de Pont de-Vaulx</persName>, grand-maistre de mon hostel et marechal de Bourgoingne, et messire <persName xml:id="person_d107e186a1050"
                         ref="nognd"
                         resp="Abel_Laura"
                         key="Granvelle, Nicolas Perrenot">Nicolas Perrenot</persName>, mon conseillier et maistre aux requestes ordinaires, pour en mon nom prendre et accepter la possession des <index resp="Abel_Laura">
                  <term xml:id="index_d37e259a1051" key="Burgund, Herzogtum">duché de Bourgongne</term>
               </index> et pays adiacens dont le <persName xml:id="person_d24e327a1050"
                         ref="nognd"
                         resp="Abel_Laura"
                         key="Franz I.">roi de France</persName> tres-chrestien, mon bon frere, est tenu me faire restitucion selon qu’il est contenu oud. <index resp="Abel_Laura">
                  <term xml:id="index_d128e657a1051" key="Madrid, Friede von (1526)">traicté de paix</term>
               </index> et que l’aurez entendu par la copie que vous ai envoyé, et pour ce qu’il pourra estre que mesd. deputéz auront affaire de vostre aide et assistence, enquoi ne fais doubte, ferez l’emploi que avez accoustumé pour mes affaires qui sont les vostres. Je vous prie ainsi le faire, quant il sera besoing et que mesd. deputéz vous en requerront, et commander à ceulx du regiment d’<placeName xml:id="place_d24e147a1050"
                          ref="nognd"
                          resp="Christopher_F._Laferl"
                          key="Ensisheim">Anghessen </placeName>et conté de <index resp="Abel_Laura">
                  <term xml:id="index_d24e144a1051" key="Ferrette">Ferrette</term>
               </index> et autres noz subjectz oud. quartier bailler et faire toute aide possible et que mestier fera à mesd. deputéz tant de gens d’artillerie que autres choses necessaires pour lad. prinse de possession et seurté des fors dud. duché aussi bien pour le present que pour l’advenir, quant besoing sera, comme prouchains bons voisins. Et sçachant que mesd. deputéz n’auront moindre reffuge et succours à vous que à moi mesmes, aussi qu’ilz vous advertiront de tout leur besoingne, ne vous tiendrai plus long propos sur ce pour ceste fois, priant etc.</p>
            <p>A <placeName xml:id="place_d143e756a1050"
                          ref="nognd"
                          resp="Abel_Laura"
                          key="Toledo">Toledo</placeName>, le 19<hi rendition="#sup">e</hi> de febvrier a<hi rendition="#sup">o</hi> 1526.</p>
         </div>
         <div n="6"><!-- commentary -->
            <p>Gemäß einem Mandate vom 15. Februar beorderte der Kaiser Philibert von Oranien, Laurent de Gorrevod (Gfen von Pont de Vaux) und Nikolaus Granvella, mit 600 Mann von Burgund Besitz zu ergreifen. Doch verweigerte man ihnen den Eintritt in das Herzogtum ebenso wie dem Gouverneur von Artois, <persName xml:id="person_d52e141a1050"
                         ref="nognd"
                         resp="Abel_Laura"
                         key="Croÿ, Adrien de">Adrien de Croy</persName>. Henne 4, S. 117 f.; Ulysse Robert, Philibert de Chalón (Lettres et Documents), Paris 1902, S. 70.</p>
         </div>
      </body>
   </text>
</TEI>
