<?xml version="1.0" encoding="UTF-8"?>
<TEI xmlns="http://www.tei-c.org/ns/1.0">
   <teiHeader>
      <fileDesc>
         <titleStmt>
            <title type="main">A185.</title>
            <title type="sub">Ludwig II. an Ferdinand, 1526 Februar 22, Ofen.</title>
            <author>
               <persName ref="nognd">Ludwig II.</persName>
            </author>
         </titleStmt>
         <editionStmt>
            <edition>Vollständige digitalisierte Ausgabe</edition>
         </editionStmt>
         <publicationStmt>
            <publisher xml:id="nnnn">
               <orgName role="hostingInstitution">Universität Salzburg</orgName>
               <orgName role="project">Edition der Familienkorrespondenz Ferdinands I.</orgName>
               <address>
                  <addrLine>Paris Lodron Universität Salzburg PLUS</addrLine>
                  <addrLine>Kapitelgasse 4</addrLine>
                  <addrLine>A-5020 Salzburg - Österreich</addrLine>
               </address>
            </publisher>
            <pubPlace>Salzburg</pubPlace>
            <date type="publication">2015-07-09</date>
            <availability>
               <licence target="https://creativecommons.org/licenses/by/3.0/">
                  <p>Creative Commons BY 3.0</p>
               </licence>
            </availability>
            <idno type="DOI">nnnn</idno>
         </publicationStmt>
         <sourceDesc>
            <bibl type="MS">Die Korrespondenz Ferdinands I. Familienkorrespondenz bis 1526</bibl>
            <biblFull>
               <titleStmt>
                  <title type="main">Die Korrespondenz Ferdinands I. Familienkorrespondenz bis 1526</title>
               </titleStmt>
               <publicationStmt>
                  <publisher>
                     <name>Holzhausen</name>
                  </publisher>
                  <publisher>
                     <name>Kommission für Neuere Geschichte Österreichs</name>
                  </publisher>
                  <pubPlace>Wien</pubPlace>
                  <date type="publication">1912</date>
               </publicationStmt>
            </biblFull>
         </sourceDesc>
      </fileDesc>
      <profileDesc>
         <correspDesc>
            <correspAction type="sent">
               <persName ref="nognd">Ludwig II.</persName>
               <placeName ref="nognd">Ofen</placeName>
               <date>1526 Februar 22</date>
            </correspAction>
            <correspAction type="received">
               <persName ref="nognd">Ferdinand</persName>
            </correspAction>
         </correspDesc>
      </profileDesc>
      <encodingDesc>
         <appInfo>
            <application ident="TEI_fromDOCX" version="2.15.0">
               <label>DOCX to TEI</label>
            </application>
         </appInfo>
      </encodingDesc>
      <revisionDesc>
         <listChange>
            <change>
               <date>2022-11-12T10:09:42Z</date>
               <name ref="nognd">Pitzer Doris</name>
            </change>
         </listChange>
      </revisionDesc>
   </teiHeader>
   <text>
      <body>
         <div n="1"><!-- letter_header -->
            <p>
               <hi rendition="#b">A185.</hi>
            </p>
            <table rend="rules">
               <row>
                  <cell>
                     <hi rendition="#i">Ludwig II. an Ferdinand.</hi>
                  </cell>
                  <cell>
                     <hi rendition="#i">1526 Februar 22. Ofen.</hi>
                  </cell>
               </row>
            </table>
         </div>
         <div n="2" xml:lang="de"><!-- regest_de -->
            <p>Betreffs der Heirat zwischen Peter Erdeödy von Monyarokerek und Katharina Dersffy.</p>
         </div>
         <div n="3" xml:lang="en"><!-- regest_en -->
            <p>Regarding the marriage of Peter Erdeödy of Monyarokerek and Katharina Dersffy.</p>
         </div>
         <div n="4"><!-- archive_desc -->
            <p>Wien, St.-A. Ungarn 2. Original. Siegel abgefallen. Rückwärts Adresse: <hi rendition="#i">Ser</hi>
               <hi rendition="#i #sup">mo</hi>
               <hi rendition="#i"> principi domino Ferdinando, infanti Hispaniarum, archiduci Austriæ, duci Burgundiæ ac sancti Romani imperii locumtenenti generali, fratri et sororio nostro char</hi>
               <hi rendition="#i #sup">mo</hi>
               <hi rendition="#i">. </hi>
            </p>
            <p>Druck: Familienkorrespondenz Bd. 1, Nr. 185, S. 370-371.</p>
         </div>
         <div type="letter" n="5"><!-- transcription -->
            <p>
               <persName xml:id="person_d20e158a1050"
                         ref="nognd"
                         resp="Hofer-Bindeus_Johannes"
                         key="Ludwig II.">Ludovicus</persName>, dei gratia rex Hungariẹ et Bohemiae etc., ser<hi rendition="#sup">mo</hi> principi domino Ferdinando, infanti Hispaniarum, archiduci Austriẹ, duci Burgundiae ac sancti Romani imperii locumtenenti generali, fratri et, sororio nostro char<hi rendition="#sup">mo</hi>, salutem et felicitatis continuum incrementum. Ser<hi rendition="#sup">me</hi> princeps, frater et sororie noster char<hi rendition="#sup">me</hi>. Scripserat nobis Ser<hi rendition="#sup">tas</hi> V<hi rendition="#sup">ra</hi> proximis diebus ac etiam per rev<hi rendition="#sup">um</hi>
               <persName xml:id="person_d192e132a1050"
                         ref="nognd"
                         resp="Hofer-Bindeus_Johannes"
                         key="Polydor von Brixen (Polidoro di Bressanone), Titularbischof von Oropus">Polydorum, episcopum Oropiensem</persName>, nuncium suum, nunciaverat ex parte cuiusdam <index resp="Christopher_F._Laferl">
                  <term xml:id="index_d192e136a1051"
                        key="Heirat, Peter (II.?) Erdödy von Monyorókerék et Monoszló mit Katharina Dersffy">matrimonii</term>
               </index> inter fidelem nostrum egregium <persName xml:id="person_d192e139a1050"
                         ref="nognd"
                         resp="Hofer-Bindeus_Johannes"
                         key="Erdödy von Monyorókerék et Monoszló, Peter (II.?)">Petrum Erdewdi de Monyarokerek</persName> et honestam puellam <persName xml:id="person_d192e142a1050"
                         ref="nognd"
                         resp="Hofer-Bindeus_Johannes"
                         key="Dersffy, Katharina, Nichte des Bans von Kroatien, Ferenc von Batthyány de Németújvár, Kammerfrau von F’s Gattin Anna">Catherinam Dersfy</persName>, camerariam ser<hi rendition="#sup">me</hi> sororis nostrae, consortis Ser<hi rendition="#sup">tis</hi> V<hi rendition="#sup">rae</hi> charme, conficiendi. Qua in re nos libenter partes nostras interposuissemus, nisi interim, dum nuncius Ser<hi rendition="#sup">tis</hi> V<hi rendition="#sup">rae</hi> apud nos egit, Petrus Erdewdy in aliud votum atque propositum, ut nobis dicitur, sese dimovisset. Quod si non contigisset, fuissemus in ea ipsa re, ut in omnibus solemus, quam libentissime V<hi rendition="#sup">rae</hi> Ser<hi rendition="#sup">ti</hi> gratificaturi. Reliqua prefatus Polydorus V<hi rendition="#sup">rae</hi> Ser<hi rendition="#sup">ti</hi> referet, quam felicissimam valere optamus.</p>
            <p>Datum <placeName xml:id="place_d46e220a1050"
                          ref="nognd"
                          resp="Hofer-Bindeus_Johannes"
                          key="Budapest">Budae</placeName>, 22. februarii anno domini 1526.</p>
            <p>Ludovicus<hi rendition="#sup">a</hi>) rex manu propria.</p>
         </div>
         <div n="6"><!-- commentary -->
            <p>In dem Entschuldigungsschreiben Peter Erdeödys an F vom 22. März 1526 aus Monyorokerek (<hi rendition="#i">feria V. post dominicam judica</hi>) erinnert er daran, daß F sich ihm stets als gnädig erwies, namentlich in der letzten Zeit, als B. Polydorus Oropiensis von F eigens delegiert wurde, <hi rendition="#i">ut matrimonium contrahendum inter neptem mag</hi>
               <hi rendition="#i #sup">ci</hi>
               <hi rendition="#i"> domini </hi>
               <persName xml:id="person_d192e197a1050"
                         ref="nognd"
                         resp="Hofer-Bindeus_Johannes"
                         key="Batthyány de Németújvár, Ferenc, Ban von Kroatien">
                  <hi rendition="#i">Francisci de Bathiani, Croatie bani</hi>
               </persName>
               <hi rendition="#i">, et me coram eadem V</hi>
               <hi rendition="#i #sup">ra</hi>
               <hi rendition="#i"> Ser</hi>
               <hi rendition="#i #sup">te</hi>
               <hi rendition="#i"> ac sua inclyta conthoralis, dominẹ meẹ, pertractaret </hi>
               <hi rendition="#i">...</hi>
               <hi rendition="#i"> Verumtamen non evitarem, quin immodica doloris anxietate afficerer, cum tam propitiabili ac benigno Ser</hi>
               <hi rendition="#i #sup">tis</hi>
               <hi rendition="#i"> V</hi>
               <hi rendition="#i #sup">re</hi>
               <hi rendition="#i"> nutui et expectationi obtemperare minime mihi hac in re permissum extiterit, nisi ipsius rei vestigium me</hi>
               <hi rendition="#i">e</hi>
               <hi rendition="#i"> mentis sinceritatem ostenderet meque coram V</hi>
               <hi rendition="#i #sup">ra</hi>
               <hi rendition="#i"> Ser</hi>
               <hi rendition="#i #sup">te</hi>
               <hi rendition="#i"> excusatione ac venia dignum redderet. Nam omissis aliis causis, litteris non confidendis, quas brevi oretenus Ser</hi>
               <hi rendition="#i #sup">ti</hi>
               <hi rendition="#i"> V</hi>
               <hi rendition="#i #sup">rae</hi>
               <hi rendition="#i"> exarare intendo, repentino quodam angustoque temporis momento tante tamque frequentes diversorum competentium preces, obtestationes ac quasi coartationes animum meum solicitantes, imo perturbantes super me irruerunt, ut perspicienti ex hoc tam innumerabiles et varias emulationes ac odia inter primates nostros </hi>
               <index resp="Hofer-Bindeus_Johannes">
                  <term xml:id="index_d20e162a1051" key="Ungarn"/>
               </index>
               <hi rendition="#i">et. me oriundas, quo pedem citra talia pericula figere debuissem, michi ambiguum satis videretur, nisi preter ipsorum omnium spes ac solicitas petitiones aliquid tale medium, prout feci, delegissem, nec tamen a favore V</hi>
               <hi rendition="#i #sup">rae</hi>
               <hi rendition="#i"> Ser</hi>
               <hi rendition="#i #sup">tis</hi>
               <hi rendition="#i"> devians, quomino me ei magis obsecuturum discernens, quod eadem V</hi>
               <hi rendition="#i #sup">ra</hi>
               <hi rendition="#i"> Ser</hi>
               <hi rendition="#i #sup">tas</hi>
               <hi rendition="#i"> in hoc sicuti in aliis percipere potest, cum unam ex sua natione mihi copulaverim, non inspiciens, quod ex Hungaria longe locupletiores et </hi>
               <hi rendition="#i">e</hi>
               <hi rendition="#i">que nobiles habere potuerim. Quod quidem feci, ut me resolutioni prim</hi>
               <hi rendition="#i">e</hi>
               <hi rendition="#i"> conformarem, quam medio ipsius rev</hi>
               <hi rendition="#i #sup">mi</hi>
               <hi rendition="#i"> domini </hi>
               <persName xml:id="person_d192e132a1050"
                         ref="nognd"
                         resp="Hofer-Bindeus_Johannes"
                         key="Polydor von Brixen (Polidoro di Bressanone), Titularbischof von Oropus">
                  <hi rendition="#i">episcopi Polydori </hi>
               </persName>
               <hi rendition="#i">hoc in casu omni culpa carentis et inoxii Ser</hi>
               <hi rendition="#i #sup">ti</hi>
               <hi rendition="#i"> V</hi>
               <hi rendition="#i #sup">rae</hi>
               <hi rendition="#i"> significavi.</hi> Wien, St.-A. Hung. 2. Original. —</p>
            <p>a) von <hi rendition="#i">Ludovicus</hi> an eigenhändig.</p>
         </div>
      </body>
   </text>
</TEI>
