<?xml version="1.0" encoding="UTF-8"?>
<TEI xmlns="http://www.tei-c.org/ns/1.0">
   <teiHeader>
      <fileDesc>
         <titleStmt>
            <title type="main">A187.</title>
            <title type="sub">Ferdinand an Karl, 1526 März 20, Tübingen.</title>
            <author>
               <persName ref="nognd">Ferdinand</persName>
            </author>
         </titleStmt>
         <editionStmt>
            <edition>Vollständige digitalisierte Ausgabe</edition>
         </editionStmt>
         <publicationStmt>
            <publisher xml:id="nnnn">
               <orgName role="hostingInstitution">Universität Salzburg</orgName>
               <orgName role="project">Edition der Familienkorrespondenz Ferdinands I.</orgName>
               <address>
                  <addrLine>Paris Lodron Universität Salzburg PLUS</addrLine>
                  <addrLine>Kapitelgasse 4</addrLine>
                  <addrLine>A-5020 Salzburg - Österreich</addrLine>
               </address>
            </publisher>
            <pubPlace>Salzburg</pubPlace>
            <date type="publication">2015-07-09</date>
            <availability>
               <licence target="https://creativecommons.org/licenses/by/3.0/">
                  <p>Creative Commons BY 3.0</p>
               </licence>
            </availability>
            <idno type="DOI">nnnn</idno>
         </publicationStmt>
         <sourceDesc>
            <bibl type="MS">Die Korrespondenz Ferdinands I. Familienkorrespondenz bis 1526</bibl>
            <biblFull>
               <titleStmt>
                  <title type="main">Die Korrespondenz Ferdinands I. Familienkorrespondenz bis 1526</title>
               </titleStmt>
               <publicationStmt>
                  <publisher>
                     <name>Holzhausen</name>
                  </publisher>
                  <publisher>
                     <name>Kommission für Neuere Geschichte Österreichs</name>
                  </publisher>
                  <pubPlace>Wien</pubPlace>
                  <date type="publication">1912</date>
               </publicationStmt>
            </biblFull>
         </sourceDesc>
      </fileDesc>
      <profileDesc>
         <correspDesc>
            <correspAction type="sent">
               <persName ref="nognd">Ferdinand</persName>
               <placeName ref="nognd">Tübingen</placeName>
               <date>1526 März 20</date>
            </correspAction>
            <correspAction type="received">
               <persName ref="nognd">Karl</persName>
            </correspAction>
         </correspDesc>
      </profileDesc>
      <encodingDesc>
         <appInfo>
            <application ident="TEI_fromDOCX" version="2.15.0">
               <label>DOCX to TEI</label>
            </application>
         </appInfo>
      </encodingDesc>
      <revisionDesc>
         <listChange>
            <change>
               <date>2022-11-12T10:09:53Z</date>
               <name ref="nognd">Pitzer Doris</name>
            </change>
         </listChange>
      </revisionDesc>
   </teiHeader>
   <text>
      <body>
         <div n="1"><!-- letter_header -->
            <p>
               <hi rendition="#b">A187.</hi>
            </p>
            <table rend="rules">
               <row>
                  <cell>
                     <hi rendition="#i">Ferdinand an Karl.</hi>
                  </cell>
                  <cell>
                     <hi rendition="#i">1526 März 20. Tübingen.</hi>
                  </cell>
               </row>
            </table>
         </div>
         <div n="2" xml:lang="de"><!-- regest_de -->
            <p>1. Empfing K’s Brief vom 9. Februar samt Friedensvertrag. 2. Erfreut über den Frieden. 3. Seine Dienstfertigkeit in den italienischen Angelegenheiten. 4. Verhandlungen mit Venedig. 5. Wahl F’s zum Römischen Kg, Konzil, Hinausschiebung des für Speier angesetzten RT’s. 6. Bereit, nach Mailand zu gehen. 7. Mailändisches Salzmonopol. 8. Salamanca. 9. Österreichischer Generallandtag.</p>
         </div>
         <div n="3" xml:lang="en"><!-- regest_en -->
            <p>1. Has received K's letter dated February 9 along with the peace treaty. 2. Pleased that peace has been reached. 3. Offers his services regarding Italy. 4. Negotiations with Venice. 5. F's election to King of the Romans, Council, and postponement of the Imperial Diet in Speyer. 6. Willing to travel to Milan. 7. Milanese salt monopoly. 8. Salamanca. 9. Austrian General State Diet.</p>
         </div>
         <div n="4"><!-- archive_desc -->
            <p>(W) Wien, St.-A. Belgica PA 7. Original. Rückwärts Adresse: <hi rendition="#i">A l’empereur mons</hi>
               <hi rendition="#i #sup">r</hi>
               <hi rendition="#i">. </hi>
            </p>
            <p>(W<hi rendition="#sup">1</hi>) Ebenda, Hs. B. 597 I, S. 59—61 mit dem Datum vom 19. März. Vermutlich nach einem Konzepte, das bei der Reinschrift einige, freilich meist nicht wesentliche Änderungen erfahren hat.</p>
            <p>Druck: Familienkorrespondenz Bd. 1, Nr. 187, S. 372-375.</p>
         </div>
         <div type="letter" n="5"><!-- transcription -->
            <p>Mons<hi rendition="#sup">r</hi>, je me recommande tres humblement à vostre bonne grace. Mons<hi rendition="#sup">r</hi>, j’ai par don <persName xml:id="person_d44e249a1050"
                         ref="nognd"
                         resp="Abel_Laura"
                         key="Córdoba, Pedro de">Pedro de Cordova</persName> receu vostre lettre du 9<hi rendition="#sup">e</hi> de fevrier ensemble le double du <index resp="Abel_Laura">
                  <term xml:id="index_d128e657a1051" key="Madrid, Friede von (1526)">traicté de paix</term>
               </index> d’entre V<hi rendition="#sup">re</hi> M<hi rendition="#sup">te</hi> et le <persName xml:id="person_d24e327a1050"
                         ref="nognd"
                         resp="Abel_Laura"
                         key="Franz I.">roi de France</persName>, duquel je rens graces à dieu et prie icellui permectre estre entretenu et observé selon sa forme et teneur, affin que ce puist estre à son service, augmentacion<hi rendition="#sup">a</hi>) et bien publicque de sa religion chrestienne.</p>
            <p>Mons<hi rendition="#sup">r</hi>, tant par led. <persName xml:id="person_d44e249a1050"
                         ref="nognd"
                         resp="Abel_Laura"
                         key="Córdoba, Pedro de">don Pedro</persName> comme le double dud. traicté ai entendu le tout dont la joie qu’en ai receu, comme pouez croire, n’est petite, mesmement que s’est tant à vostre honneur et le grand bien que universellement s’en ensuivra, vous merciant, mons<hi rendition="#sup">r</hi>, tres humblement qu’il vous a pleu me ainsi participer de tous voz affaires, de la vrai amour fraternelle qu’il vous plaist me tousiours demonstrer et de la bonne souvenance<hi rendition="#sup">b</hi>) qu’il vous a pleu avoir de moi, laquelle, combien que le vouloir qu’ai à vous faire service est desia si grand que meilleur ne sauroit estre, me donne et accroist tant plus l’envie et ardeur qu’ai à y continuer de bien en mieulx.</p>
            <p>Quant à ce qu’ai fait pour les affaires d’<index resp="Abel_Laura">
                  <term xml:id="index_d35e144a1051" key="Italien">Ytalie</term>
               </index>, je n’y ai fait chose que beacop plus y vouldroie faire non seullement des biens, mais jusques à y employer ma personne, car, comme vous ai, mons<hi rendition="#sup">r</hi>, maintesfois escript, à vous servir n’espargnerai chose qui soit en mon pouoir. Et quant aux quatre mil pietons qu’ai entretenu sur les confins illecq, il en sera fait, comme V<hi rendition="#sup">re</hi> M<hi rendition="#sup">te</hi> le m’a escript.</p>
            <p>Touchant le <index resp="Abel_Laura">
                  <term xml:id="index_d38e142a1051" key="Venedig, Vertrag mit">traicté d’avec les Veniciens</term>
               </index>, combien, mons<hi rendition="#sup">r</hi>, que riens ne se y seroit traicté sinon à mon desaventaige et dommaige, comme assez savez, à cause qu’ilz tiengnent et occupent si grosse portion de mes pays d’<index resp="Abel_Laura">
                  <term xml:id="index_d22e125a1051" key="Österreich">Austrice</term>
               </index> et quasi la meilleure part, neantmoins pour vous obeir et affin que riens ne demeure à faire, j’ai envoyé le pouoir à mes ambassadeurs, estans<hi rendition="#sup">c</hi>) illecq avec<hi rendition="#sup">d</hi>) les vostres, si ample qu’il n’y aura par ma faulte en riens difficulté ou dilacion, ausquelz ai aussi fait expresse ordonnance qu’ilz communicquent le tout à vosd. ambassadeurs et se y reglent et conduisent selon leur advis et conseil.</p>
            <p>De <index resp="Christopher_F._Laferl">
                  <term xml:id="index_d27e396a1051" key="F, Römischer König, Wahl">l’election de roi des Rommains </term>
               </index>je suis, mons<hi rendition="#sup">r</hi>, du mesmes advis de V<hi rendition="#sup">re</hi> M<hi rendition="#sup">te</hi> qu’est de le taire jusques en son temps, mesmes puisqu’elle ne pourroit avoir bon effect avant vostre <index resp="Abel_Laura">
                  <term xml:id="index_d27e378a1051" key="K, Kaiserkrönung">coronacion</term>
               </index> que lors avec l’aide de dieu et de Vostred. M<hi rendition="#sup">te</hi> j’espere se mectra à bonne execution. Et quant au <index resp="Abel_Laura">
                  <term xml:id="index_d71e449a1051" key="Konzil">consille</term>
               </index>, suivant ce qui m’en escripvez l’on n’en parlera plus jusques à ce que les choses soient en train pour le pouoir mectre à effect. Et pour ce, mons<hi rendition="#sup">r</hi>, que à la prochainne <index resp="Abel_Laura">
                  <term xml:id="index_d194e217a1051" key="HRR, Reichstag, Speyer (1526)">diete</term>
               </index> qui se doit tenir à <placeName xml:id="place_d71e257a1050"
                          ref="nognd"
                          resp="Abel_Laura"
                          key="Speyer">Spier</placeName> les princes qui se trouveront à icelle vouldront, comme bien est à presumer, traicter de pluiseurs choses qui ne viendroient au bien ni au propoz tant de la foi chrestienne comme de voz affaires et<hi rendition="#sup">e</hi>) dont V<hi rendition="#sup">re</hi> M<hi rendition="#sup">te</hi> ne pourroit bonnement revocquer pour austant que de vostre consentement se seroit conclud, vous supplie, mons<hi rendition="#sup">r</hi>,<hi rendition="#sup">f</hi>) si tant est que bon vous semblast, vouloir rescripre au <index resp="Abel_Laura">
                  <term xml:id="index_d24e259a1051" key="HRR, Regiment">regiment de l’empire</term>
               </index> les lettres telles que envoie les copies à <persName xml:id="person_d27e101a1050"
                         ref="nognd"
                         resp="Abel_Laura"
                         key="Salinas">Salines</persName> pour vous bailler, affin de retarder lad. diete jusques à vostre venue pardeça que lors moyennant l’aide de dieu et les provisions que l’on y pourra faire toutes choses prendront bonne fin et conclusion,<hi rendition="#sup">g</hi>) remectant toutesfois le tout à vostre bonne discretion.</p>
            <p>Quant à vostre allée en <index resp="Abel_Laura">
                  <term xml:id="index_d35e144a1051" key="Italien">Ytalie</term>
               </index>, se me sont, mons<hi rendition="#sup">r</hi>, les plus joyeuses nouvelles qui m’eussent sceu venir, veu le grand desir qu’ai à vous veoir et faire la reverance et pour vous y servir et faire le plus d’honneur qu’il me sera possible, ferai desmaintenant mes apprestes pour m’<index resp="Abel_Laura">
                  <term xml:id="index_d27e550a1051" key="Mailand">y</term>
               </index> trouver, le mieulx empoint et accompaigné que pourrai, ainsi qu’il a pleu à V<hi rendition="#sup">re</hi> M<hi rendition="#sup">te</hi> m’escripre, mais je supplie à icelle que souvent m’avertisse de son partement et de ses nouvelles, affin que selon ce je me puisse de mieulx regler et que je ne face despence perdue, car, mons<hi rendition="#sup">r</hi>, comme assez savez, mes affaires ne le requierent. Et quant aux lettres que V<hi rendition="#sup">re</hi> M<hi rendition="#sup">te</hi> m’a envoyé pour les electeurs et autres princes de l’empire pour cest affaire, je les leur ai fait tenir, ainsi qu’il vous a pleu le me mander.</p>
            <p>Touchant de la distribucion du <index resp="Abel_Laura">
                  <term xml:id="index_d147e271a1051" key="Mailand, Salz">sel de Milan</term>
               </index>, j’ai, mons<hi rendition="#sup">r</hi>, entendu par led. don <persName xml:id="person_d44e249a1050"
                         ref="nognd"
                         resp="Abel_Laura"
                         key="Córdoba, Pedro de">Pedro de Cordova</persName> la responce qu’il vous en a pleu lui faire et la bonne affection que m’y portez dont tres humblement vous mercie.</p>
            <p>Semblablement, mons<hi rendition="#sup">r</hi>, ai par led. don <persName xml:id="person_d44e249a1050"
                         ref="nognd"
                         resp="Abel_Laura"
                         key="Córdoba, Pedro de">Pedro de Cordova</persName> entendu la responce et intention de V<hi rendition="#sup">re</hi> M<hi rendition="#sup">te</hi>, touchant les affaires du <persName xml:id="person_d31e160a1050"
                         ref="nognd"
                         resp="Abel_Laura"
                         key="Salamanca">conte de Ortemburg</persName>, mon tresorier, vous suppliant avoir lui et iceulx tousjours pour recommandé comme mon bon et tres leal serviteur. Enquoi, avec<hi rendition="#sup">h</hi>) que extimerai le bien qu’il vous plaira lui faire comme pour moi mesmes, me ferez tres grant honneur.</p>
            <p>Mons<hi rendition="#sup">r</hi>, V<hi rendition="#sup">re</hi> M<hi rendition="#sup">te</hi> aura entendu ce que led. <persName xml:id="person_d31e160a1050"
                         ref="nognd"
                         resp="Abel_Laura"
                         key="Salamanca">conte de Ortemburg</persName> vous a dict de <index resp="Abel_Laura">
                  <term xml:id="index_d194e327a1051"
                        key="Generallandtag der Erblande, Augsburg, 1525/26">l’assemblée generale</term>
               </index> des deputéz d’aucuns mes pays; et suivant la lettre de credence que Vostred. M<hi rendition="#sup">te</hi> a baillé aud. <persName xml:id="person_d44e249a1050"
                         ref="nognd"
                         resp="Abel_Laura"
                         key="Córdoba, Pedro de">don Pedro</persName> pour, selon ce que lui diroie, declairer ausd. deputéz de vostre part, je lui ai dit lad. credance au plus grant aventaige et honneur de Vostred. M<hi rendition="#sup">te</hi> et de moi qu’ai peu, ce qu’il a mis à execution envers eulx, toutesfois, mons<hi rendition="#sup">r</hi>, affin de tant plus induire lesd. pays à eulx regler et conduire envers moi, ainsi qu’il appartient et<hi rendition="#sup">i</hi>) que de tant mieulx ils congnoissent le desir que en ce avez. Vous supplie tres humblement de encoires leur rescripre les lettres telles que vous envoie les copies, affin que tant mieulx ilz se demonstrent bons subgectz et facent leur devoir envers moi. Mons<hi rendition="#sup">r</hi>,<hi rendition="#sup">j</hi>) je<hi rendition="#sup">k</hi>) supplie atant le createur qui vous doint bonne vie et longue.</p>
            <p>De <placeName xml:id="place_d154e265a1050"
                          ref="nognd"
                          resp="Abel_Laura"
                          key="Tübingen">Tubinghen</placeName>, ce 20<hi rendition="#sup">e l</hi>) de mars a<hi rendition="#sup">o</hi> 26.</p>
            <p>Vostre<hi rendition="#sup">m</hi>) tres humble et tres obeisant frere</p>
            <p>Ferdinandus.</p>
         </div>
         <div n="6"><!-- commentary -->
            <p>a) <hi rendition="#i">augmentacion</hi> fehlt in W<hi rendition="#sup">1</hi>.</p>
            <p>Hingewiesen ist auf Nr. A182. Über die Dauer, bis der Inhalt des Friedensvertrages von Madrid bekannt wurde, vgl. ebendort.</p>
            <p>b) W<hi rendition="#sup">1</hi>
               <hi rendition="#i">que en icelle avez eu.</hi>
            </p>
            <p>c) W<hi rendition="#sup">1</hi>
               <hi rendition="#i">qu’ai illecq.</hi> - d) W<hi rendition="#sup">1</hi> fehlt <hi rendition="#i">avec les vostres.</hi>
            </p>
            <p>F bevollmächtigte ddo. 1526 März 15, Ehingen, seine beiden Oratoren, <persName xml:id="person_d154e366a1050"
                         ref="nognd"
                         resp="Christopher_F._Laferl"
                         key="Angrer, Dr. Gregor, F’s Gesandter in Venedig">Doktor Gregor Angrer </persName>und <persName xml:id="person_d154e369a1050"
                         ref="nognd"
                         resp="Christopher_F._Laferl"
                         key="Dornberg, Erasmus von">Erasmus von Dornberg</persName>, sich den Friedensverhandlungen der kaiserlichen Oratoren, <persName xml:id="person_d47e215a1050"
                         ref="nognd"
                         resp="Christopher_F._Laferl"
                         key="Caracciolo, Marino">Marino Caracciolo</persName> und <persName xml:id="person_d24e550a1050"
                         ref="nognd"
                         resp="Christopher_F._Laferl"
                         key="Sánchez, Alfonso">Alfonso Sanchez</persName>, mit Venedig anzuschließen, und zwar auch in dem Falle, daß die Abgeordneten des Kaisers mit Venedig ein Bündnis eingingen. Wien, St.-A. Reichsreg. Ferd. I. 1. Bl. 55.</p>
            <p>e) <hi rendition="#i">et—conclud</hi> fehlt in W<hi rendition="#sup">1</hi>.	f) <hi rendition="#i">mons</hi>
               <hi rendition="#i #sup">r</hi>
               <hi rendition="#i"> — semblast</hi> fehlt in W<hi rendition="#sup">1</hi>	. - g) W<hi rendition="#sup">1</hi> fehlt <hi rendition="#i">remectant</hi> bis <hi rendition="#i">discretion</hi>.</p>
            <p>Vgl. Friedensburg, S. 49.</p>
            <p>Vgl. Nr. A182.</p>
            <p>Vgl. Nr. A182 [7].</p>
            <p>h) <hi rendition="#i">avec — pour</hi> fehlt in W<hi rendition="#sup">1</hi>. </p>
            <p>Vgl. Nr. A175.</p>
            <p>i)<hi rendition="#i"> et — ce avez </hi>fehlt in W<hi rendition="#sup">1</hi>. - j) in W<hi rendition="#sup">1</hi>
               <hi rendition="#i">Atant</hi> etc., es fehlt <hi rendition="#i">Mons</hi>
               <hi rendition="#i #sup">r</hi>
               <hi rendition="#i"> — longue</hi>. - k) <hi rendition="#i">je — longue</hi> fehlt in W<hi rendition="#sup">1</hi>. - l) in W<hi rendition="#sup">1 </hi>
               <hi rendition="#i">19</hi>
               <hi rendition="#i #sup">e</hi>. – m) von <hi rendition="#i">vostre</hi> an eigenhändig.</p>
            <p>Über die Anteilnahme K's an den Verhandlungen des <placeName xml:id="place_d4e192a1050"
                          ref="nognd"
                          resp="Christopher_F._Laferl"
                          key="Augsburg">Augsburg</placeName>er Generallandtages K. Mayr, Zeitschr. des Ferdinandeums, 3. Folge 38, S. 126.</p>
         </div>
      </body>
   </text>
</TEI>
