<?xml version="1.0" encoding="UTF-8"?>
<TEI xmlns="http://www.tei-c.org/ns/1.0">
   <teiHeader>
      <fileDesc>
         <titleStmt>
            <title type="main">A188.</title>
            <title type="sub">Ferdinand an Ludwig, 1526 März 26, Tübingen.</title>
            <author>
               <persName ref="nognd">Ferdinand</persName>
            </author>
         </titleStmt>
         <editionStmt>
            <edition>Vollständige digitalisierte Ausgabe</edition>
         </editionStmt>
         <publicationStmt>
            <publisher xml:id="nnnn">
               <orgName role="hostingInstitution">Universität Salzburg</orgName>
               <orgName role="project">Edition der Familienkorrespondenz Ferdinands I.</orgName>
               <address>
                  <addrLine>Paris Lodron Universität Salzburg PLUS</addrLine>
                  <addrLine>Kapitelgasse 4</addrLine>
                  <addrLine>A-5020 Salzburg - Österreich</addrLine>
               </address>
            </publisher>
            <pubPlace>Salzburg</pubPlace>
            <date type="publication">2015-07-09</date>
            <availability>
               <licence target="https://creativecommons.org/licenses/by/3.0/">
                  <p>Creative Commons BY 3.0</p>
               </licence>
            </availability>
            <idno type="DOI">nnnn</idno>
         </publicationStmt>
         <sourceDesc>
            <bibl type="MS">Die Korrespondenz Ferdinands I. Familienkorrespondenz bis 1526</bibl>
            <biblFull>
               <titleStmt>
                  <title type="main">Die Korrespondenz Ferdinands I. Familienkorrespondenz bis 1526</title>
               </titleStmt>
               <publicationStmt>
                  <publisher>
                     <name>Holzhausen</name>
                  </publisher>
                  <publisher>
                     <name>Kommission für Neuere Geschichte Österreichs</name>
                  </publisher>
                  <pubPlace>Wien</pubPlace>
                  <date type="publication">1912</date>
               </publicationStmt>
            </biblFull>
         </sourceDesc>
      </fileDesc>
      <profileDesc>
         <correspDesc>
            <correspAction type="sent">
               <persName ref="nognd">Ferdinand</persName>
               <placeName ref="nognd">Tübingen</placeName>
               <date>1526 März 26</date>
            </correspAction>
            <correspAction type="received">
               <persName ref="nognd">Ludwig</persName>
            </correspAction>
         </correspDesc>
      </profileDesc>
      <encodingDesc>
         <appInfo>
            <application ident="TEI_fromDOCX" version="2.15.0">
               <label>DOCX to TEI</label>
            </application>
         </appInfo>
      </encodingDesc>
      <revisionDesc>
         <listChange>
            <change>
               <date>2022-11-12T10:09:59Z</date>
               <name ref="nognd">Pitzer Doris</name>
            </change>
         </listChange>
      </revisionDesc>
   </teiHeader>
   <text>
      <body>
         <div n="1"><!-- letter_header -->
            <p>
               <hi rendition="#b">A188.</hi>
            </p>
            <table rend="rules">
               <row>
                  <cell>
                     <hi rendition="#i">Ferdinand an Ludwig.</hi>
                  </cell>
                  <cell>
                     <hi rendition="#i">1526 März 26. Tübingen.</hi>
                  </cell>
               </row>
            </table>
         </div>
         <div n="2" xml:lang="de"><!-- regest_de -->
            <p>Aufforderung, an den Rüstungen F’s gegen die Türken an der kroatischen Grenze teilzunehmen und mit dem B. von Agram zu unterhandeln.</p>
         </div>
         <div n="3" xml:lang="en"><!-- regest_en -->
            <p>Requests that Louis participate in F's armament against the Turks on the Croatian border and negotiate alongside the Bishop of Agram.</p>
         </div>
         <div n="4"><!-- archive_desc -->
            <p>Wien, HK-A. Hoffinanz. Niederösterreich. Fasz. 16666. Konzept mit Verbesserungen. Unten vermerkt: <hi rendition="#i">kunig zu Hungern</hi>.</p>
            <p>Gedruckt: Monumenta Hungariae Historica Diplomataria, 31, S. 510f.</p>
            <p>Druck: Familienkorrespondenz Bd. 1, Nr. 188, S. 375-376.</p>
         </div>
         <div type="letter" n="5"><!-- transcription -->
            <p>Freundtlicher<hi rendition="#sup">a</hi>) lieber herr brueder und swager. Wir sein entslossen, zu widerstannd der <index resp="Hofer-Bindeus_Johannes">
                  <term xml:id="index_d41e130a1051" key="Türkenabwehr">Turkhen </term>
               </index>einzug und uberfall und zu behuettung unnserer lannde und<hi rendition="#sup">b</hi>) leut ain anzall kriegsfolkhs uber jar an den <placeName xml:id="place_d195e112a1050"
                          ref="nognd"
                          resp="Hofer-Bindeus_Johannes"
                          key="Karpaten ">Krabathischen </placeName>grenitzen zu hallten, welches dann E. L. und derselben unnderthenen zu verhuettung uberfals auch zu gutem raichen mag. Demnach ist an E. L. unnser freundtlich beger und bitt, die wellen dartzue auch mit ainer russtung und gegnwer wider die Turkhn gedacht sein und dieselbig auch an die grenitzen legen und, wo sich ain zug gegen den Turkhn zuetrueg, das si dan unserm bemeltn kriegsfolkh zu hilff zue ziehen und sambt inen das besst und nutzlichist zu hanndlen verhelffen und also derselben E. L. und unser kriegsfolkh dorinnen cristenlich und bruederlich zusammensetzen, das auch E. L. mit dem <persName xml:id="person_d195e115a1050"
                         ref="nognd"
                         resp="Hofer-Bindeus_Johannes"
                         key="Erdödy von Monyorókerék, Simon, Bischof von Zagreb">bischof zu Agram</persName> und anndern hanndln lasse, damit si mit irer russtung zu ross und fuess auch profandt un anderm wider die Turkhen hilff und beistand bewesen, dardurch denen Turkhn in irem pesen, verharrigen furnemen dester pass widerstand gethan und E. L., auch wir und unser land und leut vor merern schaden und nachtail verhuett mögen werden, wie dan E. L. der notturfft nach zu bedenkhn hat und zu thun waiss. Das wellen wir uns bruederlich und freundtlich zu E. L. versehen.</p>
            <p>Geben <placeName xml:id="place_d154e265a1050"
                          ref="nognd"
                          resp="Hofer-Bindeus_Johannes"
                          key="Tübingen">Tubingen</placeName>, 26. Marcii ao. etc. 26. </p>
         </div>
         <div n="6"><!-- commentary -->
            <p>a) durchstrichen: <hi rendition="#i">Durchleuchtiger furst, unnser bruederlich lieb und besonnder freundschafft zuvor</hi>. Am Rande vermerkt: <hi rendition="#i">Wir Ferdinand. In forma.</hi>
            </p>
            <p>b) durchstrichen: <hi rendition="#i">des cristenlichen volkhs</hi>.</p>
            <p>Der vorliegende Brief fällt dadurch auf, daß er in <index resp="Abel_Laura">
                  <term xml:id="index_d4e122a1051" key="Deutsch (Sprache)">deutscher Sprache</term>
               </index> abgefaßt ist, während sonst die Korrespondenz zwischen Ludwig II. von Ungarn und F lateinisch geführt worden ist. — Bereits Ende 1525 hatte eine kroatische Gesandtschaft F aufgesucht und um Beistand gegen die Türken nachgesucht. M. H. H. 31, S. 493. F machte diese Werbung der Kroaten zum Gegenstände der Beratungen des <index resp="Abel_Laura">
                  <term xml:id="index_d194e327a1051"
                        key="Generallandtag der Erblande, Augsburg, 1525/26">Augsburger Generallandtages</term>
               </index>. Man entwarf daselbst einen ausführlichen Plan der Rüstungen, Befestigungen und der Geldbeschaffung. M. Mayr a. a. 0., S. 61 ff.</p>
            <p>—	Da <persName xml:id="person_d24e538a1050"
                         ref="nognd"
                         resp="Abel_Laura"
                         key="Salm, Niklas, Graf">Gf Niklas Salm</persName> sich weigerte, die Würde eines obersten Feldhauptmannes wider die Türken anzunehmen, betraute F <persName xml:id="person_d195e152a1050"
                         ref="nognd"
                         resp="Abel_Laura"
                         key="Jurischitz, Niklas">Niklas Juritschitsch</persName> damit. Mit Rücksicht auf die drohende Türkengefahr befahl Kg. Ludwig dem Ban, in Kroatien zu bleiben und an dem für den 24. April angesetzten Landtag nicht teilzunehmen. M. H. H. 31, S. 508 ff. Dort findet man auch Mitteilungen über die verschiedenen Maßnahmen F’s zugunsten <index resp="Abel_Laura">
                  <term xml:id="index_d24e230a1051" key="Kroatien">Kroatiens</term>
               </index>.</p>
         </div>
      </body>
   </text>
</TEI>
