<?xml version="1.0" encoding="UTF-8"?>
<TEI xmlns="http://www.tei-c.org/ns/1.0">
   <teiHeader>
      <fileDesc>
         <titleStmt>
            <title type="main">A189.</title>
            <title type="sub">Karl an Ferdinand, 1526 März 30, Sevilla.</title>
            <author>
               <persName ref="nognd">Karl</persName>
            </author>
         </titleStmt>
         <editionStmt>
            <edition>Vollständige digitalisierte Ausgabe</edition>
         </editionStmt>
         <publicationStmt>
            <publisher xml:id="nnnn">
               <orgName role="hostingInstitution">Universität Salzburg</orgName>
               <orgName role="project">Edition der Familienkorrespondenz Ferdinands I.</orgName>
               <address>
                  <addrLine>Paris Lodron Universität Salzburg PLUS</addrLine>
                  <addrLine>Kapitelgasse 4</addrLine>
                  <addrLine>A-5020 Salzburg - Österreich</addrLine>
               </address>
            </publisher>
            <pubPlace>Salzburg</pubPlace>
            <date type="publication">2015-07-09</date>
            <availability>
               <licence target="https://creativecommons.org/licenses/by/3.0/">
                  <p>Creative Commons BY 3.0</p>
               </licence>
            </availability>
            <idno type="DOI">nnnn</idno>
         </publicationStmt>
         <sourceDesc>
            <bibl type="MS">Die Korrespondenz Ferdinands I. Familienkorrespondenz bis 1526</bibl>
            <biblFull>
               <titleStmt>
                  <title type="main">Die Korrespondenz Ferdinands I. Familienkorrespondenz bis 1526</title>
               </titleStmt>
               <publicationStmt>
                  <publisher>
                     <name>Holzhausen</name>
                  </publisher>
                  <publisher>
                     <name>Kommission für Neuere Geschichte Österreichs</name>
                  </publisher>
                  <pubPlace>Wien</pubPlace>
                  <date type="publication">1912</date>
               </publicationStmt>
            </biblFull>
         </sourceDesc>
      </fileDesc>
      <profileDesc>
         <correspDesc>
            <correspAction type="sent">
               <persName ref="nognd">Karl</persName>
               <placeName ref="nognd">Sevilla</placeName>
               <date>1526 März 30</date>
            </correspAction>
            <correspAction type="received">
               <persName ref="nognd">Ferdinand</persName>
            </correspAction>
         </correspDesc>
      </profileDesc>
      <encodingDesc>
         <appInfo>
            <application ident="TEI_fromDOCX" version="2.15.0">
               <label>DOCX to TEI</label>
            </application>
         </appInfo>
      </encodingDesc>
      <revisionDesc>
         <listChange>
            <change>
               <date>2022-11-12T10:10:05Z</date>
               <name ref="nognd">Pitzer Doris</name>
            </change>
         </listChange>
      </revisionDesc>
   </teiHeader>
   <text>
      <body>
         <div n="1"><!-- letter_header -->
            <p>
               <hi rendition="#b">A189.</hi>
            </p>
            <table rend="rules">
               <row>
                  <cell>
                     <hi rendition="#i">Karl an Ferdinand.</hi>
                  </cell>
                  <cell>
                     <hi rendition="#i">1526 März 30. Sevilla.</hi>
                  </cell>
               </row>
            </table>
         </div>
         <div n="2" xml:lang="de"><!-- regest_de -->
            <p>1. Erhielt F’s Briefe vom 31. Jänner, 2. Februar und 1. März. 2. Landtag in Österreich. Seine Anteilnahme an F's Angelegenheiten. 3. Drohender Bund lutherischer Reichsstädte. 4. Verschiebung des RT’s zu Speier. Maßregeln zugunsten des alten Glaubens in Deutschland. Seine Abreise. 5. Päpstliche Breven über die drohende Türkengefahr. K zweifelt an der unmittelbaren Gefahr. 6. Dankt für die durch Salinas überbrachten Nachrichten. 7. Hg. Heinrichs von Braunschweig Tätigkeit bei Bekämpfung Luthers. 8. Trauer über den Tod der Kgin von Dänemark. 9. Freilassung des Kgs von Frankreich gegen Geisel. 10. Seine Heirat.</p>
         </div>
         <div n="3" xml:lang="en"><!-- regest_en -->
            <p>1. Has received F's letters dated January 31, February 2 and March 1. 2. State Diet in Austria. His participation in F's affairs. 3. Threat of an alliance between the Lutheran imperial cities. 4. Postponing the Imperial Diet in Speyer. Measures to be taken on behalf of the old religion in Germany. His departure. 5. Papal briefs regarding the Turkish danger. K doubts any imminent danger exists. 6. Thanks F for the messages delivered by Salinas. 7. Duke Henry of Brunswick's actions in the fight against Luther. 8. Mourns the Queen of Denmark's death. 9. Release of the King of France in exchange for a hostage. 10. His marriage.</p>
         </div>
         <div n="4"><!-- archive_desc -->
            <p>(W) Wien, St.-A. Belgica PA 5. Konzept. Grundlage für den folgenden Abdruck.</p>
            <p>(W<hi rendition="#sup">1</hi>) Ebenda. Hs. B. 595 I, Bl. 17—18. Kopie.</p>
            <p>Druck: Familienkorrespondenz Bd. 1, Nr. 189, S. 376-380.</p>
         </div>
         <div type="letter" n="5"><!-- transcription -->
            <p>Mon bon frere, j’ai receu voz lettres du dernier de janvier, 2<hi rendition="#sup">e</hi> de fevrier et premier de ce mois de mars et ai esté bien joyeulx sçavoir de vostre bon pourtement et de ma <persName xml:id="person_d16e149a1050"
                         ref="nognd"
                         resp="Abel_Laura"
                         key="A">bonne seur, vostre compaigne</persName>.</p>
            <p>Je vous ai desia envoyé tout ce qui s’est peu depescher, touchant les affaires de la <index resp="Abel_Laura">
                  <term xml:id="index_d196e111a1051" key="Österreich, Generallandtag">diete provincial</term>
               </index> de voz terres, et ai bon espoir que de ceste heure aurez si bien pourveu à toutes choses que voz subgectz persevereront en leur devoir, amour et obeissance envers vous. Et si aultrement estoit et qu’il vous semblat que dez ici je puisse quelque chose remedier, vous sçavez bien que m’y vouldroie employer comme pour mon propre affaire, mais je vous conseille que tout ce que pourrez faire par bons moyens sans entrer en aigreur contre vosd. subgectz que vous le faictes, comme ne fais nulle doubte que vous sçaurez bien faire, afin qu’ilz ne perdent la honte au temps si divers que court à present pardela, car ce seroit trop d’inconveniant, à quoi vous prie bien panser.</p>
            <p>Quant à ce que m’advertissez qu’il est famé pardela que aulcunes citéz et villes imperiales, craignans estre chastiéz pour les exces de <persName xml:id="person_d32e220a1050"
                         ref="nognd"
                         resp="Abel_Laura"
                         key="Luther">Luthere</persName>, pratiquent avec les princes et personnes qui sçavient ne sont estéz noz serviteurs pour les mouvoir et attraire à eulx et se joindre tous contre nous, j’eusse bien desiré que m’eussiez aussi adverti du remede que sur ce pourroie bailler. Je vous prie m’en escripre vostre bon advis et ce pendant faire de<hi rendition="#sup">a</hi>) vostre cousté le mieulx que pourez, car je ne fais doubte que le bien de telz affaires consiste en la dilligence, laquelle vous, estant sur le lieu, pouez mieulx adresser que je ne fais dez ici, et à mon endroit avoir eu vostred. advis. Je ferai tout ce que me sera possible.</p>
            <p>J’ai trouvé vostre advis tres bon de ce que m’avez escript estre necessaire pourveoir pour la <index resp="Abel_Laura">
                  <term xml:id="index_d194e217a1051" key="HRR, Reichstag, Speyer (1526)">diete imperiale de Spire</term>
               </index>, si je la prenne. Et ensuivant vostred. advis m’a semblé mieulx de non l’aprouver, mais dissimulier et delaier pour gaigner temps, s’il est possible que le puissiez faire sans inconveniant, ce que je remectz à vous et en tous advenemens je vous envoie le pouvoir renouvellé, comme le demandez, auquel ai fait comprendre <persName xml:id="person_d24e421a1050"
                         ref="nognd"
                         resp="Abel_Laura"
                         key="Cles">l’evesque de Trente</persName>, et aussi ai fait reffaire l’instruction sur les commissaires, en y mectant la clause sur ce que touche à nostre foi que l’on ni touche, <index resp="Abel_Laura">
                  <term xml:id="index_d82e657a1051" key="Reformation">change ou innove</term>
               </index> aulcune chose ni alterent l’ancienne creance ni consentent<hi rendition="#sup">b</hi>) aulcune nouvelleté contre l’obeissance de l’eglise, mais se gardent les coustumes et cerimonies d’icelles, comme elles ont esté gardées, creves et tenues anciennement, jusques je voise pardela, car je ne me veulx entremectre en quelqconque maniere de dispenser, changer ni alterer chose aulcune en ce qui touche la foi ni consentir que en mon temps nostred. foi reçoive telle offence en la nation d’<index resp="Abel_Laura">
                  <term xml:id="index_d4e185a1051" key="Deutschland">Allemaigne</term>
               </index>, car à l’exemple d’icelle se pourroient pervertir et corrompre les aultres provinces chrestiennes et mesmes, s’ilz veoient que ne feisse contradiction. Je vous asseure que j’ai grand desir d’aller pardela pour mectre la main en cest affaire, comme desia vous ai escript, et ferai tout mon mieulx pour partir environ la sainct Jehan de jung<hi rendition="#sup">c</hi>) prouchain, comme desia vous ai escript, si mes affaires le peuvent porter, car il fault veoir, comme ceulx d’<index resp="Abel_Laura">
                  <term xml:id="index_d35e144a1051" key="Italien">Ytalie</term>
               </index> et de <index resp="Abel_Laura">
                  <term xml:id="index_d7e168a1051" key="Frankreich">France</term>
               </index> se gouverneront et quelle responce et espoir j’aurai, si le <persName xml:id="person_d56e641a1050"
                         ref="nognd"
                         resp="Abel_Laura"
                         key="Klemens VII.">pape</persName> et potentas d’Ytalie vouldront entrer en amitié avec moi, comme je suis contant de ma part, ou s’ilz vouldront tousiours dissimuler ou eulx declairer ouvertement pour selon cela adviser, comme dit est, de dresser mesd. affaires et mond. voiaige de pardela dont n’aura faulte que de bonne heure serez adverti de ce que en sera et ce pendant pouez tenir vostre cas prest, car en tous advenemens je fais et ferai le semblable.</p>
            <p>J’ai eu du <persName xml:id="person_d56e641a1050"
                         ref="nognd"
                         resp="Abel_Laura"
                         key="Klemens VII.">pape</persName> ung semblable bref qu’est le vostre, touchant la venue <persName xml:id="person_d29e215a1050"
                         ref="nognd"
                         resp="Abel_Laura"
                         key="Süleyman I.">du Turc</persName> en <index resp="Abel_Laura">
                  <term xml:id="index_d20e162a1051" key="Ungarn">Hongrie</term>
               </index>. Je sçai que j’en dois croire, pour ce que sçavez, comme maintesfois tel bruit a esté semé par <index resp="Abel_Laura">
                  <term xml:id="index_d35e144a1051" key="Italien">Ytalie</term>
               </index>. Et par raison sa s<hi rendition="#sup">te</hi> pour mieulx secourir <index resp="Abel_Laura">
                  <term xml:id="index_d38e111a1051" key="Christenheit">la chrestienté </term>
               </index>devroit accepter la capitulation avec nous et envoyer les croisades que lui ai fait demander, comme sçavez, est de coustume en <index resp="Abel_Laura">
                  <term xml:id="index_d11e144a1051" key="Spanien">Espaigne</term>
               </index> et jamais n’en ai eu depesché. Toutesfois vous me ferez plaisir vous informer au vrai et par gens dignes de foi des intencions et emprinses dud. Turc et m’advertir de ce que en sera ensemble de vostre advis de ce que je devrai faire, car je me vouldroie employer de mon pouoir à lui <index resp="Abel_Laura">
                  <term xml:id="index_d41e130a1051" key="Türkenabwehr">resister</term>
               </index>, esperant que chascun des aultres princes nous feront assistence, comme en tel cas si important seroit necessaire.</p>
            <p>J’ai entendu par <persName xml:id="person_d27e101a1050"
                         ref="nognd"
                         resp="Abel_Laura"
                         key="Salinas">Salines</persName> ce que lui avez escript, touchant les affaires de pardela, et aultres choses dont il m’a fait ample relation. Je vous mercie voz bons advertissemens et actends responce sur ce que par don <persName xml:id="person_d44e249a1050"
                         ref="nognd"
                         resp="Abel_Laura"
                         key="Córdoba, Pedro de">Pedro de Cordova</persName> vous ai escript et semblablement me pourrez escripre sur les affaires que dessus par ce courrier,<hi rendition="#sup">d</hi>) present pourteur, lequel j’envoie propre devers vous pour pourter cestui depesche.</p>
            <p>Le<hi rendition="#sup">e</hi>) duc <persName xml:id="person_d56e354a1050"
                         ref="nognd"
                         resp="Abel_Laura"
                         key="Heinrich II., der Jüngere, von Braunschweig-Wolfenbüttel, Herzog">Henry de Brunsvyk</persName> est venu ici pour les choses contre led. <persName xml:id="person_d32e220a1050"
                         ref="nognd"
                         resp="Abel_Laura"
                         key="Luther">Luthere</persName> qu’il m’a baillé par escript dont vous envoie coppie, afin que soyez adverti de tout, comme c’est bien raison. J’ai depesché led. duc avec lettres de credence, comment il les demandoit, remectant la relation de sad. credence a l’instruction que lui ai baillé, qu’est en substance d’entretenir ceulx qui sont en bonne volenté au soubstenement de nostre foi et regarder d’attirer à bien <index resp="Abel_Laura">
                  <term xml:id="index_d32e217a1051" key="Lutheraner">ceulx qui sont maulvais</term>
               </index>, comme plus au long entendrez par led. escript, et m’a semblé que cela ne pouoit si non prouffiter. </p>
            <p>Il me desplet bien du <index resp="Christopher_F._Laferl">
                  <term xml:id="index_d185e132a1051" key="Tod, Isabella von Österreich">trespas de nostre seur</term>
               </index>, la <persName xml:id="person_d56e368a1050"
                         ref="nognd"
                         resp="Abel_Laura"
                         key="Isabella von Österreich">roine de Dennemarcke</persName>. J’ai fait le devoir de faire prier dieu pour son ame et aurai voluntiers pour recommandé ses enfans, noz neveurs, lesquelz sont maintenant es mains de <persName xml:id="person_d13e136a1050"
                         ref="nognd"
                         resp="Abel_Laura"
                         key="Mg">m<hi rendition="#sup">me</hi> nostre tante</persName> en <index resp="Abel_Laura">
                  <term xml:id="index_d27e297a1051" key="Flandern">Flandres</term>
               </index>.</p>
            <p>Le <persName xml:id="person_d24e327a1050"
                         ref="nognd"
                         resp="Abel_Laura"
                         key="Franz I.">roi de France</persName> a esté delivré en son royaulme le 17<hi rendition="#sup">e f</hi>) de ce mois, en recevant les <persName xml:id="person_d196e242a1050"
                         ref="nognd"
                         resp="Abel_Laura"
                         key="Franz, Dauphin von Frankreich (Sohn Franz‘ I.)">daulphin</persName> et <persName xml:id="person_d196e245a1050"
                         ref="nognd"
                         resp="Abel_Laura"
                         key="Heinrich II. von Frankreich, Herzog von Orléans">duc d’Orleans</persName> pour hostages. Lesquelz je fais mener à <index resp="Abel_Laura">
                  <term xml:id="index_d68e407a1051" key="Burgund">Bourgoines</term>
               </index> et persiste led. roi de France qu’il accomplira tout ce qu’il m’a promis par le <index resp="Abel_Laura">
                  <term xml:id="index_d128e657a1051" key="Madrid, Friede von (1526)">traicté de paix</term>
               </index>.</p>
            <p>Je suis maintenant entré en l’ordre de <index resp="Abel_Laura">
                  <term xml:id="index_d20e118a1051"
                        key="Heirat, F mit Anna von Böhmen und Ungarn">mariaige</term>
               </index>, ou quel je me treuve tres bien. Et sur ce, mon bon frere,<hi rendition="#sup">g</hi>) je prie dieu vous doint ce que plus desirez.</p>
            <p>Escript à <placeName xml:id="place_d165e212a1050"
                          ref="nognd"
                          resp="Abel_Laura"
                          key="Sevilla">Seville</placeName>, le 30<hi rendition="#sup">e h</hi>) jour de mars 1526.</p>
         </div>
         <div n="6"><!-- commentary -->
            <p>Die Briefe F’s vom 31. Jänner und 1. März wurden nicht vorgefunden.</p>
            <p>Vgl. Nr. A187; M. Mayr a. a. O., S. 126.</p>
            <p>a) <hi rendition="#i">de — ne fais</hi> fehlt in W<hi rendition="#sup">1</hi>.</p>
            <p>Die Nachricht in der Form, wie sie K hier bringt, war falsch. Nicht bei den Reichsstädten lag damals der Schwerpunkt evangelischer Bündnispolitik, sondern bei den Fürsten, wenn auch die Städte bereits vorher eine Vereinigung anstrebten. Landgf. <persName xml:id="person_d29e264a1050"
                         ref="nognd"
                         resp="Abel_Laura"
                         key="Philipp von Hessen">Philipp von Hessen</persName> war es, der den Gedanken eines Bundes in Anregung brachte. W. Friedensburg, Zur Vorgeschichte des Gotha-Torgauischen Bündnisses. Berlin 1884.</p>
            <p>b) <hi rendition="#i">consentent —mais se</hi> fehlt in W<hi rendition="#sup">1.</hi> - c) Juni 24.</p>
            <p>K bezieht sich hier auf Nr. A187. Über die Ursachen der schwankenden Haltung F’s in bezug auf die Einberufung des Speierer RT’s s. Friedensburg, Der RT zu Speier, S. 48 f. Im übrigen vgl. Nr. A190, A193. — K gibt hier den wesentlichen Inhalt der Zusatzinstruktion bekannt, die Ausschaltung jeder Verhandlung über <index resp="Christopher_F._Laferl">
                  <term xml:id="index_d82e657a1051" key="Reformation">kirchliche Neuerungen</term>
               </index>, beziehungsweise die Beibehaltung des Altkirchentums bis zu K’s Ankunft in Deutschland. Friedensburg a. a. O., S. 219f. — Die bevorstehende Abreise gab K in Nr. A182 [5] bekannt.</p>
            <p>Klemens VII. richtete am 9. Februar an K die dringende Bitte um Unterstützung für Ungarn, indem er unter anderem darauf hinweist, wie er mit seinen schwachen Mitteln <placeName xml:id="place_d24e535a1050"
                          ref="nognd"
                          resp="Abel_Laura"
                          key="Klis">Clissa</placeName> von der Türkenbelagerung befreien half. Theiner, Vetera Mon. hist. Hungariam sacram illustrantia 2, S. 659f. Am selben Tage ging, wie man aus der Antwort F’s ersieht, ein ähnliches Breve an F ab. Ebenda S. 661. —	Mit den hier wiedergegebenen Mitteilungen stimmt auch die Nachricht Salinas über den Zweifel, den K an der Richtigkeit der päpstlichen Meldungen gehegt: <hi rendition="#i">Lo tercero que es el aviso del Turco, ya S. M. era sabidor por via del papa, pero más crédito han tenido las palabras de V. A.</hi> Villa, S. 313.</p>
            <p>d) <hi rendition="#i">courrier — devers vous</hi> fehlt in W<hi rendition="#sup">1</hi>.</p>
            <p>e) <hi rendition="#i">Le duc—je me treuve tres bien</hi> in W von derselben Hand nachgetragen.</p>
            <p>Am 23. März stellte K dem Hg. Heinrich von Braunschweig-Lüneburg eine Instruktion aus, derzufolge der Hg. die verschiedenen geistlichen und weltlichen Fürsten Deutschlands (besonders im <index resp="Abel_Laura">
                  <term xml:id="index_d56e365a1051" key="Sachsen">sächsischen</term>
               </index> und <index resp="Abel_Laura">
                  <term xml:id="index_d14e164a1051" key="Niederlande">niederländischen</term>
               </index> Kreise) aufsuchen und ihnen von der Ausbreitung der lutherischen Lehre und von K‘s baldiger Fahrt nach Deutschland vermelden sollte. Er solle sie auffordern, der alten Lehre treu zu bleiben, zusammenzuhalten und auf die Hilfe K’s zu vertrauen. Neudecker, Urkunden aus der Reformationszeit. Cassel 1836, S. 10ff.</p>
            <p>Über das Eintreffen der Todesnachricht am Hofe K’s und die sich daran schließende kirchliche Feierlichkeit Villa, S. 312.</p>
            <p>f) 17. März.</p>
            <p>Vgl. Baumgarten 2, S. 484.</p>
            <p>g) in W<hi rendition="#sup">1</hi>
               <hi rendition="#i">etc.</hi> statt <hi rendition="#i">je prie — desirez</hi>. - h) in W <hi rendition="#i">25</hi> durchstrichen und eine Lücke gelassen.</p>
            <p>Vgl. Häbler, S. 202.</p>
         </div>
      </body>
   </text>
</TEI>
