<?xml version="1.0" encoding="UTF-8"?>
<TEI xmlns="http://www.tei-c.org/ns/1.0">
   <teiHeader>
      <fileDesc>
         <titleStmt>
            <title type="main">A190.</title>
            <title type="sub">Karl an Ferdinand, .</title>
            <author>
               <persName ref="nognd">Karl</persName>
            </author>
         </titleStmt>
         <editionStmt>
            <edition>Vollständige digitalisierte Ausgabe</edition>
         </editionStmt>
         <publicationStmt>
            <publisher xml:id="nnnn">
               <orgName role="hostingInstitution">Universität Salzburg</orgName>
               <orgName role="project">Edition der Familienkorrespondenz Ferdinands I.</orgName>
               <address>
                  <addrLine>Paris Lodron Universität Salzburg PLUS</addrLine>
                  <addrLine>Kapitelgasse 4</addrLine>
                  <addrLine>A-5020 Salzburg - Österreich</addrLine>
               </address>
            </publisher>
            <pubPlace>Salzburg</pubPlace>
            <date type="publication">2015-07-09</date>
            <availability>
               <licence target="https://creativecommons.org/licenses/by/3.0/">
                  <p>Creative Commons BY 3.0</p>
               </licence>
            </availability>
            <idno type="DOI">nnnn</idno>
         </publicationStmt>
         <sourceDesc>
            <bibl type="MS">Die Korrespondenz Ferdinands I. Familienkorrespondenz bis 1526</bibl>
            <biblFull>
               <titleStmt>
                  <title type="main">Die Korrespondenz Ferdinands I. Familienkorrespondenz bis 1526</title>
               </titleStmt>
               <publicationStmt>
                  <publisher>
                     <name>Holzhausen</name>
                  </publisher>
                  <publisher>
                     <name>Kommission für Neuere Geschichte Österreichs</name>
                  </publisher>
                  <pubPlace>Wien</pubPlace>
                  <date type="publication">1912</date>
               </publicationStmt>
            </biblFull>
         </sourceDesc>
      </fileDesc>
      <profileDesc>
         <correspDesc>
            <correspAction type="sent">
               <persName ref="nognd">Karl</persName>
               <date/>
            </correspAction>
            <correspAction type="received">
               <persName ref="nognd">Ferdinand</persName>
            </correspAction>
         </correspDesc>
      </profileDesc>
      <encodingDesc>
         <appInfo>
            <application ident="TEI_fromDOCX" version="2.15.0">
               <label>DOCX to TEI</label>
            </application>
         </appInfo>
      </encodingDesc>
      <revisionDesc>
         <listChange>
            <change>
               <date>2022-11-12T10:10:11Z</date>
               <name ref="nognd">Pitzer Doris</name>
            </change>
         </listChange>
      </revisionDesc>
   </teiHeader>
   <text>
      <body>
         <div n="1"><!-- letter_header -->
            <p>
               <hi rendition="#b">A190.</hi>
            </p>
            <table rend="rules">
               <row>
                  <cell>
                     <hi rendition="#i">Karl an Ferdinand.</hi>
                  </cell>
                  <cell>
                     <hi rendition="#i">1526 April 8.a) Sevilla.</hi>
                  </cell>
               </row>
            </table>
         </div>
         <div n="2" xml:lang="de"><!-- regest_de -->
            <p>1. Empfing F's Brief vom 20. März. Don Pedro de Cordova. 2. Verschiebung des RT’s zu Speier bis zu seiner Ankunft in Deutschland. Maßregeln gegen die Lutheraner. 3. Mitteilungen F’s durch Salinas.</p>
         </div>
         <div n="3" xml:lang="en"><!-- regest_en -->
            <p>1. Has received F's letter dated March 20. Don Pedro de Cordova. 2. Postponing the Imperial Diet in Speyer until he has arrived in Germany. Measures against the Lutherans. 3. F's messages relayed by Salinas.</p>
         </div>
         <div n="4"><!-- archive_desc -->
            <p>(W) Wien. St.-A. Belgica. PA. 5. Konzept. — Grundlage für den folgenden Abdruck.</p>
            <p>(W<hi rendition="#sup">1</hi>) ebenda. Hs. B. 595. 1. Bl. 18—19. Kopie.</p>
            <p>Druck: Familienkorrespondenz Bd. 1, Nr. 190, S. 380-381.</p>
         </div>
         <div type="letter" n="5"><!-- transcription -->
            <p>Mon bon frere, j’ai receu voz lettres du 20<hi rendition="#sup">e</hi> de mars, et combien à la pluspart du contenu d’icelles vous ai nagueres fait responce par propre courrier que vous ai envoyé, ce neantmoings ai esté tres joyeulx entendre de voz nouvelles et de l’arrivée de don <persName xml:id="person_d44e249a1050"
                         ref="nognd"
                         resp="Abel_Laura"
                         key="Córdoba, Pedro de">Pedro de Cordova</persName> et de son besoingne vers vous, touchant les affaires dont lui avoie donné charge à son partement, et me ferez singullier plaisir continuer à m’escripre le plus souvent que pourrez, car je ferai le semblable à mon endroit.</p>
            <p>Ensuivant vostre advis, j’ai incontinant fait depescher les lettres, conformes aux coppies que <persName xml:id="person_d27e101a1050"
                         ref="nognd"
                         resp="Abel_Laura"
                         key="Salinas">Salines</persName> m’a baillé, afin de retarder la prouchaine <index resp="Abel_Laura">
                  <term xml:id="index_d194e217a1051" key="HRR, Reichstag, Speyer (1526)">diete de Spiere</term>
               </index> jusques à ma venue pardela que lors moyenant l’aide de dieu et les provisions que vous et moi pourrons faire toutes choses prendront bonne fin et conclusion. Je ne fais nulle doubte que ce pendant persevererez à faire tousjours le mieulx que pourrez au moins pour obvier que ceste mauldite <index resp="Abel_Laura">
                  <term xml:id="index_d32e217a1051" key="Lutheraner">secte Lutherane</term>
               </index> ne voise pis qu’elle ne fait, si aultre remede et moyens gracieulx ne trouvez pour la desraciner, diminuer et affaiblir, en actendant mad. venue, à<hi rendition="#sup">b</hi>) laquelle n’aura faulte au plus tard pour ce commencement de septembre prouchain. Et sur ce je commance bien avant de faire mes apprestz et sera bon que faictes le semblable à toutes fins pour les haster aussi, s’il est besoing, et selon que le temps et les affaires succederont, mesmes du cousté de <index resp="Abel_Laura">
                  <term xml:id="index_d7e168a1051" key="Frankreich">France</term>
               </index>.</p>
            <p>Led. <persName xml:id="person_d27e101a1050"
                         ref="nognd"
                         resp="Abel_Laura"
                         key="Salinas">Salines</persName> m’a comuniqué ausurplus ce que lui avez ordonné, à quoi lui ai fait responce telle qu’il vous pourra escripre par ce porteur, et pour ce que a present n’y a aultre chose de nouveaul digne d’escripre, ferai fin. Atant,<hi rendition="#sup">c</hi>) mon bon frere, priant dieu vous donner ce que plus desirez.</p>
            <p>De <placeName xml:id="place_d165e212a1050"
                          ref="nognd"
                          resp="Abel_Laura"
                          key="Sevilla">Seville</placeName>, le 7e<hi rendition="#sup">d</hi>) d’avril 26.</p>
         </div>
         <div n="6"><!-- commentary -->
            <p>Die Post mit diesem Brief scheint am 15. Mai in Stuttgart bei F angenommen zu sein. Sanuto 41, 374.</p>
            <p>a) W trägt das Datum <hi rendition="#i">April 8.</hi> Daß dieses Datum das dem Original beigesetzte war, geht aus Nr. A193 hervor.</p>
            <p>Gemeint ist Nr. A187. Der durch einen eigenen Kurier abgefertigte Brief K’s scheint Nr. A189 zu sein. Vgl. Villa, S. 314.</p>
            <p>b) in W ursprünglich: <hi rendition="#i">de laquelle vous et des apprestz d’icelle que j’ai commancéz affaires; vous soyez adverti pour en faire le semblable.</hi>
            </p>
            <p>Vgl. Friedensburg, S. 49 f.</p>
            <p>c) in W<hi rendition="#sup">1</hi>
               <hi rendition="#i">etc</hi>. statt <hi rendition="#i">mon — desirez</hi>. - d)W<hi rendition="#sup">1</hi>
               <hi rendition="#i">VIII</hi>
               <hi rendition="#i #sup">e</hi>.</p>
         </div>
      </body>
   </text>
</TEI>
