<?xml version="1.0" encoding="UTF-8"?>
<TEI xmlns="http://www.tei-c.org/ns/1.0">
   <teiHeader>
      <fileDesc>
         <titleStmt>
            <title type="main">A191.</title>
            <title type="sub">Ferdinand an Margareta, 1526 April 19, Tübingen.</title>
            <author>
               <persName ref="nognd">Ferdinand</persName>
            </author>
         </titleStmt>
         <editionStmt>
            <edition>Vollständige digitalisierte Ausgabe</edition>
         </editionStmt>
         <publicationStmt>
            <publisher xml:id="nnnn">
               <orgName role="hostingInstitution">Universität Salzburg</orgName>
               <orgName role="project">Edition der Familienkorrespondenz Ferdinands I.</orgName>
               <address>
                  <addrLine>Paris Lodron Universität Salzburg PLUS</addrLine>
                  <addrLine>Kapitelgasse 4</addrLine>
                  <addrLine>A-5020 Salzburg - Österreich</addrLine>
               </address>
            </publisher>
            <pubPlace>Salzburg</pubPlace>
            <date type="publication">2015-07-09</date>
            <availability>
               <licence target="https://creativecommons.org/licenses/by/3.0/">
                  <p>Creative Commons BY 3.0</p>
               </licence>
            </availability>
            <idno type="DOI">nnnn</idno>
         </publicationStmt>
         <sourceDesc>
            <bibl type="MS">Die Korrespondenz Ferdinands I. Familienkorrespondenz bis 1526</bibl>
            <biblFull>
               <titleStmt>
                  <title type="main">Die Korrespondenz Ferdinands I. Familienkorrespondenz bis 1526</title>
               </titleStmt>
               <publicationStmt>
                  <publisher>
                     <name>Holzhausen</name>
                  </publisher>
                  <publisher>
                     <name>Kommission für Neuere Geschichte Österreichs</name>
                  </publisher>
                  <pubPlace>Wien</pubPlace>
                  <date type="publication">1912</date>
               </publicationStmt>
            </biblFull>
         </sourceDesc>
      </fileDesc>
      <profileDesc>
         <correspDesc>
            <correspAction type="sent">
               <persName ref="nognd">Ferdinand</persName>
               <placeName ref="nognd">Tübingen</placeName>
               <date>1526 April 19</date>
            </correspAction>
            <correspAction type="received">
               <persName ref="nognd">Margareta</persName>
            </correspAction>
         </correspDesc>
      </profileDesc>
      <encodingDesc>
         <appInfo>
            <application ident="TEI_fromDOCX" version="2.15.0">
               <label>DOCX to TEI</label>
            </application>
         </appInfo>
      </encodingDesc>
      <revisionDesc>
         <listChange>
            <change>
               <date>2022-11-12T10:10:17Z</date>
               <name ref="nognd">Pitzer Doris</name>
            </change>
         </listChange>
      </revisionDesc>
   </teiHeader>
   <text>
      <body>
         <div n="1"><!-- letter_header -->
            <p>
               <hi rendition="#b">A191.</hi>
            </p>
            <table rend="rules">
               <row>
                  <cell>
                     <hi rendition="#i">Ferdinand an Margareta.</hi>
                  </cell>
                  <cell>
                     <hi rendition="#i">1526 April 19. Tübingen.</hi>
                  </cell>
               </row>
            </table>
         </div>
         <div n="2" xml:lang="de"><!-- regest_de -->
            <p>Rechtsstreit zwischen Philippe Dax und Jehan Kasselt. Rät zu friedlicher Beilegung.</p>
         </div>
         <div n="3" xml:lang="en"><!-- regest_en -->
            <p>Legal dispute between Philippe Dax and Jehan Kasselt. Recommends a peaceful resolution.</p>
         </div>
         <div n="4"><!-- archive_desc -->
            <p>Brüssel, Arch. Gén. Papiers de l’État et de l'Aud. vol. 93. Bl. 11. Original mit mehreren Lücken. Rückwärts Adresse: <hi rendition="#i">A m</hi>
               <hi rendition="#i #sup">me</hi>
               <hi rendition="#i">, ma bonne tante, m</hi>
               <hi rendition="#i #sup">me</hi>
               <hi rendition="#i"> l’archiducesse d’Austrice, ducesse et contesse de Bourgoingne, regente et gouvernante etc.</hi> Hiezu vermerkt ein vierfaches <hi rendition="#i">Cito, citissime. </hi>
            </p>
            <p>Druck: Familienkorrespondenz Bd. 1, Nr. 191, S. 381-382.</p>
         </div>
         <div type="letter" n="5"><!-- transcription -->
            <p>M<hi rendition="#sup">me</hi>, ma bonne tante, humblement et de bo[n cueur à vostre bonne]<hi rendition="#sup">a</hi>) grace me recommande. M<hi rendition="#sup">me</hi>, le juge de la <index resp="Abel_Laura">
                  <term xml:id="index_d32e267a1051" key="HRR, Reichskammergericht">chambre imperiale</term>
               </index> et deux conseil[liers] d’icelle se sont puis quelques jours trouvéz devers moi et d[e par]<hi rendition="#sup">a</hi>) lad. chambre m’ont declairé et rapporté certaine cause appelat [---]<hi rendition="#sup">a</hi>) entre les heritiers de feu <persName xml:id="person_d198e131a1050"
                         ref="nognd"
                         resp="Abel_Laura"
                         key="Dax, Philipp">Philippe Dax</persName> d’une part et <persName xml:id="person_d198e134a1050"
                         ref="nognd"
                         resp="Abel_Laura"
                         key="Kasselt, Jehan">Jehan Kasselt</persName> appellant d’autre dont m’avez, m<hi rendition="#sup">me</hi>, autresfois escript, disant que non obstant que icelle cause fust à tirer pardevers eulx, comme supperieurs en cest endroit, par vostre commandement et par ceulx de la ville de <placeName xml:id="place_d171e137a1050"
                          ref="nognd"
                          resp="Abel_Laura"
                          key="Maastricht">Trech</placeName>, ayant regard à aucuns previlleiges et libertéz que la <index resp="Abel_Laura">
                  <term xml:id="index_d198e144a1051" key="Brabant, Herzogtum">duché de Brabant </term>
               </index>doit avoir, avez fait apprehendir et mectre en prison led. Jehan Kasselt appellant contre la forme de droit et les ordonnances de l’empire, surquoi le procureur dud. appellant a selon icelles requis lui administrer justice, laquelle en tel cas s’estend jusques à mectre au ban imperial lad. ville de Trecht. Neantmoins que, veu l’affaire touchoit aux pays de l’empereur mons<hi rendition="#sup">r</hi> et par consequant à vous, m<hi rendition="#sup">me</hi>, et à moi avant autre procedure m’en vouloint bien avertir, affin que je vous en signiffiasse et que l’on y fist telle provision qu’ilz n’eussent cause proceder selon leursd. ordonnances. Et pourtant, m<hi rendition="#sup">me</hi>, que l’affaire, quelque petit qu’il soit, est de grosse importance et consequance, vous ai bien voulu avertir et prier y faire deue provision que à mon advis soubz correction de vous et de vostre conseil seroit laisser souppir la cause et que amiablement par quelque bon moyen l’on fist composer avec led. appellant et moyennant qu’il donnast caution souffisante fust retaché de prison, renunceant à toutes demandes et querelles que ci-après en ce se pourroient induire et succiter. Et pour ce, m<hi rendition="#sup">me</hi>, que à grant difficulté leur ai fait sur ce oir toutes procedures par l’espace de trois sepmaines, vous supplie m’avertir de ce, en quoi vous resouldres sur ceste affaire, priant atant nostre seigneur qui vous doint, m<hi rendition="#sup">me</hi>, ma bonne tante, bonne vie et longue.</p>
            <p>De <placeName xml:id="place_d154e265a1050"
                          ref="nognd"
                          resp="Abel_Laura"
                          key="Tübingen">Tubingen</placeName>, ce 19<hi rendition="#sup">e</hi> d’avril a<hi rendition="#sup">o</hi> 26.</p>
            <p>Vostre<hi rendition="#sup">b</hi>) bon et humble nepveu	Ferdinandus.</p>
         </div>
         <div n="6"><!-- commentary -->
            <p>a) Lücke.</p>
            <p>b) von <hi rendition="#i">vostre </hi>an eigenhändig.</p>
         </div>
      </body>
   </text>
</TEI>
