<?xml version="1.0" encoding="UTF-8"?>
<TEI xmlns="http://www.tei-c.org/ns/1.0">
   <teiHeader>
      <fileDesc>
         <titleStmt>
            <title type="main">A198.</title>
            <title type="sub">Ferdinand an Margareta, 1526 Mai 20, Speier.</title>
            <author>
               <persName ref="nognd">Ferdinand</persName>
            </author>
         </titleStmt>
         <editionStmt>
            <edition>Vollständige digitalisierte Ausgabe</edition>
         </editionStmt>
         <publicationStmt>
            <publisher xml:id="nnnn">
               <orgName role="hostingInstitution">Universität Salzburg</orgName>
               <orgName role="project">Edition der Familienkorrespondenz Ferdinands I.</orgName>
               <address>
                  <addrLine>Paris Lodron Universität Salzburg PLUS</addrLine>
                  <addrLine>Kapitelgasse 4</addrLine>
                  <addrLine>A-5020 Salzburg - Österreich</addrLine>
               </address>
            </publisher>
            <pubPlace>Salzburg</pubPlace>
            <date type="publication">2015-07-09</date>
            <availability>
               <licence target="https://creativecommons.org/licenses/by/3.0/">
                  <p>Creative Commons BY 3.0</p>
               </licence>
            </availability>
            <idno type="DOI">nnnn</idno>
         </publicationStmt>
         <sourceDesc>
            <bibl type="MS">Die Korrespondenz Ferdinands I. Familienkorrespondenz bis 1526</bibl>
            <biblFull>
               <titleStmt>
                  <title type="main">Die Korrespondenz Ferdinands I. Familienkorrespondenz bis 1526</title>
               </titleStmt>
               <publicationStmt>
                  <publisher>
                     <name>Holzhausen</name>
                  </publisher>
                  <publisher>
                     <name>Kommission für Neuere Geschichte Österreichs</name>
                  </publisher>
                  <pubPlace>Wien</pubPlace>
                  <date type="publication">1912</date>
               </publicationStmt>
            </biblFull>
         </sourceDesc>
      </fileDesc>
      <profileDesc>
         <correspDesc>
            <correspAction type="sent">
               <persName ref="nognd">Ferdinand</persName>
               <placeName ref="nognd">Speier</placeName>
               <date>1526 Mai 20</date>
            </correspAction>
            <correspAction type="received">
               <persName ref="nognd">Margareta</persName>
            </correspAction>
         </correspDesc>
      </profileDesc>
      <encodingDesc>
         <appInfo>
            <application ident="TEI_fromDOCX" version="2.15.0">
               <label>DOCX to TEI</label>
            </application>
         </appInfo>
      </encodingDesc>
      <revisionDesc>
         <listChange>
            <change>
               <date>2022-11-12T10:10:57Z</date>
               <name ref="nognd">Pitzer Doris</name>
            </change>
         </listChange>
      </revisionDesc>
   </teiHeader>
   <text>
      <body>
         <div n="1"><!-- letter_header -->
            <p>
               <hi rendition="#b">A198.</hi>
            </p>
            <table rend="rules">
               <row>
                  <cell>
                     <hi rendition="#i">Ferdinand an Margareta.</hi>
                  </cell>
                  <cell>
                     <hi rendition="#i">1526 Mai 20. Speier.</hi>
                  </cell>
               </row>
            </table>
         </div>
         <div n="2" xml:lang="de"><!-- regest_de -->
            <p>1. Empfing Mg’s Brief vom 5. Mai. 2. Aufstand in Mailand. 3. Weitere fünfwöchige Prorogation in dem Prozesse von Maastricht. </p>
         </div>
         <div n="3" xml:lang="en"><!-- regest_en -->
            <p>1. Has received Mg's letter dated May 5. 2. Uprising in Milan. 3. Another five-week prorogation in the trial in Maastricht.</p>
         </div>
         <div n="4"><!-- archive_desc -->
            <p>Brüssel, Arch. gén. Papiers de lʼÉtat et de lʼAud., vol. 93, Bl. 14. Original. Rückwärts Adresse: <hi rendition="#i">A m</hi>
               <hi rendition="#i #sup">me</hi>
               <hi rendition="#i">, ma bonne tante, m</hi>
               <hi rendition="#i #sup">me</hi>
               <hi rendition="#i"> l’archiducesse d’Austrice, ducesse et contesse de Bourgoingne, regente et gouvernante etc. </hi>
            </p>
            <p>Druck: Familienkorrespondenz Bd. 1, Nr. 198, S. 386-387.</p>
         </div>
         <div type="letter" n="5"><!-- transcription -->
            <p>M<hi rendition="#sup">me</hi>, ma bonne tante, humblement et de bon cueur à [vostre bonne]<hi rendition="#sup">a</hi>) grace me recommande. M<hi rendition="#sup">me</hi>, j’ai receu vostre lettre du 5<hi rendition="#sup">e</hi> de ce mois et entendu les nouvelles y contenues dont, veu que assez bonne espace estoit que ne m’avies escript, ai esté tres joieulx et vous en mercie bien humblement, suppliant y vouloir souvent continuer, et pour ma part ferai tousiours le semblable.</p>
            <p>Quant aux nouvelles <index resp="Abel_Laura">
                  <term xml:id="index_d35e144a1051" key="Italien">d’Ytalie</term>
               </index>, les affaires sont tousiours ou mesme estat, combien que ceulx de la ville de <index resp="Abel_Laura">
                  <term xml:id="index_d27e550a1051" key="Mailand">Milan</term>
               </index> puis quelques jours s’estoient levéz et mis en armes contre noz gens, pour ce que à cause de la grande neccessité d’argent qu’ilz avoient vouloient sur lad. ville faire quelque composicion pour les survenir. A cause de laquelle motion nosd. gens vouloient sacquaigés lad. ville, mais l’a dieu mercis, la chose est bien appaisée et actend l’on illecq la venue de <persName xml:id="person_d54e97a1050"
                         ref="nognd"
                         resp="Abel_Laura"
                         key="Bourbon">mons<hi rendition="#sup">r</hi> de Bourbon</persName>, car de longtemps les bateaulx sont partis pour l’aller querre. S’il me survient quelque autre chose, rendrai tousiours devoir vous en incontinant participer.</p>
            <p>Touchant l’affaire de <placeName xml:id="place_d171e137a1050"
                          ref="nognd"
                          resp="Abel_Laura"
                          key="Maastricht">Mastrecht</placeName> dont dictes, m<hi rendition="#sup">me</hi>, le terme de trois sepmaines estre trop court pour pouoir traicter d’icellui, comme vous en avoie escript, j’ai de rechief suivant vostre desir obtenu prorogacion de cinq sepmaines, durant lequel temps vous prie, m<hi rendition="#sup">me</hi>, y faire telle provision que plus grant mal ne s’en ensuive, car autrement la chambre imperiale y procedera plus avant. M<hi rendition="#sup">me</hi>, ma bonne tante, je prie atant le createur qui vous doint bonne vie et longue.</p>
            <p>De <placeName xml:id="place_d71e257a1050"
                          ref="nognd"
                          resp="Abel_Laura"
                          key="Speyer">Spiere</placeName>, ce 20<hi rendition="#sup">e</hi> de mai a<hi rendition="#sup">o</hi> 26.</p>
            <p>Vostre<hi rendition="#sup">b</hi>) bon et humble nepveu Ferdinandus.</p>
         </div>
         <div n="6"><!-- commentary -->
            <p>a) Lücke.</p>
            <p>Der Brief Mg's vom 5. Mai wurde nicht aufgefunden.</p>
            <p>Der blutige Aufstand in Mailand erfolgte am 16. Juni. Es kam auch zu Plünderungen vonseiten der schlecht bezahlten kaiserlichen Söldner, die nur mit Mühe hintangehalten werden konnten. Baumgarten 2, S. 507f.</p>
            <p>b) von <hi rendition="#i">vostre</hi> an eigenhändig.</p>
            <p>Vgl. Nr. A191.</p>
         </div>
      </body>
   </text>
</TEI>
