<?xml version="1.0" encoding="UTF-8"?>
<TEI xmlns="http://www.tei-c.org/ns/1.0">
   <teiHeader>
      <fileDesc>
         <titleStmt>
            <title type="main">A201.</title>
            <title type="sub">Maria an Ferdinand, 1526 Mai 29, Ofen.</title>
            <author>
               <persName ref="nognd">Maria</persName>
            </author>
         </titleStmt>
         <editionStmt>
            <edition>Vollständige digitalisierte Ausgabe</edition>
         </editionStmt>
         <publicationStmt>
            <publisher xml:id="nnnn">
               <orgName role="hostingInstitution">Universität Salzburg</orgName>
               <orgName role="project">Edition der Familienkorrespondenz Ferdinands I.</orgName>
               <address>
                  <addrLine>Paris Lodron Universität Salzburg PLUS</addrLine>
                  <addrLine>Kapitelgasse 4</addrLine>
                  <addrLine>A-5020 Salzburg - Österreich</addrLine>
               </address>
            </publisher>
            <pubPlace>Salzburg</pubPlace>
            <date type="publication">2015-07-09</date>
            <availability>
               <licence target="https://creativecommons.org/licenses/by/3.0/">
                  <p>Creative Commons BY 3.0</p>
               </licence>
            </availability>
            <idno type="DOI">nnnn</idno>
         </publicationStmt>
         <sourceDesc>
            <bibl type="MS">Die Korrespondenz Ferdinands I. Familienkorrespondenz bis 1526</bibl>
            <biblFull>
               <titleStmt>
                  <title type="main">Die Korrespondenz Ferdinands I. Familienkorrespondenz bis 1526</title>
               </titleStmt>
               <publicationStmt>
                  <publisher>
                     <name>Holzhausen</name>
                  </publisher>
                  <publisher>
                     <name>Kommission für Neuere Geschichte Österreichs</name>
                  </publisher>
                  <pubPlace>Wien</pubPlace>
                  <date type="publication">1912</date>
               </publicationStmt>
            </biblFull>
         </sourceDesc>
      </fileDesc>
      <profileDesc>
         <correspDesc>
            <correspAction type="sent">
               <persName ref="nognd">Maria</persName>
               <placeName ref="nognd">Ofen</placeName>
               <date>1526 Mai 29</date>
            </correspAction>
            <correspAction type="received">
               <persName ref="nognd">Ferdinand</persName>
            </correspAction>
         </correspDesc>
      </profileDesc>
      <encodingDesc>
         <appInfo>
            <application ident="TEI_fromDOCX" version="2.15.0">
               <label>DOCX to TEI</label>
            </application>
         </appInfo>
      </encodingDesc>
      <revisionDesc>
         <listChange>
            <change>
               <date>2022-11-12T10:11:15Z</date>
               <name ref="nognd">Pitzer Doris</name>
            </change>
         </listChange>
      </revisionDesc>
   </teiHeader>
   <text>
      <body>
         <div n="1"><!-- letter_header -->
            <p>
               <hi rendition="#b">A201.</hi>
            </p>
            <table rend="rules">
               <row>
                  <cell>
                     <hi rendition="#i">Maria an Ferdinand.</hi>
                  </cell>
                  <cell>
                     <hi rendition="#i">1526 Mai 29. Ofen.</hi>
                  </cell>
               </row>
            </table>
         </div>
         <div n="2" xml:lang="de"><!-- regest_de -->
            <p>Empfehlung für den Priester <persName xml:id="person_d207e127a1050"
                         ref="nognd"
                         resp="Christopher_F._Laferl"
                         key="Mertlykh, Leonhard">Leonhard Mertlykh</persName>.</p>
         </div>
         <div n="3" xml:lang="en"><!-- regest_en -->
            <p>Commendation for Priest Leonhard Mertlykh.</p>
         </div>
         <div n="4"><!-- archive_desc -->
            <p>Wien, St.-A. Ungarn 2. Original, gleichlautend mit dem obigen Briefe Ludwigs II. Die eigenhändige Unterfertigung lautet: <hi rendition="#i">E. S. V. obediens soror Maria etc. </hi>Rückwärts Adresse: <hi rendition="#i">Ser</hi>
               <hi rendition="#i #sup">mo</hi>
               <hi rendition="#i">principi, domino Ferdinando, infanti Hispaniarum, archiduci Austriae, duci Burgundiae etc., fratri nostro char</hi>
               <hi rendition="#i #sup">mo</hi>
               <hi rendition="#i">.</hi>
            </p>
            <p>Druck: Familienkorrespondenz Bd. 1, Nr. 201, S. 390.</p>
         </div>
         <div n="6"><!-- commentary -->
            <p>Anmerkung der Herausgeber der digitalen Edition: Der Ausstellungsort des Briefes ist <placeName xml:id="place_d46e220a1050"
                          ref="nognd"
                          resp="Christopher_F._Laferl"
                          key="Budapest">Budapest</placeName>.</p>
         </div>
      </body>
   </text>
</TEI>
