<?xml version="1.0" encoding="UTF-8"?>
<TEI xmlns="http://www.tei-c.org/ns/1.0">
   <teiHeader>
      <fileDesc>
         <titleStmt>
            <title type="main">A202.</title>
            <title type="sub">Ludwig II. an Ferdinand, 1526 Juni 6, Ofen.</title>
            <author>
               <persName ref="nognd">Ludwig II.</persName>
            </author>
         </titleStmt>
         <editionStmt>
            <edition>Vollständige digitalisierte Ausgabe</edition>
         </editionStmt>
         <publicationStmt>
            <publisher xml:id="nnnn">
               <orgName role="hostingInstitution">Universität Salzburg</orgName>
               <orgName role="project">Edition der Familienkorrespondenz Ferdinands I.</orgName>
               <address>
                  <addrLine>Paris Lodron Universität Salzburg PLUS</addrLine>
                  <addrLine>Kapitelgasse 4</addrLine>
                  <addrLine>A-5020 Salzburg - Österreich</addrLine>
               </address>
            </publisher>
            <pubPlace>Salzburg</pubPlace>
            <date type="publication">2015-07-09</date>
            <availability>
               <licence target="https://creativecommons.org/licenses/by/3.0/">
                  <p>Creative Commons BY 3.0</p>
               </licence>
            </availability>
            <idno type="DOI">nnnn</idno>
         </publicationStmt>
         <sourceDesc>
            <bibl type="MS">Die Korrespondenz Ferdinands I. Familienkorrespondenz bis 1526</bibl>
            <biblFull>
               <titleStmt>
                  <title type="main">Die Korrespondenz Ferdinands I. Familienkorrespondenz bis 1526</title>
               </titleStmt>
               <publicationStmt>
                  <publisher>
                     <name>Holzhausen</name>
                  </publisher>
                  <publisher>
                     <name>Kommission für Neuere Geschichte Österreichs</name>
                  </publisher>
                  <pubPlace>Wien</pubPlace>
                  <date type="publication">1912</date>
               </publicationStmt>
            </biblFull>
         </sourceDesc>
      </fileDesc>
      <profileDesc>
         <correspDesc>
            <correspAction type="sent">
               <persName ref="nognd">Ludwig II.</persName>
               <placeName ref="nognd">Ofen</placeName>
               <date>1526 Juni 6</date>
            </correspAction>
            <correspAction type="received">
               <persName ref="nognd">Ferdinand</persName>
            </correspAction>
         </correspDesc>
      </profileDesc>
      <encodingDesc>
         <appInfo>
            <application ident="TEI_fromDOCX" version="2.15.0">
               <label>DOCX to TEI</label>
            </application>
         </appInfo>
      </encodingDesc>
      <revisionDesc>
         <listChange>
            <change>
               <date>2022-11-12T10:11:20Z</date>
               <name ref="nognd">Pitzer Doris</name>
            </change>
         </listChange>
      </revisionDesc>
   </teiHeader>
   <text>
      <body>
         <div n="1"><!-- letter_header -->
            <p>
               <hi rendition="#b">A202.</hi>
            </p>
            <table rend="rules">
               <row>
                  <cell>
                     <hi rendition="#i">Ludwig II. an Ferdinand.</hi>
                  </cell>
                  <cell>
                     <hi rendition="#i">1526 Juni 6. Ofen.</hi>
                  </cell>
               </row>
            </table>
         </div>
         <div n="2" xml:lang="de"><!-- regest_de -->
            <p>1. Die Türken haben im April d. J. Konstantinopel verlassen und bereits Proviant, Kriegsgeräte und einen Teil des Heeres nach Belgrad vorausgesandt. Bitte um Hilfe gegen die drohende Gefahr. 2. Streit wegen einer Mühle, auf die F’s Kanzler Anspruch erhebt. 3. Lobt die Dienste, die ihm F’s Gesandte geleistet, dankt auch F selbst.</p>
         </div>
         <div n="3" xml:lang="en"><!-- regest_en -->
            <p>1. The Turks left Constantinople in April of his year and have sent provisions, military equipment and part of their army ahead to Belgrade. Requests assistance against the impending danger. 2. Dispute regarding a mill, to which one of F's chancelors has laid claim. 3. Praises the services of F's delegates and thanks F himself.</p>
         </div>
         <div n="4"><!-- archive_desc -->
            <p>Wien, St.-A. Ungarn 2. Original. Siegel abgefallen. Rückwärts Adresse: <hi rendition="#i">Ser</hi>
               <hi rendition="#i #sup">mo</hi>
               <hi rendition="#i">principi, domino Ferdinando, archiduci Austrie, infanti Hispaniarum ac sacri Romani imperii vicario generali etc., sororio nostro char</hi>
               <hi rendition="#i #sup">mo</hi>
               <hi rendition="#i">. </hi>
            </p>
            <p>Druck: Familienkorrespondenz Bd. 1, Nr. 202, S. 390-392.</p>
         </div>
         <div type="letter" n="5"><!-- transcription -->
            <p>
               <persName xml:id="person_d20e158a1050"
                         ref="nognd"
                         resp="Hofer-Bindeus_Johannes"
                         key="Ludwig II.">Ludovicus</persName>, dei gracia rex Hungarie et Bohemie etc., ser<hi rendition="#sup">mo</hi> principi, domino Ferdinando, archiduci Austrie, infanti Hispaniarum etc., sororio nostro char<hi rendition="#sup">mo</hi>, salutem et felicium successuum incrementum. Ser<hi rendition="#sup">me</hi> princeps, sororie noster char<hi rendition="#sup">me</hi>. Et ex prioribus nostris litteris Ser<hi rendition="#sup">tem</hi> V<hi rendition="#sup">ram</hi> intellexisse arbitramur et nunc ex oratorum suorum, quibus omnia negocia nostra patefecimus, relacione intelligere poterit, que nobis regnoque nostro hoc tempore pericula incumbant. Certissime enim nobis relatum est collecta innumerabili dicionis sue bellatorum manu <index resp="Hofer-Bindeus_Johannes">
                  <term xml:id="index_d24e226a1051" key="Türken">Thurcum </term>
               </index>mense adhuc aprili <placeName xml:id="place_d209e134a1050"
                          ref="nognd"
                          resp="Hofer-Bindeus_Johannes"
                          key="Istanbul">Constantinopoli </placeName>discessisse et impetum in regna nostra sine dubio moliri, cuius vel id apertissimum indicium est: jamdudum <placeName xml:id="place_d209e137a1050"
                          ref="nognd"
                          resp="Christopher_F._Laferl"
                          key="Belgrad">Nandor Alba</placeName>m commeatum, affatim ingenia bellica omnis generis et exercitus aliquam partem, quo illic adventum suum expectaret et ipse collectis undique viribus nos invaderet, premissam esse. Nos vero tanti hostis conatibus quam impares simus, id quod Ser<hi rendition="#sup">ti</hi> V<hi rendition="#sup">re</hi> notissimum est. Quibus omnibus Ser<hi rendition="#sup">tas</hi> V<hi rendition="#sup">ra</hi>, ut certo credimus, animo previsis et a sanctissimo eciam domino nostro admonita significare nobis per litteras curaverat, se opportune et tormenta bellica ad ea que peritos ingeniorum artifices et alia, que posset auxilia ad communia pericula propulsanda missuram. Quibus, quanta celeritate opus sit, Ser<hi rendition="#sup">tas</hi> V<hi rendition="#sup">ra</hi> vel ex suis oratoribus, qui una rebus omnibus interfuerunt, cognoscet. Quare eandem per deum altissimum et per communem rerum nostrarum salutem hortamur et rogamus, velit primum serenissimi et invictissimi cesaris, fratris nostri, aliorumque principum imperii nobis et rebus nostris dubiis auxilium implorare, et ut id quam celerime fiat, efficere, deinde instrumenti bellici omnifariam, quanto plus poterit, cum suis artificibus ad suppecias nostras mittere.</p>
            <p>Sed et inter tanta rerum nostrarum publicarum discrimina privatorum quoque negociorum meminerimus. De molendino, quod mag<hi rendition="#sup">cus</hi> dominus, cancellarius Ser<hi rendition="#sup">tis</hi> V<hi rendition="#sup">re</hi>, suum esse asserit, aliisque differenciis inter subditos nostros et Ser<hi rendition="#sup">tis</hi> V<hi rendition="#sup">re</hi> tunc videndum erit, cum rebus nostris deus altissimus optatum exitum dederit. Mittendi enim erunt et hinc et illinc plena authoritate commissarii, qui ea omnia ex ẹquo componant, super quo, ut V<hi rendition="#sup">ra</hi> Ser<hi rendition="#sup">tas</hi> nos de sua mente, de die videlicet et loco cerciores faciat, eandem exhortamur.</p>
            <p>Reliquum est, ut Ser<hi rendition="#sup">tem</hi> V<hi rendition="#sup">ram </hi>iterum quam diligenter admonitam faciamus, ita hoc tempore dubio et periculoso nobis providendum putet, ut non de nostro regnorumque nostrorum, sed de Ser<hi rendition="#sup">tis</hi> simul Sue salute et conservacione agi arbitretur. Oratores ipsi V<hi rendition="#sup">re</hi> Ser<hi rendition="#sup">tis</hi> ea nobis hoc tempore ancipiti et periculoso prestitere obsequia, ita nos suis sapientissimis consiliis adjuverunt, ut sit incredibile, quantum nos eisdem debere jure optimo fateamur. Pro quibus eorum officiis V<hi rendition="#sup">re</hi> eciam Ser<hi rendition="#sup">ti</hi> grates amplissimas agimus et eandem felicissime valere optamus.</p>
            <p>Datum <placeName xml:id="place_d46e220a1050"
                          ref="nognd"
                          resp="Hofer-Bindeus_Johannes"
                          key="Budapest">Bude</placeName>, sexta junii anno domini millesimo quingentesimo vigesimo sexto.</p>
            <p>Ludovicus<hi rendition="#sup">a</hi>) rex manu propria.</p>
         </div>
         <div n="6"><!-- commentary -->
            <p>Am 2. Juni versammelte Ludwig II. die ungarischen Herren und die auswärtigen Gesandten (des <persName xml:id="person_d56e641a1050"
                         ref="nognd"
                         resp="Abel_Laura"
                         key="Klemens VII.">Papstes</persName>, Österreichs und <index resp="Abel_Laura">
                  <term xml:id="index_d82e2588a1051" key="Polen">Polens</term>
               </index>) um sich und teilte ihnen die gefahrvolle Lage Ungarns und den Entschluß mit, selber ins Feld zu ziehen. Mon. Vat. Hung. Ser. 2, 1, S. 392 f. — Sultan <persName xml:id="person_d29e215a1050"
                         ref="nognd"
                         resp="Abel_Laura"
                         key="Süleyman I.">Suleiman</persName> brach am 23. April d. J. von Konstantinopel mit mehr als 100.000 Mann und 300 Geschützen gegen Belgrad auf. Doch traf er dort erst am 9. Juli ein. Zinkeisen 2, S. 651.</p>
            <p>a) von <hi rendition="#i">Ludovicus</hi> an eigenhändig.</p>
            <p>Als Gesandte sind nach dem Berichte des päpstlichen Nuntius der <persName xml:id="person_d167e87a1050"
                         ref="nognd"
                         resp="Abel_Laura"
                         key="Rauber, Christophorus, Bischof von Ljubljana">B. von Laibach</persName> (<hi rendition="#i">lo vescovo di Lubiano</hi>) und „<hi rendition="#i">un</hi>
               <persName xml:id="person_d209e247a1050"
                         ref="nognd"
                         resp="Abel_Laura"
                         key="Hehenfeld, Ridulphi">
                  <hi rendition="#i">Ridulphi Hehenfeld</hi>
               </persName>“, ein Deutscher, nach Ungarn gesandt worden. Mon. Vat. Hung. S. 371.</p>
         </div>
      </body>
   </text>
</TEI>
