<?xml version="1.0" encoding="UTF-8"?>
<TEI xmlns="http://www.tei-c.org/ns/1.0">
   <teiHeader>
      <fileDesc>
         <titleStmt>
            <title type="main">A209.</title>
            <title type="sub">Ferdinand an Margareta, 1526 Juli 12, Heidelberg.</title>
            <author>
               <persName ref="nognd">Ferdinand</persName>
            </author>
         </titleStmt>
         <editionStmt>
            <edition>Vollständige digitalisierte Ausgabe</edition>
         </editionStmt>
         <publicationStmt>
            <publisher xml:id="nnnn">
               <orgName role="hostingInstitution">Universität Salzburg</orgName>
               <orgName role="project">Edition der Familienkorrespondenz Ferdinands I.</orgName>
               <address>
                  <addrLine>Paris Lodron Universität Salzburg PLUS</addrLine>
                  <addrLine>Kapitelgasse 4</addrLine>
                  <addrLine>A-5020 Salzburg - Österreich</addrLine>
               </address>
            </publisher>
            <pubPlace>Salzburg</pubPlace>
            <date type="publication">2015-07-09</date>
            <availability>
               <licence target="https://creativecommons.org/licenses/by/3.0/">
                  <p>Creative Commons BY 3.0</p>
               </licence>
            </availability>
            <idno type="DOI">nnnn</idno>
         </publicationStmt>
         <sourceDesc>
            <bibl type="MS">Die Korrespondenz Ferdinands I. Familienkorrespondenz bis 1526</bibl>
            <biblFull>
               <titleStmt>
                  <title type="main">Die Korrespondenz Ferdinands I. Familienkorrespondenz bis 1526</title>
               </titleStmt>
               <publicationStmt>
                  <publisher>
                     <name>Holzhausen</name>
                  </publisher>
                  <publisher>
                     <name>Kommission für Neuere Geschichte Österreichs</name>
                  </publisher>
                  <pubPlace>Wien</pubPlace>
                  <date type="publication">1912</date>
               </publicationStmt>
            </biblFull>
         </sourceDesc>
      </fileDesc>
      <profileDesc>
         <correspDesc>
            <correspAction type="sent">
               <persName ref="nognd">Ferdinand</persName>
               <placeName ref="nognd">Heidelberg</placeName>
               <date>1526 Juli 12</date>
            </correspAction>
            <correspAction type="received">
               <persName ref="nognd">Margareta</persName>
            </correspAction>
         </correspDesc>
      </profileDesc>
      <encodingDesc>
         <appInfo>
            <application ident="TEI_fromDOCX" version="2.15.0">
               <label>DOCX to TEI</label>
            </application>
         </appInfo>
      </encodingDesc>
      <revisionDesc>
         <listChange>
            <change>
               <date>2022-11-21T15:49:16Z</date>
               <name ref="nognd">Pitzer Doris</name>
            </change>
         </listChange>
      </revisionDesc>
   </teiHeader>
   <text>
      <body>
         <div n="1"><!-- letter_header -->
            <p>
               <hi rendition="#b">A209.</hi>
            </p>
            <table rend="rules">
               <row>
                  <cell>
                     <hi rendition="#i">Ferdinand an Margareta.</hi>
                  </cell>
                  <cell>
                     <hi rendition="#i">[1526] Juli 12. Heidelberg.</hi>
                  </cell>
               </row>
            </table>
         </div>
         <div n="2" xml:lang="de"><!-- regest_de -->
            <p>Nachricht über die Entbindung seiner Gemahlin von einer Tochter.</p>
         </div>
         <div n="3" xml:lang="en"><!-- regest_en -->
            <p>News of his daughter's birth.</p>
         </div>
         <div n="4"><!-- archive_desc -->
            <p>Brüssel, Arch. gén. Papiers de LʼÉtat et de l’Aud., vol. 93, Bl. 22. Original. Vermerkt: <hi rendition="#i">A Malines, le 15</hi>
               <hi rendition="#i #sup">me </hi>
               <hi rendition="#i">de juillet a</hi>
               <hi rendition="#i #sup">o</hi>
               <hi rendition="#i"> 26. De la couche de m</hi>
               <hi rendition="#i #sup">me</hi>
               <hi rendition="#i"> l’archiducesse. </hi>Rückwärts Adresse: <hi rendition="#i">A m</hi>
               <hi rendition="#i #sup">me</hi>
               <hi rendition="#i">, ma bonne tante, m</hi>
               <hi rendition="#i #sup">me</hi>
               <hi rendition="#i"> archiducesse d’Austrice, regente et gouvernante etc. </hi>
            </p>
            <p>Druck: Familienkorrespondenz Bd. 1, Nr. 209, S. 399-400.</p>
         </div>
         <div type="letter" n="5"><!-- transcription -->
            <p>M<hi rendition="#sup">me</hi>, a ceste heure me sont venues les nouvelles, co[mme]<hi rendition="#sup">a</hi>) <index resp="Abel_Laura">
                  <term xml:id="index_d216e131a1051" key="Geburt, Elisabeth von Österreich">ma bonne compaigne</term>
               </index> en la ville de <placeName xml:id="place_d6e204a1050"
                          ref="nognd"
                          resp="Abel_Laura"
                          key="Linz">Lintz</placeName>, où elle est [oit]<hi rendition="#sup">a</hi>) actendant l’heure, est le 9<hi rendition="#sup">e</hi> de ce mois à 6 heures du matin delivré d’une <persName xml:id="person_d216e144a1050"
                         ref="nognd"
                         resp="Abel_Laura"
                         key="Elisabeth von Österreich">fille</persName> dont m<hi rendition="#sup">me</hi>, saichant la joie et plaisir qu’en recevries, n’ai voulu laisser de par ce present pourteur Boisrond, gentilhomme de ma chambre, vous en incontinant avertir. Et atant, m<hi rendition="#sup">me</hi>, ma bonne tante, après m’estre recommandé humblement et de bon cueur à vostre bonne grace prie à nostre seigneur qui vous doint bonne vie et longue.</p>
            <p>De <placeName xml:id="place_d21e155a1050"
                          ref="nognd"
                          resp="Abel_Laura"
                          key="Heidelberg">Haidelberg</placeName>, ce 12<hi rendition="#sup">e</hi> de juillet à douze heures de jour.</p>
            <p>Vostre<hi rendition="#sup">b</hi>) bon et humble nepveu Ferdinandus.</p>
         </div>
         <div n="6"><!-- commentary -->
            <p>a) Lücke. - b) von <hi rendition="#i">vostre</hi> an eigenhändig.</p>
            <p>Es handelt sich hier um die Geburt des erstgebornen Kindes aus der Ehe F’s mit Anna, der Erzherzogin Elisabeth. — Anna weilte seit 15. Mai in Linz. Wie ihr Briefwechsel mit B <persName xml:id="person_d24e421a1050"
                         ref="nognd"
                         resp="Abel_Laura"
                         key="Cles">Cles von Trient</persName> erweist, fühlte sie sich keineswegs wohl „<hi rendition="#i">alain das unns die weyl fast lanng</hi>“, da ihr Gemahl nicht bei ihr sei. Sie bittet den B verschiedene Male (Mai 16, Mai 22), er möge betreffs der baldigen Ankunft ihres Mannes ihr „<hi rendition="#i">procurator</hi>“ sein, dann mahnt sie ihn wieder, er solle mit dem „<hi rendition="#i">Botenbrod</hi>“ nicht säumig sein (Juni 8). Schließlich ist sie erfreut, daß ihr F bewilligt hat, daß sie, wenn F nicht selber inzwischen zu ihr komme, nach ihrem Kindbett ihn aufsuchen dürfe (Juni 16). Am 30. Juni teilt sie Cles mit, daß sie täglich auf ihre Niederkunft warte. Auf die Nachricht hin, daß der <index resp="Abel_Laura">
                  <term xml:id="index_d216e188a1051" key="HRR, Reichstag, Speyer (209)">RT</term>
               </index> vor sich geht, besorgt sie, daß F nicht so bald kommen werde. Erinnert an das Versprechen F’s, ihn nach dem Kindbett baldigst besuchen zu dürfen. Sie wiederholt am 5. Juli diese Bitte und ebenso die Klage über Langeweile. Am 9. Juli, am Tage ihrer Niederkunft, sendet sie ihren Sekretär <persName xml:id="person_d216e192a1050"
                         ref="nognd"
                         resp="Abel_Laura"
                         key="Volanndt, Wolfgang, Sekretär von Erzherzogin Anna">Wolfgang Volanndt</persName> an F. — Diese Briefe, deren Inhalt kurz anzudeuten hier der einzige Platz war, befinden sich in Wien, St.-A. Belgica PA. 13, Origg. von Sekretärshand, mit eigenhändiger Unterschrift Annas.</p>
         </div>
      </body>
   </text>
</TEI>
