<?xml version="1.0" encoding="UTF-8"?>
<TEI xmlns="http://www.tei-c.org/ns/1.0">
   <teiHeader>
      <fileDesc>
         <titleStmt>
            <title type="main">A212.</title>
            <title type="sub">Ferdinand an Margareta, 1526 Juli 16, Speier.</title>
            <author>
               <persName ref="nognd">Ferdinand</persName>
            </author>
         </titleStmt>
         <editionStmt>
            <edition>Vollständige digitalisierte Ausgabe</edition>
         </editionStmt>
         <publicationStmt>
            <publisher xml:id="nnnn">
               <orgName role="hostingInstitution">Universität Salzburg</orgName>
               <orgName role="project">Edition der Familienkorrespondenz Ferdinands I.</orgName>
               <address>
                  <addrLine>Paris Lodron Universität Salzburg PLUS</addrLine>
                  <addrLine>Kapitelgasse 4</addrLine>
                  <addrLine>A-5020 Salzburg - Österreich</addrLine>
               </address>
            </publisher>
            <pubPlace>Salzburg</pubPlace>
            <date type="publication">2015-07-09</date>
            <availability>
               <licence target="https://creativecommons.org/licenses/by/3.0/">
                  <p>Creative Commons BY 3.0</p>
               </licence>
            </availability>
            <idno type="DOI">nnnn</idno>
         </publicationStmt>
         <sourceDesc>
            <bibl type="MS">Die Korrespondenz Ferdinands I. Familienkorrespondenz bis 1526</bibl>
            <biblFull>
               <titleStmt>
                  <title type="main">Die Korrespondenz Ferdinands I. Familienkorrespondenz bis 1526</title>
               </titleStmt>
               <publicationStmt>
                  <publisher>
                     <name>Holzhausen</name>
                  </publisher>
                  <publisher>
                     <name>Kommission für Neuere Geschichte Österreichs</name>
                  </publisher>
                  <pubPlace>Wien</pubPlace>
                  <date type="publication">1912</date>
               </publicationStmt>
            </biblFull>
         </sourceDesc>
      </fileDesc>
      <profileDesc>
         <correspDesc>
            <correspAction type="sent">
               <persName ref="nognd">Ferdinand</persName>
               <placeName ref="nognd">Speier</placeName>
               <date>1526 Juli 16</date>
            </correspAction>
            <correspAction type="received">
               <persName ref="nognd">Margareta</persName>
            </correspAction>
         </correspDesc>
      </profileDesc>
      <encodingDesc>
         <appInfo>
            <application ident="TEI_fromDOCX" version="2.15.0">
               <label>DOCX to TEI</label>
            </application>
         </appInfo>
      </encodingDesc>
      <revisionDesc>
         <listChange>
            <change>
               <date>2022-11-12T10:12:18Z</date>
               <name ref="nognd">Pitzer Doris</name>
            </change>
         </listChange>
      </revisionDesc>
   </teiHeader>
   <text>
      <body>
         <div n="1"><!-- letter_header -->
            <p>
               <hi rendition="#b">A212.</hi>
            </p>
            <table rend="rules">
               <row>
                  <cell>
                     <hi rendition="#i">Ferdinand an Margareta.</hi>
                  </cell>
                  <cell>
                     <hi rendition="#i">1526 Juli 16. Speier.</hi>
                  </cell>
               </row>
            </table>
         </div>
         <div n="2" xml:lang="de"><!-- regest_de -->
            <p>1. Empfing das Schreiben vom 5. d. Ungünstige Nachrichten. 2. Gefährliche Unternehmungen des Papstes und Venedigs gegen Mailand. Anleiheversuche F’s, um nach Italien Hilfe zu bringen.</p>
         </div>
         <div n="3" xml:lang="en"><!-- regest_en -->
            <p>1. Has received the letter dated July 5. Unpleasant news. 2. The Pope's and Venice's dangerous undertaking against Milan. F's attempts to borrow money in order to assist Italy.</p>
         </div>
         <div n="4"><!-- archive_desc -->
            <p>Brüssel, Arch. gén. Papiers de l'État et de l’Aud., vol. 93, Bl. 25. Original. Rückwärts Adresse: <hi rendition="#i">A m</hi>
               <hi rendition="#i #sup">me</hi>
               <hi rendition="#i">, ma bonne tante, m</hi>
               <hi rendition="#i #sup">me</hi>
               <hi rendition="#i"> l'archiducesse d’Austrice, ducesse et confesse de Bourgoingne, regente et gouvernante etc. </hi>
            </p>
            <p>Druck: Familienkorrespondenz Bd. 1, Nr. 212, S. 402-404.</p>
         </div>
         <div type="letter" n="5"><!-- transcription -->
            <p>M<hi rendition="#sup">me</hi>, ma bonne tante, humblement et de bon cueur à vostre bonne grace me recommande. M<hi rendition="#sup">me</hi>, j’ai receu vostre lettre du 5<hi rendition="#sup">e</hi> de ce mois. Et combien que le contenu en icelle ne me seroit estre esioyssement, toutesfois si vous mercie je bien humblement de la paine qu’il vous plait prendre me ainsi avertir de ce qui vous survient. Et me desplait grandement que les affaires ne prengnent meilleur train, neantmoins il fault remectre le tout en dieu et avec son aide, actendu mesmes que ce n’est par faulte que sa m<hi rendition="#sup">te</hi> ne se mecte en tous deuz et plus que raisonnables devoirs pour garder et entretenir la paix et le bon droit qu’il a à l’encontre de ses ennemis, regarder y faire la meilleur resistence que possible sera et de ce mieulx conduire et y aller de meilleur sorte qu’on a fait du passé.</p>
            <p>Et quant aux affaires <index resp="Abel_Laura">
                  <term xml:id="index_d35e144a1051" key="Italien">d’Ytalie</term>
               </index>, vous avertis qu’ilz sont bien grans et en tres mauvaise disposicion, car l’armée du <persName xml:id="person_d56e641a1050"
                         ref="nognd"
                         resp="Abel_Laura"
                         key="Klemens VII.">pape</persName> et des <index resp="Abel_Laura">
                  <term xml:id="index_d24e283a1051" key="Venedig">Veniciens</term>
               </index> sont à grosse puissance à trois miles de <index resp="Abel_Laura">
                  <term xml:id="index_d27e550a1051" key="Mailand">Milan</term>
               </index> et m’a averti le <persName xml:id="person_d191e100a1050"
                         ref="nognd"
                         resp="Abel_Laura"
                         key="Gorrevod, Laurent de, Gf von Pont de Vaux, Oberhofmeister K’s, Marschall von Burgund">mareschal de Bourgoingne</persName> de ce que verrez par les copies que vous envoie avec cestes. Et tellement sont disposéz lesd. affaires que, si dieu par sa saincte bonté n’y remedie, sont en plus grant dangié que oncques. J’ai puis aucuns jours de tout averti sad. m<hi rendition="#sup">te</hi> pour savoir son vouloir de ce qu’il lui pleust que je fisse, combien qu’ai tousiours fait et fais tout ce qui est en moi, et crains fort que les postes soient detenues et occupées en <index resp="Abel_Laura">
                  <term xml:id="index_d7e168a1051" key="Frankreich">France</term>
               </index>, par quoi n’en puisse avoir bien tost responce, car je l’actens d’heure à autre et n’ai autre regret que ne puis demonstrer l’effect conforme au vouloir, mais, m<hi rendition="#sup">me</hi>, comme assez savez, j’ai eu et ai tant d’affaires et de si grosses despences à cause des alteracions et discordes, regnans en ces <index resp="Abel_Laura">
                  <term xml:id="index_d4e185a1051" key="Deutschland">Allemangnes</term>
               </index>, et aussi que tousiours à la requeste des capitaines de sad. m<hi rendition="#sup">te</hi> en Ytalie ai entretenu aux confins de l’Ytalie 4000 pietons tellement que de moi mesmes m’est impossible savoir commancer chose de groz extime et dont je puisse acquerir honneur [ni]<hi rendition="#sup">a</hi>) faire chose qui valist, combien que j’ai fait entendre et besongner avec les marchans de pardeça pour pouoir recouvrer une bonne somme d’argent, avec laquelle j’eusse peu dresser armée souffisante pour en personne pouoir emprendre et faire quelque bonne chose, mais quelque persuacion qu’on leur ait fait et asseurance de leurs deniers que leur ai sceu faire presenté, n’ai riens peu obtenir d’eulx et en effect les treuve si rebours et difficilles que n’ai espoir de riens savoir besongner avec eulx. Parquoi, m<hi rendition="#sup">me</hi>, et vous en supplie tres humblement, actendu que l’honneur et reputacion de sad. m<hi rendition="#sup">te</hi> gist aux affaires dessusd., qu’il vous plaise tant faire avec les marchans depardela ou autrement que de pouoir finer jusques à deux cens mil florins ou plus, si possible est, et si mieulx n’en pouies faire, j’en ferai et baillerai moi mesmes telle seurté que besoing sera et j’espere avec l’aide de dieu de avec cella faire en personne tel service à sad. m<hi rendition="#sup">te</hi> qu’on s’en percevra à tout, le moings il ne restera à faulte de pousser avant et dont vous supplie de vostre bonne et briefve responce, car, puisque les choses vont de si mauvaise sorte, il est temps de besongner ou jamais. Et sur ce, m<hi rendition="#sup">me</hi>, ma bonne tante, je prie à nostre seigneur qui vous doint bonne vie et longue.</p>
            <p>De <placeName xml:id="place_d71e257a1050"
                          ref="nognd"
                          resp="Abel_Laura"
                          key="Speyer">Spier</placeName>, ce 16<hi rendition="#sup">e</hi> de juillet a<hi rendition="#sup">o</hi> 26.</p>
            <p>Vostre<hi rendition="#sup">b</hi>) bon et humble nepveu Ferdinandus.</p>
         </div>
         <div n="6"><!-- commentary -->
            <p>a) Lücke. - b) von <hi rendition="#i">vostre</hi> an eigenhändig</p>
            <p>Ein Brief Mg’s vom 5. Juli wurde nicht vorgefunden, doch dürfte es sich wahrscheinlich um Nr. A207 vom 4. Juli handeln.</p>
            <p>Die verbündeten päpstlich-venezianischen Truppen gewannen am 24. Juni <placeName xml:id="place_d109e275a1050"
                          ref="nognd"
                          resp="Abel_Laura"
                          key="Lodi">Lodi</placeName> und näherten sich unter der Führung des <persName xml:id="person_d219e203a1050"
                         ref="nognd"
                         resp="Abel_Laura"
                         key="Francesco Maria I. della Rovere, Herzog von Urbino">Hgs von Urbino </persName>Mailand, vgl. Nr. A214. Pastor 4, 2, S. 221. — Schon Ende Juni berichtet <persName xml:id="person_d109e207a1050"
                         ref="nognd"
                         resp="Abel_Laura"
                         key="Contarini, Carlo">Carlo Contarini</persName>, daß F auf die Weisungen K’s harre und die Ankunft des Postmeisters aus <index resp="Abel_Laura">
                  <term xml:id="index_d11e144a1051" key="Spanien">Spanien </term>
               </index>Mitte Juli erwarte. Sanuto 42, 173. Über die Rüstungen F’s in <index resp="Abel_Laura">
                  <term xml:id="index_d27e142a1051" key="Tirol">Tirol</term>
               </index> gegen Italien ebenda 14, 15, 17, 20 f. usw.</p>
         </div>
      </body>
   </text>
</TEI>
