<?xml version="1.0" encoding="UTF-8"?>
<TEI xmlns="http://www.tei-c.org/ns/1.0">
   <teiHeader>
      <fileDesc>
         <titleStmt>
            <title type="main">A214.</title>
            <title type="sub">Ferdinand an Margareta, 1526 Juli 19, Speier.</title>
            <author>
               <persName ref="nognd">Ferdinand</persName>
            </author>
         </titleStmt>
         <editionStmt>
            <edition>Vollständige digitalisierte Ausgabe</edition>
         </editionStmt>
         <publicationStmt>
            <publisher xml:id="nnnn">
               <orgName role="hostingInstitution">Universität Salzburg</orgName>
               <orgName role="project">Edition der Familienkorrespondenz Ferdinands I.</orgName>
               <address>
                  <addrLine>Paris Lodron Universität Salzburg PLUS</addrLine>
                  <addrLine>Kapitelgasse 4</addrLine>
                  <addrLine>A-5020 Salzburg - Österreich</addrLine>
               </address>
            </publisher>
            <pubPlace>Salzburg</pubPlace>
            <date type="publication">2015-07-09</date>
            <availability>
               <licence target="https://creativecommons.org/licenses/by/3.0/">
                  <p>Creative Commons BY 3.0</p>
               </licence>
            </availability>
            <idno type="DOI">nnnn</idno>
         </publicationStmt>
         <sourceDesc>
            <bibl type="MS">Die Korrespondenz Ferdinands I. Familienkorrespondenz bis 1526</bibl>
            <biblFull>
               <titleStmt>
                  <title type="main">Die Korrespondenz Ferdinands I. Familienkorrespondenz bis 1526</title>
               </titleStmt>
               <publicationStmt>
                  <publisher>
                     <name>Holzhausen</name>
                  </publisher>
                  <publisher>
                     <name>Kommission für Neuere Geschichte Österreichs</name>
                  </publisher>
                  <pubPlace>Wien</pubPlace>
                  <date type="publication">1912</date>
               </publicationStmt>
            </biblFull>
         </sourceDesc>
      </fileDesc>
      <profileDesc>
         <correspDesc>
            <correspAction type="sent">
               <persName ref="nognd">Ferdinand</persName>
               <placeName ref="nognd">Speier</placeName>
               <date>1526 Juli 19</date>
            </correspAction>
            <correspAction type="received">
               <persName ref="nognd">Margareta</persName>
            </correspAction>
         </correspDesc>
      </profileDesc>
      <encodingDesc>
         <appInfo>
            <application ident="TEI_fromDOCX" version="2.15.0">
               <label>DOCX to TEI</label>
            </application>
         </appInfo>
      </encodingDesc>
      <revisionDesc>
         <listChange>
            <change>
               <date>2022-11-12T10:12:30Z</date>
               <name ref="nognd">Pitzer Doris</name>
            </change>
         </listChange>
      </revisionDesc>
   </teiHeader>
   <text>
      <body>
         <div n="1"><!-- letter_header -->
            <p>
               <hi rendition="#b">A214.</hi>
            </p>
            <table rend="rules">
               <row>
                  <cell>
                     <hi rendition="#i">Ferdinand an Margareta.</hi>
                  </cell>
                  <cell>
                     <hi rendition="#i">1526 Juli 19. Speier.</hi>
                  </cell>
               </row>
            </table>
         </div>
         <div n="2" xml:lang="de"><!-- regest_de -->
            <p>Niederlage der Venezianer vor Mailand.</p>
         </div>
         <div n="3" xml:lang="en"><!-- regest_en -->
            <p>The Venetians' defeat at Milan.</p>
         </div>
         <div n="4"><!-- archive_desc -->
            <p>Brüssel, Arch. gén. Papiers de l’État et de l’Aud. vol. 93, Bl. 31. Original. Vermerkt <hi rendition="#i">Cito, citissime</hi>. Rückwärts Adresse: <hi rendition="#i">A m</hi>
               <hi rendition="#i #sup">me</hi>
               <hi rendition="#i">, ma bonne tante, m</hi>
               <hi rendition="#i #sup">me</hi>
               <hi rendition="#i"> l’archiducesse d’Austrice, ducesse et contesse de Bourgoingne, regente et gouvernante etc. </hi>Ebenda Bibliothèque Royale de Belgique cod. 14834, Bl. 13, ziemlich gleichzeitige Kopie.</p>
            <p>Druck: Familienkorrespondenz Bd. 1, Nr. 214, S. 404-405.</p>
         </div>
         <div type="letter" n="5"><!-- transcription -->
            <p>M<hi rendition="#sup">me</hi>, ma bonne tante, humblement et de bon cueur à vostre bonne grace me recommande. M<hi rendition="#sup">me</hi>, depuis mes dernieres lettres me sont presentement venues les nouvelles que je tiens pour certaines de la deffecte par noz gens des Veniciens et prinse du chasteau de <index resp="Abel_Laura">
                  <term xml:id="index_d27e550a1051" key="Mailand">Milan</term>
               </index>, ainsi que s’ensuit, assavoir que le samedi, 7<hi rendition="#sup">e</hi> de ce present mois, lesd. <index resp="Abel_Laura">
                  <term xml:id="index_d24e283a1051" key="Venedig">Veniciens</term>
               </index>, ayans deliberé entrer oud. chasteau et icellui rainctailler pour cause de l’arrivée de <persName xml:id="person_d54e97a1050"
                         ref="nognd"
                         resp="Abel_Laura"
                         key="Bourbon">mons<hi rendition="#sup">r</hi> de Bourbon</persName> qui ce mesme soir devoit entrer en la ville, noz gens, ce saichans, firent à l’endroit de la porte, par où ilz devoient entrer, une trainée et iceulx, de ce avertis, conclurent d’entrer par une autre porte, et incontinant après que nosd. gens sceurent, que lesd. Veniciens savoient de lad. trainée et affin que mons<hi rendition="#sup">r</hi> de Bourbon n’eust empeschement d’entrer en lad. ville, se partirent hors d’icelle et leur donnerent telle alarme que 5000 hommes de guerre et 3000 pionniers y demeurerent. En laquelle deffecte furent prinses 15 ou 16 pieces d’artillerie et beacop de gens d’estoffe, par lesquelz nosd. gens furent avertis du signe que lesd. Veniciens avoient avec ceulx dud. chasteau pour y entrer, par le moyen de quoi a esté prins led. chasteau dont, saichant le plaisir qu’en recevries, n’ai voulu laisser vous en incontinant avertir. Et quant au duc, je ne sçai encoires, s’il s’est saulve ou non ou s’il est entré ou roch dud. chasteau, ce que toutesfois tiens que n’aura peu faire à cause du grant bruit que y estoit. J’espere brief en avoir plus amples nouvelles dont et de tout ce qui me surviendra vous avertirai incontinant, vous suppliant me faire le semblable. Et sur ce prie nostre seigneur qui, m<hi rendition="#sup">me</hi>, ma bonne tante, vous doint bonne vie et longue.</p>
            <p>De <placeName xml:id="place_d71e257a1050"
                          ref="nognd"
                          resp="Abel_Laura"
                          key="Speyer">Spier</placeName>, ce 19<hi rendition="#sup">e</hi> de juillet a<hi rendition="#sup">o</hi> 26.</p>
            <p>Vostre<hi rendition="#sup">a</hi>) bon et humble nepveu Ferdinandus.</p>
         </div>
         <div n="6"><!-- commentary -->
            <p>a) von <hi rendition="#i">vostre</hi> an eigenhändig.</p>
            <p>Über die Vorgänge vom 7. Juli vor Mailand im päpstlich-venezianischen Lager geben auch die Berichte <persName xml:id="person_d221e167a1050"
                         ref="nognd"
                         resp="Christopher_F._Laferl"
                         key="Guicciardini, Francesco">Francesco Guicciardinis </persName>an Giberti Aufschluß. Archivio Storico Lombardo 1896, S. 276ff. Sanuto 42, 89ff.</p>
         </div>
      </body>
   </text>
</TEI>
