<?xml version="1.0" encoding="UTF-8"?>
<TEI xmlns="http://www.tei-c.org/ns/1.0">
   <teiHeader>
      <fileDesc>
         <titleStmt>
            <title type="main">A218.</title>
            <title type="sub">Karl an Ferdinand, 1526 Juli 28, Granada.</title>
            <author>
               <persName ref="nognd">Karl</persName>
            </author>
         </titleStmt>
         <editionStmt>
            <edition>Vollständige digitalisierte Ausgabe</edition>
         </editionStmt>
         <publicationStmt>
            <publisher xml:id="nnnn">
               <orgName role="hostingInstitution">Universität Salzburg</orgName>
               <orgName role="project">Edition der Familienkorrespondenz Ferdinands I.</orgName>
               <address>
                  <addrLine>Paris Lodron Universität Salzburg PLUS</addrLine>
                  <addrLine>Kapitelgasse 4</addrLine>
                  <addrLine>A-5020 Salzburg - Österreich</addrLine>
               </address>
            </publisher>
            <pubPlace>Salzburg</pubPlace>
            <date type="publication">2015-07-09</date>
            <availability>
               <licence target="https://creativecommons.org/licenses/by/3.0/">
                  <p>Creative Commons BY 3.0</p>
               </licence>
            </availability>
            <idno type="DOI">nnnn</idno>
         </publicationStmt>
         <sourceDesc>
            <bibl type="MS">Die Korrespondenz Ferdinands I. Familienkorrespondenz bis 1526</bibl>
            <biblFull>
               <titleStmt>
                  <title type="main">Die Korrespondenz Ferdinands I. Familienkorrespondenz bis 1526</title>
               </titleStmt>
               <publicationStmt>
                  <publisher>
                     <name>Holzhausen</name>
                  </publisher>
                  <publisher>
                     <name>Kommission für Neuere Geschichte Österreichs</name>
                  </publisher>
                  <pubPlace>Wien</pubPlace>
                  <date type="publication">1912</date>
               </publicationStmt>
            </biblFull>
         </sourceDesc>
      </fileDesc>
      <profileDesc>
         <correspDesc>
            <correspAction type="sent">
               <persName ref="nognd">Karl</persName>
               <placeName ref="nognd">Granada</placeName>
               <date>1526 Juli 28</date>
            </correspAction>
            <correspAction type="received">
               <persName ref="nognd">Ferdinand</persName>
            </correspAction>
         </correspDesc>
      </profileDesc>
      <encodingDesc>
         <appInfo>
            <application ident="TEI_fromDOCX" version="2.15.0">
               <label>DOCX to TEI</label>
            </application>
         </appInfo>
      </encodingDesc>
      <revisionDesc>
         <listChange>
            <change>
               <date>2022-11-12T10:12:55Z</date>
               <name ref="nognd">Pitzer Doris</name>
            </change>
         </listChange>
      </revisionDesc>
   </teiHeader>
   <text>
      <body>
         <div n="1"><!-- letter_header -->
            <p>
               <hi rendition="#b">A218.</hi>
            </p>
            <table rend="rules">
               <row>
                  <cell>
                     <hi rendition="#i">Karl an Ferdinand.</hi>
                  </cell>
                  <cell>
                     <hi rendition="#i">1526 Juli 28. Granada.</hi>
                  </cell>
               </row>
            </table>
         </div>
         <div n="2" xml:lang="de"><!-- regest_de -->
            <p>Sandte den Prinzen von Oranien zur Besitznahme des Hgtums Burgund. Schrieb an ihn von F’s Absicht betreffs der Fahrt nach Italien und daß es gut wäre, wenn er zu F ginge. Empfiehlt ihn F.</p>
         </div>
         <div n="3" xml:lang="en"><!-- regest_en -->
            <p>Has sent to Prince of Orange to occupy the Duchy of Burgundy. Has informed him of F's plans to travel to Italy and told him it would be good if he joined F. Commends him to F.</p>
         </div>
         <div n="4"><!-- archive_desc -->
            <p>(W) Wien. St.-A. Belgica PA 5. Konzept. — Grundlage für den folgenden Abdruck.</p>
            <p>(W<hi rendition="#sup">1</hi>) Ebenda. Hs. B 595 I, Bl. 24—25. Kopie.</p>
            <p>Druck: Familienkorrespondenz Bd. 1, Nr. 218, S. 425-426.</p>
         </div>
         <div type="letter" n="5"><!-- transcription -->
            <p>Mon bon frere, par le courrier que presentement je vous ai depesché entendrez ma responce sur ce que m’aviez escript touchant vostre passaige en <index resp="Abel_Laura">
                  <term xml:id="index_d35e144a1051" key="Italien">Ytalie</term>
               </index>. Je ne fais doubte que bien sçavez, comme j’avoie envoyé mon cousin lieutenant, gouverneur et cappitaine general de <index resp="Abel_Laura">
                  <term xml:id="index_d68e407a1051" key="Burgund">Bourgoingne</term>
               </index>, le <persName xml:id="person_d91e242a1050"
                         ref="nognd"
                         resp="Abel_Laura"
                         key="Oranien, Philibert de Chalon, Prinz von">prince d’Oranges</persName>, pour la prinse de possession du duché. Vous voyez maintenant, en quel estat sont les affaires, et ne sçai encoires quelle fin ilz prandront. Et pour ce que mond. cousin est genthil prince, lequel j’aime et extime, j’eusse bien desiré qu’il eust peu estre devers moi de retour, mais le passaige n’est bien seheur. A ceste cause ne pourroit il venir sans grande dangier et ce ne lui peult estre sinon grande facherie d’estre en sa maison sans d’illeques me pouoir faire le service qu’il a bon cueur et desir de me faire, à quoi il m’a requis d’avoir regard et lui mander mon bon plesir de ce qu’il devra faire pour mond. service. Je lui ai escript que vous advertiroie de ce que dessus, combien que ne sçavoie encoires asseurement, si vous passeriez oultre en vostred. voyage d’Ytalie ni si ce seroit bien tost, veu qu’il fault que cela se conduise selon la disposition du temps et des affaires qui occorront, quoi pendent ferez voz apprestz et approcherez la frontiere, comme vous ai au long escript par led. courrier, et qu’estoie bien seheur que, quant led. prince d’Oranges seroit devers vous, il y seroit aussi bien venu et voluntiers, veu que s’il estoit ici auprès de moi. Je vous prie, mon bon frere, que, si mond. cousin le prince vous veult aller trouver, soit pour vostred. passaige ou aultrement que lui faictes tout et si tres bon traictement que sa personne, ses services et le bon vouloir que je lui porte le meritent et ayez regard que pour vostred. voyaige d’Ytalie il vous pourra fourni bon nombre de tres bons hommes d’armes qui sont noz bons et leaulx subgetz, desquelx vous trouverez bien et grandement servi et de vraie affection sans vous faire faulte, et y sera mieulx employé nostre argent que en estrangiers, vous advertissant, mon bon frere, que me ferez singullier plesir d’avoir tellement pour recommandé mond. cousin, le prince d’Oranges, especiallement en cestui vostre voyaige d’Ytalie, qu’il congnoisse que d’avantage du bon vouloir que je lui pourte vous n’avez moindre amour envers lui que moi-mesmes et vous asseure que à mon endroit le bien que je lui veulx est tel qu’il ne pourroit estre meilleur et aurai fort agreable d’en oir bonnes nouvelles, comme je les espere. A tant, mon bon frere, etc.</p>
            <p>De<hi rendition="#sup">a</hi>) <placeName xml:id="place_d223e650a1050"
                          ref="nognd"
                          resp="Abel_Laura"
                          key="Granada">Granada</placeName>, le 28<hi rendition="#sup">e</hi> jour de juillet 1526.</p>
         </div>
         <div n="6"><!-- commentary -->
            <p>a) Das Datum fehlt in W.</p>
            <p>Auf die Bitte Philiberts von Oranien, der Kaiser möge ihm auftragen, was er zu tun habe, antwortete K, wenn er wolle, möge er zu F gehen. Villa, S. 330.</p>
         </div>
      </body>
   </text>
</TEI>
