<?xml version="1.0" encoding="UTF-8"?>
<TEI xmlns="http://www.tei-c.org/ns/1.0">
   <teiHeader>
      <fileDesc>
         <titleStmt>
            <title type="main">A220.</title>
            <title type="sub">Margareta an Ferdinand, 1526 August 7, Mecheln.</title>
            <author>
               <persName ref="nognd">Margareta</persName>
            </author>
         </titleStmt>
         <editionStmt>
            <edition>Vollständige digitalisierte Ausgabe</edition>
         </editionStmt>
         <publicationStmt>
            <publisher xml:id="nnnn">
               <orgName role="hostingInstitution">Universität Salzburg</orgName>
               <orgName role="project">Edition der Familienkorrespondenz Ferdinands I.</orgName>
               <address>
                  <addrLine>Paris Lodron Universität Salzburg PLUS</addrLine>
                  <addrLine>Kapitelgasse 4</addrLine>
                  <addrLine>A-5020 Salzburg - Österreich</addrLine>
               </address>
            </publisher>
            <pubPlace>Salzburg</pubPlace>
            <date type="publication">2015-07-09</date>
            <availability>
               <licence target="https://creativecommons.org/licenses/by/3.0/">
                  <p>Creative Commons BY 3.0</p>
               </licence>
            </availability>
            <idno type="DOI">nnnn</idno>
         </publicationStmt>
         <sourceDesc>
            <bibl type="MS">Die Korrespondenz Ferdinands I. Familienkorrespondenz bis 1526</bibl>
            <biblFull>
               <titleStmt>
                  <title type="main">Die Korrespondenz Ferdinands I. Familienkorrespondenz bis 1526</title>
               </titleStmt>
               <publicationStmt>
                  <publisher>
                     <name>Holzhausen</name>
                  </publisher>
                  <publisher>
                     <name>Kommission für Neuere Geschichte Österreichs</name>
                  </publisher>
                  <pubPlace>Wien</pubPlace>
                  <date type="publication">1912</date>
               </publicationStmt>
            </biblFull>
         </sourceDesc>
      </fileDesc>
      <profileDesc>
         <correspDesc>
            <correspAction type="sent">
               <persName ref="nognd">Margareta</persName>
               <placeName ref="nognd">Mecheln</placeName>
               <date>1526 August 7</date>
            </correspAction>
            <correspAction type="received">
               <persName ref="nognd">Ferdinand</persName>
            </correspAction>
         </correspDesc>
      </profileDesc>
      <encodingDesc>
         <appInfo>
            <application ident="TEI_fromDOCX" version="2.15.0">
               <label>DOCX to TEI</label>
            </application>
         </appInfo>
      </encodingDesc>
      <revisionDesc>
         <listChange>
            <change>
               <date>2022-11-12T10:13:06Z</date>
               <name ref="nognd">Pitzer Doris</name>
            </change>
         </listChange>
      </revisionDesc>
   </teiHeader>
   <text>
      <body>
         <div n="1"><!-- letter_header -->
            <p>
               <hi rendition="#b">A220.</hi>
            </p>
            <table rend="rules">
               <row>
                  <cell>
                     <hi rendition="#i">Margareta an Ferdinand.</hi>
                  </cell>
                  <cell>
                     <hi rendition="#i">1526 August 7. Mecheln.</hi>
                  </cell>
               </row>
            </table>
         </div>
         <div n="2" xml:lang="de"><!-- regest_de -->
            <p>1. Empfing F’s Schreiben vom 20. Mai. Prozeß des Jehan van Kasselt. 2. Keine sicheren Nachrichten aus Italien. 3. Absendung eines Kuriers an den kaiserlichen Gesandten in Frankreich. 4. Inigo de Mendoza. 5. Prozeß der Stadt Utrecht. 6. [Nachschrift.] Utrecht. Empfing F’s Brief vom 16. Juli.</p>
         </div>
         <div n="3" xml:lang="en"><!-- regest_en -->
            <p>1. Has received F's letter dated May 20. Jehan van Kasselt's trial. 2. No reliable news from Italy. 3. A courier has been dispatched to the imperial envoy in France. 4. Inigo de Mendoza. 5. Trial of the city of Utrecht. 6. [Postscript.] Utrecht. Has received F's letter dated July 16.</p>
         </div>
         <div n="4"><!-- archive_desc -->
            <p>Brüssel. Arch. gén. Papiers de lʼÉtat et de l’Aud. Vol. 93, Bl. 39—43. Teilweise kaum entzifferbares Konzept. Vermerkt: <hi rendition="#i">A mons</hi>
               <hi rendition="#i #sup">r</hi>
               <hi rendition="#i"> l’archiduc du 7</hi>
               <hi rendition="#i #sup">me</hi>
               <hi rendition="#i"> d’aoust, l’an 26.</hi> Von anderer Hand: <hi rendition="#i">Sur le fait de Jehan van Kesselt, sur la rompture des Veneciens et de l’appellation d’Utrecht aussi de leur ...</hi>
            </p>
            <p>Druck: Familienkorrespondenz Bd. 1, Nr. 220, S. 426-429.</p>
         </div>
         <div type="letter" n="5"><!-- transcription -->
            <p>Mons<hi rendition="#sup">r</hi>, mon bon nepveu, puisque m’avez escript par lettres du 20<hi rendition="#sup">me</hi> de mai que eussiez dressé en la <index resp="Abel_Laura">
                  <term xml:id="index_d32e267a1051" key="HRR, Reichskammergericht">chambre imperialle</term>
               </index> prorogation des<hi rendition="#sup">a</hi>) cincq sepmains du jour acordé, pendant lequel <persName xml:id="person_d198e134a1050"
                         ref="nognd"
                         resp="Abel_Laura"
                         key="Kasselt, Jehan">Jehan van Kesselt</persName> se devroit declairer et acorder à sa partie,<hi rendition="#sup">b</hi>) combien que la chambre ne soit fondé<hi rendition="#sup">c</hi>) donner à l’occasion<hi rendition="#sup">c</hi>) de la presence dud. van Kesselt, procedant contre lesd. de <placeName xml:id="place_d171e137a1050"
                          ref="nognd"
                          resp="Abel_Laura"
                          key="Maastricht">Mastricht</placeName> ne autres, actendu le privilege des <persName xml:id="person_d227e140a1050"
                         ref="nognd"
                         resp="Abel_Laura"
                         key="Lothringen, Herzöge von">ducz<hi rendition="#sup">c</hi>) de Lotrech</persName>
               <hi rendition="#sup">c</hi>) et de reelles seigneuries <placeName xml:id="place_d227e149a1050"
                          ref="nognd"
                          resp="Abel_Laura"
                          key="Outremeuse (Liège)">d’Oultremeuze</placeName> et de leur vassaulx et subgectz esd. pays, jusques oires paisiblemant observées.<hi rendition="#sup">c</hi>) Et neantmoins pour eviter toutes requestes j’ai<hi rendition="#sup">d</hi>) dressée que led. van Kesselt apellant<hi rendition="#sup">c</hi>) et sa partie<hi rendition="#sup">e</hi>) - - - se sont anulz par submission<hi rendition="#sup">f</hi>) et que led. van Kesselt delivre de prison et sa partie escript que leur franck-arbitre ont renoncié à leurs procedures en lad. chambre imperiale et renvoyer leurs procureurs, comme pourrez veoir par leurs lettres à lesd. procureurs, lesquelles je vous anvoie avec cestes,<hi rendition="#sup">g</hi>) et vous prie pour honneur de l’empereur les faire envoyer ausd. procureurs. Et si la chambre voulsist dire que desd. renonciations<hi rendition="#sup">h</hi>) ou revocacions, comme faire appartient par actes et instructions de notaires faméz et cogneuz ou par lettres patentes soubz quelque scel autentique, en ce caz vous prie faire actendre ausd. parties six sepmaines ou deux mois du jour pour i- - -<hi rendition="#sup">i</hi>) led. temps passer plus au plus r- - -,<hi rendition="#sup">i</hi>) prendant<hi rendition="#sup">c</hi>) notaires<hi rendition="#sup">c</hi>) ou quelque cort de justice à quoi n’aura faulte. Et si la chambre ne voulsist consentir aud. temps de six sepmaines, deux mois ou autres termes raisonnables, en ce caz et autrement<hi rendition="#sup">c</hi>) n’en y pourrez faire exhiber la copie autentique, soubsignée de l’audiencier, à passer en la chancellerie de l’empereur de l- - -<hi rendition="#sup">i</hi>) desd. parties de leur [- - -]<hi rendition="#sup">j</hi>) des lettres patentes à leur p- - -<hi rendition="#sup">i</hi>) de la r- - -<hi rendition="#sup">i</hi>) de leur p- - -<hi rendition="#sup">i</hi>) en lad. chambre imperialle et de la livrance dud. van Kesselt, et vous prie, mons<hi rendition="#sup">r</hi>, faire faire lad. diligence avec<hi rendition="#sup">c</hi>) l’appoinctement<hi rendition="#sup">c</hi>) desd. sepmaines que sera, comme je le tiens, environ le 14<hi rendition="#sup">e</hi> de ce prochain, et m’adviserez de ce que fait en avez.</p>
            <p>Mons<hi rendition="#sup">r</hi>, puis voz dernieres lettres j’ai en desiré nouvelles de la rupture des <index resp="Abel_Laura">
                  <term xml:id="index_d24e283a1051" key="Venedig">Veniciens</term>
               </index> dont m’escripvez, mais jusques ores je n’ai eu certeneté de la prinse du chastel ne du <persName xml:id="person_d27e555a1050"
                         ref="nognd"
                         resp="Abel_Laura"
                         key="Francesco II.">Moro</persName>, bien que le jourd’hui le maistre des postes eust lettre d’ung sien commis en <placeName xml:id="place_d35e255a1050"
                          ref="nognd"
                          resp="Abel_Laura"
                          key="Trient">Trente</placeName> que le chastel et led. Moro fussent es mains de nostre cousin, <persName xml:id="person_d54e97a1050"
                         ref="nognd"
                         resp="Abel_Laura"
                         key="Bourbon">mons<hi rendition="#sup">r</hi> de Bourbon</persName>, et que 3000 <index resp="Abel_Laura">
                  <term xml:id="index_d29e142a1051" key="Deutsche">Allemans</term>
               </index>, retenuz par le <persName xml:id="person_d56e641a1050"
                         ref="nognd"
                         resp="Abel_Laura"
                         key="Klemens VII.">pape</persName>, s’en feussent renduz aud. de Bourbon. Je vous prie m’avertir de ce que en avez entendu, en quoi je m’assurereai, et si messire <persName xml:id="person_d39e101a1050"
                         ref="nognd"
                         resp="Abel_Laura"
                         key="Frundsberg, Georg von">Jeorge de Vrangperg</persName> est tiré, compaignié de gens à pie, est alé vers led. de Bourbon. <index resp="Abel_Laura">
                  <term xml:id="index_d7e168a1051" key="Frankreich">Les François</term>
               </index> que au paravant la nouvelle de la deffaite des Veniciens et Papalistes s’estoient assailliz à leur frontiere vers ces pays, lad. rompture entendue, se sont retournéz, ne sçai, comme aucuns le dient, s’ilz eussent eu meilleures nouvelles, s’ilz eussent emprins sur cesd. pays.</p>
            <p>Puis mes dernieres lettres je n’ai riens oi de l’empereur. Ung courier, lequel j’ai envoyé vers nostre ambassadeur en <index resp="Abel_Laura">
                  <term xml:id="index_d7e168a1051" key="Frankreich">France</term>
               </index>, est passé vers mond. s<hi rendition="#sup">r</hi> que me fait esperer qu’il me rapportera certenité de son estat et de sa intention dont en ce caz je vous adviserai.</p>
            <p>Le <persName xml:id="person_d24e327a1050"
                         ref="nognd"
                         resp="Abel_Laura"
                         key="Franz I.">roi de France</persName> ait consenti à don <persName xml:id="person_d222e188a1050"
                         ref="nognd"
                         resp="Abel_Laura"
                         key="Mendoza, Iñigo de, K’s Botschafter in England">Inigo de Mendoça</persName> passer en Angleterre. J’ai sceu que les gens de guerre de la frontiere de pardeça, ayant entendu que led. don Inigo prendra son chemin pour passer par moi, l’ont arresté et remené vers le roi dont j’ai fait adviser le <persName xml:id="person_d38e129a1050"
                         ref="nognd"
                         resp="Abel_Laura"
                         key="Heinrich VIII.">roi d’Angleterre</persName>.</p>
            <p>Mons<hi rendition="#sup">r</hi>, je vous tiens averti que <placeName xml:id="place_d227e279a1050"
                          ref="nognd"
                          resp="Abel_Laura"
                          key="Utrecht">ceulx d’Utrecht</placeName>, ayant appellé à la <index resp="Abel_Laura">
                  <term xml:id="index_d32e267a1051" key="HRR, Reichskammergericht">chambre imperialle</term>
               </index> d’une pension<hi rendition="#sup">k</hi>) à la justice expediée au conseil de l’empereur au reboutement desd. d’Utrecht. Lesquelz sur<hi rendition="#sup">l</hi>) - - -, comme aures [- - -]<hi rendition="#sup">m</hi>) faire festoyer certaines t- - -,<hi rendition="#sup">l</hi>) en l- - -<hi rendition="#sup">l</hi>) ne tienent [- - -]<hi rendition="#sup">m</hi>) et territoire de <placeName xml:id="place_d227e305a1050"
                          ref="nognd"
                          resp="Abel_Laura"
                          key="Holland">Hollande</placeName> et les environs<hi rendition="#sup">k</hi>) aud. Utrecht ou l- - -<hi rendition="#sup">l</hi>) et comme le feustil de lad. chambre imperialle ait obtenu et fait executer certaines inhibitions et à la p- - -<hi rendition="#sup">l</hi>) du <persName xml:id="person_d44e234a1050"
                         ref="nognd"
                         resp="Abel_Laura"
                         key="Hoogstraten, Anton von Lalaing, Graf von">conte de Hoochstrate</persName> lieutenant que au p- - -<hi rendition="#sup">l</hi>) de l’empereur oud. pays de Hollande. Et combien que par raison j’eusse pour faire constituer l’aperture presente et le chastier, toutesvoies pour honneur de l’empereur et de vous, son lieutenant, preposant<hi rendition="#sup">k</hi>) je lui postpose. Mais je vous prie que dressez que lui ne use plus de semblables pressions<hi rendition="#sup">k</hi>)<hi rendition="#sup">n</hi>) en lad. chambre contre les subgectz et pays depardeça qui sont exemptz et sont en caz de destruction de justice. Autrement<hi rendition="#sup">k</hi>) pour la conservation des privileges desd. pays je ne pourroie plus dissimuler d’y remedier que j’ai envie<hi rendition="#sup">k</hi>) mieulx eviter.<hi rendition="#sup">k</hi>) Nouvellement et puis briefs jours m’ont iceulx de la cité et du buz s- - -<hi rendition="#sup">l</hi>) d’Utrecht, continuans en leur mauvais propoz, usans de voulenté j- - -<hi rendition="#sup">o</hi>) et à mon armée<hi rendition="#sup">p</hi>) se sont temerairement avancéz de entrer en Hollande et sur certes fors dud. pays, notamment apartenant à l’empereur, et dont n’est [- - -]<hi rendition="#sup">p</hi>) se sont romper une digue à ce meinent, de laquelle ilz ont invadé un quartier de pays et l- - -<hi rendition="#sup">p</hi>) plus que de 50000 florins au grand desestime vont à mesprisement, contempnation de l’empereur. A cause de quoi pour la conservation de la haulteur et honneur de mond. s<hi rendition="#sup">r</hi> et pour en lever cités semblables meprises, j’ai par advis de conseil à grande deliberation feit sister et mettre es mains de sa m<hi rendition="#sup">te</hi> tous les biens temporaulx desd. d’Utrecht<hi rendition="#sup">p</hi>) que se trouveront pardeça soubz son obeissance et<hi rendition="#sup">o</hi>) - - - en faire aud. ma- - -<hi rendition="#sup">o</hi>) l- - -<hi rendition="#sup">o</hi>) jusques à ce que lesd. d’Utrecht<hi rendition="#sup">p</hi>) avoient rompu l’empereur et ses subgects chacun en son c- - -<hi rendition="#sup">o</hi>) dont je vous advise a- - -,<hi rendition="#sup">o</hi>) si ceulx d’Utrecht m’en escripront leur tout et que ce seroit à a- - -,<hi rendition="#sup">o</hi>) en feussent doleance. Et vous prie prevoir et pourvoie que la chambre ne s’en megarde ou donne provision à laquelle, s’ilz la deussent, ilz ne tenoient obeissance. Et pouvez ou en dessusd. certiffier à lad. chambre que, si ceulx d’Utrech se veullent mettre à la raison et donner led. provision de justice contre la - - -<hi rendition="#sup">o</hi>) de l’empereur, que l’on leur c- - -<hi rendition="#sup">o</hi>) et leur fera la justice. Atant mons<hi rendition="#sup">r</hi> etc.</p>
            <p>De <placeName xml:id="place_d56e294a1050"
                          ref="nognd"
                          resp="Abel_Laura"
                          key="Mechelen/Malines">Malines</placeName>, 7<hi rendition="#sup">e</hi> jour aoust a<hi rendition="#sup">o</hi> 26.</p>
            <p>
               <hi rendition="#i">[Nachschrift.]</hi> 6] Mons<hi rendition="#sup">r</hi>, par homme present que j’envoi bref vers vous je vous ferai plus au plain informer de l’abuze et outroie de <placeName xml:id="place_d227e279a1050"
                          ref="nognd"
                          resp="Abel_Laura"
                          key="Utrecht">ceulx d’Utrecht</placeName> et comme ilz ont fait romptu d’une dile<hi rendition="#sup">p</hi>) que l’empereur avoie ordonné estre fait en <placeName xml:id="place_d227e305a1050"
                          ref="nognd"
                          resp="Abel_Laura"
                          key="Holland">Hollande</placeName> pour la preservation de ses subgectz d’embas, et aussi vous donner responce à ce que par voz lettres du 16<hi rendition="#sup">e</hi> de jullet avez escript de vostre desir et affection et bon vouloir que aviez au secours de l’empereur en <index resp="Abel_Laura">
                  <term xml:id="index_d35e144a1051" key="Italien">Ytalye</term>
               </index> en vostre personne.</p>
         </div>
         <div n="6"><!-- commentary -->
            <p>a) <hi rendition="#i">des — sepmaines</hi> am Rande hinzugefügt. - b) gestrichen <hi rendition="#i">et que lad</hi>. <hi rendition="#i">chambre imperialle procedera contre ceulx de Mastricht et aultres.</hi> - c) Lesung unsicher. - d) gestrichen <hi rendition="#i">fait faire dilligence icelle.</hi> - e) das folgende Wort unleserlich. - f) gestrichen <hi rendition="#i">et ai fait delivrer le Jehan van Kesselt.</hi> - g) gestrichen <hi rendition="#i">et la copie des autentique des lettres patentes passées en la chancellerie de vostred.</hi> - h) gestrichen <hi rendition="#i">ne souffissent.</hi> - i) unleserliches Wort. - j) Lücke.</p>
            <p>Gemeint ist Nr. A198.</p>
            <p>Die Übergabe des Kastells von Mailand an Bourbon war bereits am 24. Juli erfolgt. Die Vertragsbedingungen finden sich bei Gayangos 3<hi rendition="#sup">1</hi>, S. 806 f. Um den 10. August herum kam die Nachricht von der Einnahme der Burg Mailands durch einen Kurier Bourbons nach Granada. Villa, S. 331. </p>
            <p>k) Lesung unsicher. - l) folgt unleserliches Wort. - m) Lücke. - n) gestrichen<hi rendition="#i"> ou executions</hi>. - o) folgt ein unleserliches Wort. - p) Lesung unsicher.</p>
         </div>
      </body>
   </text>
</TEI>
