<?xml version="1.0" encoding="UTF-8"?>
<TEI xmlns="http://www.tei-c.org/ns/1.0">
   <teiHeader>
      <fileDesc>
         <titleStmt>
            <title type="main">A225.</title>
            <title type="sub">Ferdinand an Karl, 1526 August 24, Speier.</title>
            <author>
               <persName ref="nognd">Ferdinand</persName>
            </author>
         </titleStmt>
         <editionStmt>
            <edition>Vollständige digitalisierte Ausgabe</edition>
         </editionStmt>
         <publicationStmt>
            <publisher xml:id="nnnn">
               <orgName role="hostingInstitution">Universität Salzburg</orgName>
               <orgName role="project">Edition der Familienkorrespondenz Ferdinands I.</orgName>
               <address>
                  <addrLine>Paris Lodron Universität Salzburg PLUS</addrLine>
                  <addrLine>Kapitelgasse 4</addrLine>
                  <addrLine>A-5020 Salzburg - Österreich</addrLine>
               </address>
            </publisher>
            <pubPlace>Salzburg</pubPlace>
            <date type="publication">2015-07-09</date>
            <availability>
               <licence target="https://creativecommons.org/licenses/by/3.0/">
                  <p>Creative Commons BY 3.0</p>
               </licence>
            </availability>
            <idno type="DOI">nnnn</idno>
         </publicationStmt>
         <sourceDesc>
            <bibl type="MS">Die Korrespondenz Ferdinands I. Familienkorrespondenz bis 1526</bibl>
            <biblFull>
               <titleStmt>
                  <title type="main">Die Korrespondenz Ferdinands I. Familienkorrespondenz bis 1526</title>
               </titleStmt>
               <publicationStmt>
                  <publisher>
                     <name>Holzhausen</name>
                  </publisher>
                  <publisher>
                     <name>Kommission für Neuere Geschichte Österreichs</name>
                  </publisher>
                  <pubPlace>Wien</pubPlace>
                  <date type="publication">1912</date>
               </publicationStmt>
            </biblFull>
         </sourceDesc>
      </fileDesc>
      <profileDesc>
         <correspDesc>
            <correspAction type="sent">
               <persName ref="nognd">Ferdinand</persName>
               <placeName ref="nognd">Speier</placeName>
               <date>1526 August 24</date>
            </correspAction>
            <correspAction type="received">
               <persName ref="nognd">Karl</persName>
            </correspAction>
         </correspDesc>
      </profileDesc>
      <encodingDesc>
         <appInfo>
            <application ident="TEI_fromDOCX" version="2.15.0">
               <label>DOCX to TEI</label>
            </application>
         </appInfo>
      </encodingDesc>
      <revisionDesc>
         <listChange>
            <change>
               <date>2022-11-12T10:13:36Z</date>
               <name ref="nognd">Pitzer Doris</name>
            </change>
         </listChange>
      </revisionDesc>
   </teiHeader>
   <text>
      <body>
         <div n="1"><!-- letter_header -->
            <p>
               <hi rendition="#b">A225.</hi>
            </p>
            <table rend="rules">
               <row>
                  <cell>
                     <hi rendition="#i">Ferdinand an Karl.</hi>
                  </cell>
                  <cell>
                     <hi rendition="#i">1526 August 24. Speier.</hi>
                  </cell>
               </row>
            </table>
         </div>
         <div n="2" xml:lang="de"><!-- regest_de -->
            <p>Bittet um Vollmacht behufs Erneuerung eines Vertrages mit dem Hg. von Lothringen.</p>
         </div>
         <div n="3" xml:lang="en"><!-- regest_en -->
            <p>Asks for a mandate to renew the treaty with the Duke of Lorraine.</p>
         </div>
         <div n="4"><!-- archive_desc -->
            <p>(W) Wien, St.-A. Belgica PA. 7. Original. Rückwärts Adresse: <hi rendition="#i">A l’empereur mons</hi>
               <hi rendition="#i #sup">r</hi>
               <hi rendition="#i">. </hi>
            </p>
            <p>(W<hi rendition="#sup">1</hi>) Ebenda Hs. B. 597, 1, S. 64—65. Kopie.</p>
            <p>Druck: Familienkorrespondenz Bd. 1, Nr. 221, S. 435-436.</p>
         </div>
         <div type="letter" n="5"><!-- transcription -->
            <p>Mons<hi rendition="#sup">r</hi>,<hi rendition="#sup">a</hi>) je me recommande tres humblement à vostre bonne grace. Mons<hi rendition="#sup">r</hi>, mon bon cousin, <persName xml:id="person_d149e184a1050"
                         ref="nognd"
                         resp="Abel_Laura"
                         key="Anton II., Herzog von Lothringen">le duc de Lorraine</persName>, m’a fait poursui[r] et requerir, vouloir renouveller et continuer certaine intelligence et confederation que <persName xml:id="person_d5e124a1050"
                         ref="nognd"
                         resp="Abel_Laura"
                         key="Maximilian I.">l’empereur</persName>, nostre feu s<hi rendition="#sup">r</hi> et grant-pere, cui dieu absoille, et lui avoient parensemble pour le bien et repoz des pays des deux parties, de laquelle, affin que V<hi rendition="#sup">re</hi> M<hi rendition="#sup">te</hi> saiche plus amplement ce que c’est, vous envoie la copie avec<hi rendition="#sup">b</hi>) cestes, et ai, mons<hi rendition="#sup">r</hi>, fait veoir et visiter par mon conseil privé et semblablement par mes regens et autres conseilliers en mes pays tant <index resp="Abel_Laura">
                  <term xml:id="index_d24e374a1051" key="Elsass">d’Elsatie</term>
               </index> que autres le traicté de lad. intelligence, laquelle l’on a trouvé estre chose assez convenable, licite et duisante pour le bien desd. pays estre renouvellée et continuée, ce que toutesfois n’ai voulu faire sans premierement vous en avertir et savoir, s’il plait à Vostred. M<hi rendition="#sup">te</hi> que ce soit fait en vostre nom ou autrement. Parquoi vous supplie, mons<hi rendition="#sup">r</hi>, me vouloir avertir de ce qu’il vous plaist en soit fait et m’envoyer pouoir souffisant pour passer led. traicté en vostred. nom, affin que j’en face, selon que par Vostred. M<hi rendition="#sup">te</hi> m’en sera ordonner. Et sur ce, mons<hi rendition="#sup">r</hi>, je supplie<hi rendition="#sup">c</hi>) le<hi rendition="#sup">d</hi>) createur qui vous doint bonne vie et longue.</p>
            <p>De <placeName xml:id="place_d71e257a1050"
                          ref="nognd"
                          resp="Abel_Laura"
                          key="Speyer">Spier</placeName>, ce 24<hi rendition="#sup">e</hi> d’aoust a<hi rendition="#sup">o</hi> 26.</p>
            <p>Vostre<hi rendition="#sup">e</hi>) tres humble et tres obeissant frere</p>
            <p>Ferdinandus.</p>
         </div>
         <div n="6"><!-- commentary -->
            <p>a) <hi rendition="#i">Mons</hi>
               <hi rendition="#i #sup">r</hi>
               <hi rendition="#i">— grace</hi> fehlt in W<hi rendition="#sup">1</hi>. - b) <hi rendition="#i">avec cestes</hi> fehlt in W<hi rendition="#sup">1</hi>. - c) in W<hi rendition="#sup">1</hi> folgt <hi rendition="#i">etc</hi>. - d) <hi rendition="#i">le — longue</hi> fehlt in W<hi rendition="#sup">1</hi>. - e) <hi rendition="#i">Vostre — Ferdinandus</hi> fehlt in W<hi rendition="#sup">1</hi>.</p>
         </div>
      </body>
   </text>
</TEI>
