<?xml version="1.0" encoding="UTF-8"?>
<TEI xmlns="http://www.tei-c.org/ns/1.0">
   <teiHeader>
      <fileDesc>
         <titleStmt>
            <title type="main">A227.</title>
            <title type="sub">Ferdinand an Karl, 1520 August 27, Speier.</title>
            <author>
               <persName ref="nognd">Ferdinand</persName>
            </author>
         </titleStmt>
         <editionStmt>
            <edition>Vollständige digitalisierte Ausgabe</edition>
         </editionStmt>
         <publicationStmt>
            <publisher xml:id="nnnn">
               <orgName role="hostingInstitution">Universität Salzburg</orgName>
               <orgName role="project">Edition der Familienkorrespondenz Ferdinands I.</orgName>
               <address>
                  <addrLine>Paris Lodron Universität Salzburg PLUS</addrLine>
                  <addrLine>Kapitelgasse 4</addrLine>
                  <addrLine>A-5020 Salzburg - Österreich</addrLine>
               </address>
            </publisher>
            <pubPlace>Salzburg</pubPlace>
            <date type="publication">2015-07-09</date>
            <availability>
               <licence target="https://creativecommons.org/licenses/by/3.0/">
                  <p>Creative Commons BY 3.0</p>
               </licence>
            </availability>
            <idno type="DOI">nnnn</idno>
         </publicationStmt>
         <sourceDesc>
            <bibl type="MS">Die Korrespondenz Ferdinands I. Familienkorrespondenz bis 1526</bibl>
            <biblFull>
               <titleStmt>
                  <title type="main">Die Korrespondenz Ferdinands I. Familienkorrespondenz bis 1526</title>
               </titleStmt>
               <publicationStmt>
                  <publisher>
                     <name>Holzhausen</name>
                  </publisher>
                  <publisher>
                     <name>Kommission für Neuere Geschichte Österreichs</name>
                  </publisher>
                  <pubPlace>Wien</pubPlace>
                  <date type="publication">1912</date>
               </publicationStmt>
            </biblFull>
         </sourceDesc>
      </fileDesc>
      <profileDesc>
         <correspDesc>
            <correspAction type="sent">
               <persName ref="nognd">Ferdinand</persName>
               <placeName ref="nognd">Speier</placeName>
               <date>1520 August 27</date>
            </correspAction>
            <correspAction type="received">
               <persName ref="nognd">Karl</persName>
            </correspAction>
         </correspDesc>
      </profileDesc>
      <encodingDesc>
         <appInfo>
            <application ident="TEI_fromDOCX" version="2.15.0">
               <label>DOCX to TEI</label>
            </application>
         </appInfo>
      </encodingDesc>
      <revisionDesc>
         <listChange>
            <change>
               <date>2022-11-12T10:13:47Z</date>
               <name ref="nognd">Pitzer Doris</name>
            </change>
         </listChange>
      </revisionDesc>
   </teiHeader>
   <text>
      <body>
         <div n="1"><!-- letter_header -->
            <p>
               <hi rendition="#b">A227.</hi>
            </p>
            <table rend="rules">
               <row>
                  <cell>
                     <hi rendition="#i">Ferdinand an Karl.</hi>
                  </cell>
                  <cell>
                     <hi rendition="#i">1520 August 27. Speier.</hi>
                  </cell>
               </row>
            </table>
         </div>
         <div n="2" xml:lang="de"><!-- regest_de -->
            <p>Sendet Presinger zu K. Gegen das Anwachsen des Luthertums ist die Reise K’s ins Reich das einzige Mittel.</p>
         </div>
         <div n="3" xml:lang="en"><!-- regest_en -->
            <p>Is sending Presinger to see K. In order to contain the proliferation of Lutheranism, K's presence in the empire is absolutely necessary.</p>
         </div>
         <div n="4"><!-- archive_desc -->
            <p>Wien, St.-A. Hs. B. 597 I, S. 65—66. Kopie.</p>
            <p>Druck: Familienkorrespondenz Bd. 1, Nr. 227, S. 437.</p>
         </div>
         <div type="letter" n="5"><!-- transcription -->
            <p>Mons<hi rendition="#sup">r</hi>, après que la <index resp="Abel_Laura">
                  <term xml:id="index_d194e217a1051" key="HRR, Reichstag, Speyer (1526)">diete</term>
               </index> qui s’est tenue en ce lieu de Spier a esté achevée, et affin que V<hi rendition="#sup">re</hi> M<hi rendition="#sup">te</hi> soit amplement avertie tant de ce qui a esté demeslé et traicté en icelle, comme aussi de plusieurs aultres choses, j’ai depesché <persName xml:id="person_d234e110a1050"
                         ref="nognd"
                         resp="Abel_Laura"
                         key="Presinger, F’s pannetier, gesandt an K">Presinger</persName>, present pourteur, pour à toute diligence passer par devers Vostred. M<hi rendition="#sup">te</hi>. Et pour ce que par <persName xml:id="person_d27e101a1050"
                         ref="nognd"
                         resp="Abel_Laura"
                         key="Salinas">Salines</persName>, mon solliciteur devers icelle, et led. Presinger entendrez au long le tout, ne vous ferai plus longue lettre, vous suppliant adjouster entiere foi et credance en tout ce qu’ilz vous diront de ma part comme à moi mesmes. Mais, mons<hi rendition="#sup">r</hi>, je ne me puis abstenir vous encoires par cestes de rechief ramantevoir que les affaires tant des <index resp="Abel_Laura">
                  <term xml:id="index_d41e130a1051" key="Türkenabwehr">Turcz</term>
               </index>, <index resp="Abel_Laura">
                  <term xml:id="index_d35e144a1051" key="Italien">Ytalie</term>
               </index> et en toute la <index resp="Abel_Laura">
                  <term xml:id="index_d4e185a1051" key="Deutschland">Germanie</term>
               </index> à cause de la <index resp="Abel_Laura">
                  <term xml:id="index_d32e217a1051" key="Lutheraner">secte Lutherienne</term>
               </index> qui est si tres tant espanchée et avancée en mal que nul moyen n’y a d’y remedier sans permission divine et la tres briefve venue de Vostred. M<hi rendition="#sup">te</hi> sont en telle et si grande perplexité que, si Vostred. M<hi rendition="#sup">te</hi> ne se haste de tost descendre et sans plus longue dilacion, je ne voi aultre espoir, sinon que le tout se perdra et tumbera en telle ruine et desolacion que l’on n’y sçaura remedier, quant on vouldra. Parquoi, mons<hi rendition="#sup">r</hi>, non seullement pour vostre honneur et bien particulier, ains pour la conservation de toute la <index resp="Abel_Laura">
                  <term xml:id="index_d38e111a1051" key="Christenheit">christienté</term>
               </index> vous supplie tres humblement prendre bonne et briefve conclusion de vostred. venue de pardeça et y venir si bien esquippé et pourveu que plus grant bien s’en ensuive, ce qu’espere à l’aide du largiteur de toutes graces. Et la bonne ordre que par la presence de Vostred. M<hi rendition="#sup">te</hi> se mectra en toutes choses sera à la tranquillité et consolation de toute la christienté et dont de rechief vous supplie, mons<hi rendition="#sup">r</hi>, ainsi le faire et avoir plus tost regard en ces grans affaires qui si tres tort touchent non seullement à vostre bien, ains à vostre honneur et reputation que aux aultres qui à beaucop près ne sont de telle importance. Et sur ce, mons<hi rendition="#sup">r</hi>, je prie le etc.</p>
            <p>De <placeName xml:id="place_d71e257a1050"
                          ref="nognd"
                          resp="Abel_Laura"
                          key="Speyer">Spier</placeName>, ce 27<hi rendition="#sup">e</hi> d’aoust a<hi rendition="#sup">o</hi> 26.</p>
         </div>
         <div n="6"><!-- commentary -->
            <p>Vgl. Nr. A228, A231.</p>
         </div>
      </body>
   </text>
</TEI>
