<?xml version="1.0" encoding="UTF-8"?>
<TEI xmlns="http://www.tei-c.org/ns/1.0">
   <teiHeader>
      <fileDesc>
         <titleStmt>
            <title type="main">A233.</title>
            <title type="sub">Ferdinand an Maria, 1526 September 9, Innsbruck.</title>
            <author>
               <persName ref="nognd">Ferdinand</persName>
            </author>
         </titleStmt>
         <editionStmt>
            <edition>Vollständige digitalisierte Ausgabe</edition>
         </editionStmt>
         <publicationStmt>
            <publisher xml:id="nnnn">
               <orgName role="hostingInstitution">Universität Salzburg</orgName>
               <orgName role="project">Edition der Familienkorrespondenz Ferdinands I.</orgName>
               <address>
                  <addrLine>Paris Lodron Universität Salzburg PLUS</addrLine>
                  <addrLine>Kapitelgasse 4</addrLine>
                  <addrLine>A-5020 Salzburg - Österreich</addrLine>
               </address>
            </publisher>
            <pubPlace>Salzburg</pubPlace>
            <date type="publication">2015-07-09</date>
            <availability>
               <licence target="https://creativecommons.org/licenses/by/3.0/">
                  <p>Creative Commons BY 3.0</p>
               </licence>
            </availability>
            <idno type="DOI">nnnn</idno>
         </publicationStmt>
         <sourceDesc>
            <bibl type="MS">Die Korrespondenz Ferdinands I. Familienkorrespondenz bis 1526</bibl>
            <biblFull>
               <titleStmt>
                  <title type="main">Die Korrespondenz Ferdinands I. Familienkorrespondenz bis 1526</title>
               </titleStmt>
               <publicationStmt>
                  <publisher>
                     <name>Holzhausen</name>
                  </publisher>
                  <publisher>
                     <name>Kommission für Neuere Geschichte Österreichs</name>
                  </publisher>
                  <pubPlace>Wien</pubPlace>
                  <date type="publication">1912</date>
               </publicationStmt>
            </biblFull>
         </sourceDesc>
      </fileDesc>
      <profileDesc>
         <correspDesc>
            <correspAction type="sent">
               <persName ref="nognd">Ferdinand</persName>
               <placeName ref="nognd">Innsbruck</placeName>
               <date>1526 September 9</date>
            </correspAction>
            <correspAction type="received">
               <persName ref="nognd">Maria</persName>
            </correspAction>
         </correspDesc>
      </profileDesc>
      <encodingDesc>
         <appInfo>
            <application ident="TEI_fromDOCX" version="2.15.0">
               <label>DOCX to TEI</label>
            </application>
         </appInfo>
      </encodingDesc>
      <revisionDesc>
         <listChange>
            <change>
               <date>2022-11-21T15:49:28Z</date>
               <name ref="nognd">Pitzer Doris</name>
            </change>
         </listChange>
      </revisionDesc>
   </teiHeader>
   <text>
      <body>
         <div n="1"><!-- letter_header -->
            <p>
               <hi rendition="#b">A233.</hi>
            </p>
            <table rend="rules">
               <row>
                  <cell>
                     <hi rendition="#i">Ferdinand an Maria.</hi>
                  </cell>
                  <cell>
                     <hi rendition="#i">1526 September 9. Innsbruck.</hi>
                  </cell>
               </row>
            </table>
         </div>
         <div n="2" xml:lang="de"><!-- regest_de -->
            <p>Beileid anläßlich Kg. Ludwigs Tod. Verspricht ihr seine Hilfe. Sein und seiner Gemahlin Anrecht auf Böhmen und Ungarn. Soll sich als gute Schwester erzeigen.</p>
         </div>
         <div n="3" xml:lang="en"><!-- regest_en -->
            <p>Condolences on King Louis' death. Promises her his help. His and his wife's claim to Bohemia and Hungary. She should prove a good sister.</p>
         </div>
         <div n="4"><!-- archive_desc -->
            <p>Wien, St.-A. Belgica PA. 11. Original, durchwegs von F’s Hand geschrieben. Rückwärts Adresse: <hi rendition="#i">A m</hi>
               <hi rendition="#i #sup">me</hi>
               <hi rendition="#i">, ma bone seur, la roine de Hungrie et Boheme. </hi>
            </p>
            <p>Druck: Gévay 11, S. 8—9. Familienkorrespondenz Bd. 1, Nr. 233, S. 445-446.</p>
         </div>
         <div type="letter" n="5"><!-- transcription -->
            <p>M<hi rendition="#sup">me</hi>, ma bonne seur, humblement et de bon ceur à vostre bonne grace me recomende. M<hi rendition="#sup">me</hi>, j’ay entendu aveques grant desplesir et perturbacion le dolereux<hi rendition="#sup">a</hi>) <index resp="Christopher_F._Laferl">
                  <term xml:id="index_d239e141a1051" key="Tod, Ludwig II. von Ungarn">trespas et defet </term>
               </index>du <persName xml:id="person_d20e158a1050"
                         ref="nognd"
                         resp="Christopher_F._Laferl"
                         key="Ludwig II.">roy</persName>, mons<hi rendition="#sup">r</hi> et beaufrere, que dieu absoillie, et dieu cet le grant doleur et desplesir<hi rendition="#sup">b</hi>) que j’ay receu, comme la raison le requiert, mais puisqu’il a plu ausy à dieu, il nous faut avoir la pasience et vous reconforter, voiant qu’il a sy en gentil prince<hi rendition="#sup">c</hi>) finé ses jours et qu’il est de croire et tenir pour certain que, soiant mort pour dieu et sa foy et defension de icelle, qu’il doit estre<hi rendition="#sup">d</hi>) son aulme en lieu seur et glorieulx et perdurable et sa fame et renomée demourar à jamais et que, s’il a finé ses jours en ce monde, que son alme et son honneur et demura<hi rendition="#sup">e</hi>) au perpetuele gloire et inmortelle memoire. Et puisque vous, m<hi rendition="#sup">me</hi>, estes damme de grant ceur et entendement, veullies vous conformer avecques la voulonté de dieu et reprendre ceur et deves estre assurée que trouveres en moy bon et humble frere, mari et pere et que je meterei mon corps et biens pour vous servire et asister, comme plus au long poures entendre par ses presens porteurs, lesqueles j’envoie pour vous servir, adsister et obeir en vos comendemens comme à moy mesmes et aussy pour m’advertir, en quoy je vous poroie servir et assister comme vostre obeisant frere. Je le farey de tres bon ceur ausurplus, puis qu’il a plu a dieu de prendre le roy et que saves que de droit et raison<hi rendition="#sup">f</hi>) et aussy selon les tratés celuy royaulme ensemble <index resp="Abel_Laura">
                  <term xml:id="index_d24e174a1051" key="Böhmen">celuy de Boheme</term>
               </index>
               <hi rendition="#sup">g</hi>) vient à la <index resp="Abel_Laura">
                  <term xml:id="index_d24e156a1051" key="Habsburg">maison d’Austrice</term>
               </index> et par <index resp="Christopher_F._Laferl">
                  <term xml:id="index_d27e216a1051" key="Brüsseler Teilungsvertrag (1522)">le tratié </term>
               </index>de entre l’emperur et moy m’est lasyé le droit et sa part et je<hi rendition="#sup">h</hi>) ne dubte point que saves aussy le bon droit que ma fame a aud. royaulme, par quoy vous suplie vouloir ayder et consillier, come sest afaire put estre mis en exsecucion et aussy les plus procheins lieux en mes mains, car je creins fort que le <persName xml:id="person_d89e147a1050"
                         ref="nognd"
                         resp="Abel_Laura"
                         key="Sigismund I.">roy de Pouloinne</persName> ou le vaivoda<hi rendition="#sup">i</hi>) ne s’en vellent mesller et vous aries plus d’asistence de moy que de eux. M<hi rendition="#sup">me</hi>, ma bone seur, je prie<hi rendition="#sup">j</hi>) le createur donner à vous bonne vie et longue et l’entier acomplicement de vos desirs.</p>
            <p>De <placeName xml:id="place_d8e140a1050"
                          ref="nognd"
                          resp="Abel_Laura"
                          key="Innsbruck">Inspruchk</placeName>, ce 9<hi rendition="#sup">e</hi> de sebtembre.</p>
            <p>Vostre bon et humble frere Ferdinandus.</p>
            <p>M<hi rendition="#sup">me</hi>, je vous suplie me mustrer tour de bone seur en cest afaire et de ma part j’en faire le semblable.</p>
         </div>
         <div n="6"><!-- commentary -->
            <p>a) <hi rendition="#i">dolerux </hi>Hs.	- b) <hi rendition="#i">desplesir</hi> über der Zeile nachgetragen.	- c) <hi rendition="#i">price</hi> Hs. - d) nach <hi rendition="#i">estre</hi> wurde <hi rendition="#i">aveques</hi> gestrichen. - e) ursprünglich war ein <hi rendition="#i">r</hi>, das dann in <hi rendition="#i">d</hi> ausgebessert wurde. - f) <hi rendition="#i">et raison</hi> über der Zeile. - g) <hi rendition="#i">ensemble celuy de Boheme</hi> über der Zeile. - h) <hi rendition="#i">et je ne . . . royaulme</hi> über der Zeile. - i) <hi rendition="#i">ou le vaivoda</hi> über der Zeile. - j) <hi rendition="#i">pre</hi> Hs.</p>
            <p>F muß also am 9. September die erste sichere Nachricht vom Tode Kg. Ludwigs erhalten haben, da er noch am Vortage (Nr. A232) ihn für lebend hält. — Bereits am 8. September wendete sich F an den <persName xml:id="person_d24e518a1050"
                         ref="nognd"
                         resp="Abel_Laura"
                         key="Polheim, Cyriak von, Statthalter von Niederösterreich">Statthalter von Niederösterreich</persName> und den <index resp="Abel_Laura">
                  <term xml:id="index_d240e235a1051" key="Hofrat">Wiener Hofrat</term>
               </index>, damit dieser nach Böhmen und <index resp="Abel_Laura">
                  <term xml:id="index_d20e162a1051" key="Ungarn">Ungarn</term>
               </index> Gesandtschaften abfertige und besonders mit den Böhmen zu unterhandeln beginne. Smolka, S. 19 f.</p>
         </div>
      </body>
   </text>
</TEI>
