<?xml version="1.0" encoding="UTF-8"?>
<TEI xmlns="http://www.tei-c.org/ns/1.0">
   <teiHeader>
      <fileDesc>
         <titleStmt>
            <title type="main">A237.</title>
            <title type="sub">Ferdinand an Margareta, 1526 September 18, Linz.</title>
            <author>
               <persName ref="nognd">Ferdinand</persName>
            </author>
         </titleStmt>
         <editionStmt>
            <edition>Vollständige digitalisierte Ausgabe</edition>
         </editionStmt>
         <publicationStmt>
            <publisher xml:id="nnnn">
               <orgName role="hostingInstitution">Universität Salzburg</orgName>
               <orgName role="project">Edition der Familienkorrespondenz Ferdinands I.</orgName>
               <address>
                  <addrLine>Paris Lodron Universität Salzburg PLUS</addrLine>
                  <addrLine>Kapitelgasse 4</addrLine>
                  <addrLine>A-5020 Salzburg - Österreich</addrLine>
               </address>
            </publisher>
            <pubPlace>Salzburg</pubPlace>
            <date type="publication">2015-07-09</date>
            <availability>
               <licence target="https://creativecommons.org/licenses/by/3.0/">
                  <p>Creative Commons BY 3.0</p>
               </licence>
            </availability>
            <idno type="DOI">nnnn</idno>
         </publicationStmt>
         <sourceDesc>
            <bibl type="MS">Die Korrespondenz Ferdinands I. Familienkorrespondenz bis 1526</bibl>
            <biblFull>
               <titleStmt>
                  <title type="main">Die Korrespondenz Ferdinands I. Familienkorrespondenz bis 1526</title>
               </titleStmt>
               <publicationStmt>
                  <publisher>
                     <name>Holzhausen</name>
                  </publisher>
                  <publisher>
                     <name>Kommission für Neuere Geschichte Österreichs</name>
                  </publisher>
                  <pubPlace>Wien</pubPlace>
                  <date type="publication">1912</date>
               </publicationStmt>
            </biblFull>
         </sourceDesc>
      </fileDesc>
      <profileDesc>
         <correspDesc>
            <correspAction type="sent">
               <persName ref="nognd">Ferdinand</persName>
               <placeName ref="nognd">Linz</placeName>
               <date>1526 September 18</date>
            </correspAction>
            <correspAction type="received">
               <persName ref="nognd">Margareta</persName>
            </correspAction>
         </correspDesc>
      </profileDesc>
      <encodingDesc>
         <appInfo>
            <application ident="TEI_fromDOCX" version="2.15.0">
               <label>DOCX to TEI</label>
            </application>
         </appInfo>
      </encodingDesc>
      <revisionDesc>
         <listChange>
            <change>
               <date>2022-11-12T10:14:45Z</date>
               <name ref="nognd">Pitzer Doris</name>
            </change>
         </listChange>
      </revisionDesc>
   </teiHeader>
   <text>
      <body>
         <div n="1"><!-- letter_header -->
            <p>
               <hi rendition="#b">A237.</hi>
            </p>
            <table rend="rules">
               <row>
                  <cell>
                     <hi rendition="#i">Ferdinand an Margareta.</hi>
                  </cell>
                  <cell>
                     <hi rendition="#i">1526 September 18. Linz.</hi>
                  </cell>
               </row>
            </table>
         </div>
         <div n="2" xml:lang="de"><!-- regest_de -->
            <p>1. Seine Reise nach Linz. Niederlage Kg. Ludwigs gegen die Türken, Gefahren für Österreich. Maria. 2. Sendung Georgs von Frundsberg nach Augsburg, um Geld zu entlehnen. F's Ausgaben. Bittet um Hilfe.</p>
         </div>
         <div n="3" xml:lang="en"><!-- regest_en -->
            <p>1. His journey to Linz. King Louis' defeat by the Turks and danger for Austria. Maria. 2. Has sent George of Frundsberg to Augsburg to borrow money. F's spending. Requests assistance.</p>
         </div>
         <div n="4"><!-- archive_desc -->
            <p>Brüssel, Arch. gén. Papiers de l’État et de l’Aud., vol. 93, Bl. 58—59. Original. Rückwärts Adresse: <hi rendition="#i">A m</hi>
               <hi rendition="#i #sup">me</hi>
               <hi rendition="#i">, ma bonne tante, m</hi>
               <hi rendition="#i #sup">me</hi>
               <hi rendition="#i"> l’archiducesse d’Austrice, ducesse et contesse de Bourgoingne, regente et gouvernante etc. </hi>
            </p>
            <p>Druck: Hatvani, M. H. H. 1, S. 41—43. Familienkorrespondenz Bd. 1, Nr. 237, S. 450-452.</p>
         </div>
         <div type="letter" n="5"><!-- transcription -->
            <p>M<hi rendition="#sup">me</hi>, ma bonne tante, humblement et de bon cueur à vostre bonne grace me recommande. M<hi rendition="#sup">me</hi>, la cause, pourquoi ai mis si longuement à vous escripre, est que actendoie qu’il ne survint chose, digne de vous faire sçavoir. Et ainsi que estoie sur mon partement pour d’<placeName xml:id="place_d8e140a1050"
                          ref="nognd"
                          resp="Abel_Laura"
                          key="Innsbruck">Ysproug</placeName> m’en venir en ce lieu de <placeName xml:id="place_d6e204a1050"
                          ref="nognd"
                          resp="Abel_Laura"
                          key="Linz">Lins</placeName> pour mectre ordre et police aux frontieres de mes <index resp="Abel_Laura">
                  <term xml:id="index_d22e125a1051" key="Österreich">pays d’Austrice</term>
               </index> qui sont pour le present voisins <persName xml:id="person_d29e215a1050"
                         ref="nognd"
                         resp="Abel_Laura"
                         key="Süleyman I.">du Turc</persName>, me vindrent les nouvelles, comme led. Turc avec deux cens mil combatans vint trouvé le <persName xml:id="person_d20e158a1050"
                         ref="nognd"
                         resp="Abel_Laura"
                         key="Ludwig II.">roi de Hungrie</persName>, mon feu beau-frere, environ à 20 lieues de <placeName xml:id="place_d46e220a1050"
                          ref="nognd"
                          resp="Abel_Laura"
                          key="Budapest">Bude</placeName>, où il estoit avec 40000 combatans pour la deffencion de son pays, où illec le 29<hi rendition="#sup">e</hi> d’aoust passé se donna la bataille, laquelle led. Turc gaigna ensemble toute l’artillerie dud. feu roi qu’estoit en grant nombre. Et lui-mesmes y est demeuré tué; les ungs disent que se a esté en combatant et les autres disent que ce a esté, voyant que lad. bataille estoit pardue, pour lui se retirant et pensant saulver, vint entrer en ung maretz, où il est demeuré, ce que tiens pour le plus certain, dont, m<hi rendition="#sup">me</hi>, pouez penser, en quelle perplexité je me treuve, ainsi despourveu d’argent et d’aide contre si grosse puissance que celle dud. Turc. Je vous supplie, m<hi rendition="#sup">me</hi>, me tenir pour excusé<hi rendition="#sup">a</hi>) qu’ai tant mis à vous avertir desd. nouvelles, car tant à cause de mes si grandes affaires comme aussi qu’estoie sur mond. partement et que sur l’eaue, où je suis venu dez led. Ysproug jusques à ici, n’estoit possible faire tel devoir, comme devoie. Ce jourdui me sont venues nouvelles, comme led. Turc avoit prins lad. ville de Bude et qu’il a depesché deux de ses principaulx capitaines avec chacun bon nombre de gens, l’ung pour entrer en mesd. pays d’Austrice, pour y brusler, gaster et faire le pis qu’ilz pourront et l’autre pour faire le semblable en <index resp="Abel_Laura">
                  <term xml:id="index_d63e192a1051" key="Steiermark">Stiere</term>
               </index>, à quoi ont desia fait commancement, voire que desia ont couru jusques à 15 ou 16 lieues près de <placeName xml:id="place_d22e121a1050"
                          ref="nognd"
                          resp="Abel_Laura"
                          key="Wien">Vienne</placeName>. Et comme bonne dame et princesse chrestienne devez, m<hi rendition="#sup">me</hi>, tenir main envers <index resp="Abel_Laura">
                  <term xml:id="index_d230e164a1051" key="K, Ansehen">l’empereur, mons et frere</term>
               </index>, à ce qu’il face paix avec noz commungs ennemis à son plus grant honneur et seurté qu’il sera possible et incontinant et à diligence faire tout son effort pour le <index resp="Abel_Laura">
                  <term xml:id="index_d41e130a1051" key="Türkenabwehr">reboutement</term>
               </index> de ce mauldict Turc, ce que vous supplie tres humblement faire, car, si sa m<hi rendition="#sup">te</hi> n’y mect bon et tres brief remede, non seullement moi, nostre <index resp="Abel_Laura">
                  <term xml:id="index_d24e156a1051" key="Habsburg">maison d’Austrice</term>
               </index> et tout la <index resp="Abel_Laura">
                  <term xml:id="index_d4e185a1051" key="Deutschland">Germanie</term>
               </index> tumberont à touteille ruine et desolacion, mais aussi toute la reste de la <index resp="Abel_Laura">
                  <term xml:id="index_d38e111a1051" key="Christenheit">chrestienté</term>
               </index>. Dieu y veulle pourveoir, ainsi que plus que neccessaire est.</p>
            <p>Quant aux <index resp="Abel_Laura">
                  <term xml:id="index_d35e144a1051" key="Italien">affaires d’Ytalie</term>
               </index>, ilz sont, m<hi rendition="#sup">me</hi>, aussi fort perplex à cause de la grosse puissance des ennemis et le petit nombre que sont noz gens, toutesfois, incontinant que suis arrivé à <placeName xml:id="place_d8e140a1050"
                          ref="nognd"
                          resp="Abel_Laura"
                          key="Innsbruck">Ysproug</placeName>, affin que le tout ne tumbe aussi à pardicion, j’ai depesché messire <persName xml:id="person_d39e101a1050"
                         ref="nognd"
                         resp="Abel_Laura"
                         key="Frundsberg, Georg von">George de Frangesperg</persName> pour à dilligence aller à <placeName xml:id="place_d4e192a1050"
                          ref="nognd"
                          resp="Abel_Laura"
                          key="Augsburg">Augspour</placeName>g avec les meilleurs joyaulx et baghes que me suis trouvé avoir et davantaige, s’il y avoit quelque difficulté, ai tant fait que aucuns des principaulx de <index resp="Abel_Laura">
                  <term xml:id="index_d27e142a1051" key="Tirol">Tirol</term>
               </index> en respondront pour pouoir promptement recouvrer argent pour à toute diligence led. messire George et autres capitaines avec le nombre de 12000 payés que font 10000 bons pietons, ce que de chevaulx se pourroit recouvrer et une bonne bande d’artillerie passer aud. Ytalie et eulx joindre à nostre camp, si possible est, ce qu’espere en dieu feront, car, m<hi rendition="#sup">me</hi>, je n’avoie ni sçavoie autre remede de finei argent pour envoyer led. secours que cellui dessusd. dont pouez penser, en quelle povreté je suis et mesmes pour le present, qu’il m’est mieulx mestier qu’il ne fut oncques. Duquel secours j ai averti les capitaines de sa m<hi rendition="#sup">te</hi> aud. Ytalie, affin de leur donner bon espoir et cueur de tousiours faire leur devoir. Et pour le present, ne sçai chose autre digne de vous escripre, sinon que vouz supplie, m<hi rendition="#sup">me</hi>, bien humblement que, si de vostre part me pouez faire quelque aide et secours, qu’il vous plaise de faire, car je me treuve tant despourveu d’argent, sans lequel ne se peult riens faire, à cause des grosses despences que, depuis que suis entré en <index resp="Abel_Laura">
                  <term xml:id="index_d4e185a1051" key="Deutschland">Allemaigne</term>
               </index>, m’a convenu faire tant à cause desd. <index resp="Abel_Laura">
                  <term xml:id="index_d41e130a1051" key="Türkenabwehr">Turcz</term>
               </index>, de l’empire, contre les paysans, paie, grosses debtes et en autres diverses manieres. Et veu mesmes que mes pays ne sont à beaucop près souffisans pour pouoir furnir à telle despence qu’il est neccessaire pour la repulcion <persName xml:id="person_d29e215a1050"
                         ref="nognd"
                         resp="Abel_Laura"
                         key="Süleyman I.">dud. Turc</persName>, m’est et sera impossible lui sçavoir resister, ains pourra avenir que par faulte d’aide et secours aurez tost les mesmes nouvelles de moi que dud. feu <persName xml:id="person_d20e158a1050"
                         ref="nognd"
                         resp="Abel_Laura"
                         key="Ludwig II.">roi de Hungrie</persName>. Et quant à <index resp="Abel_Laura">
                  <term xml:id="index_d244e229a1051" key="M, Trauer (1526)">la roine, ma seur</term>
               </index>, celle est environ dix lieues près de <placeName xml:id="place_d22e121a1050"
                          ref="nognd"
                          resp="Abel_Laura"
                          key="Wien">Vienne</placeName>, bien desolée et desconfortée, comme assez pouez considerer. Je lui ai envoyé pour la consoler et sa seurté aucuns bons personnaiges et quelques pietons et les premieres nouvelles que actens d’elle est qu’elle sera aud. Vienne ou autrepart en ces mes <index resp="Abel_Laura">
                  <term xml:id="index_d22e125a1051" key="Österreich">pays d’Austrice</term>
               </index> pour l’exploit que led. Turc aura fait <index resp="Abel_Laura">
                  <term xml:id="index_d20e162a1051" key="Ungarn">aud. Hungrie</term>
               </index>, car il ne se repose point, ains poursuit tousiours sa fortune et victoire tant qu’il peult. Je vous avertirai de ce que plus me surviendra, vous priant du semblable. Et sur ce, m<hi rendition="#sup">me</hi>, ma bonne tante, je prie à nostre seigneur vouloir pourveoir à tout et à vous doint bonne vie et longue.</p>
            <p>De <placeName xml:id="place_d6e204a1050"
                          ref="nognd"
                          resp="Abel_Laura"
                          key="Linz">Lintz</placeName>, ce 18<hi rendition="#sup">e</hi> de septembre a<hi rendition="#sup">o</hi> 26.</p>
            <p>M<hi rendition="#sup">me</hi>,<hi rendition="#sup">b</hi>) je vous suplie vouloir tenir la main à l’apuys, car vous voies bien qu’el est plus que besoin.</p>
            <p>Vostre bon et humble nepveu Ferdinandus.</p>
         </div>
         <div n="6"><!-- commentary -->
            <p>a) <hi rendition="#i">excuser</hi> Hs.</p>
            <p>Fast gleichlautend ist der Schlachtbericht, den F an K in Nr. A239 [7] mitteilt. Betreffs der Angaben über die Stärke des ungarischen Heeres vgl. Nr. A239. Der Einzug Suleimans in Ofen fand am 10. September statt. Seine Horden drangen nur bis zur <placeName xml:id="place_d244e276a1050"
                          ref="nognd"
                          resp="Abel_Laura"
                          key="Raab">Raab</placeName> und zum <placeName xml:id="place_d244e279a1050"
                          ref="nognd"
                          resp="Abel_Laura"
                          key="Balaton">Plattensee</placeName>. Am 17. September wurde der Rückzug angetreten. Zinkeisen 2, S. 654 f. Von einem Einfall in Steiermark ist sonst nichts bekannt. </p>
            <p>b) das Folgende eigenhändig.</p>
            <p>Vgl. Nr. A239.</p>
         </div>
      </body>
   </text>
</TEI>
