<?xml version="1.0" encoding="UTF-8"?>
<TEI xmlns="http://www.tei-c.org/ns/1.0">
   <teiHeader>
      <fileDesc>
         <titleStmt>
            <title type="main">A239.</title>
            <title type="sub">Ferdinand an Karl, 1526 September 22, Linz.</title>
            <author>
               <persName ref="nognd">Ferdinand</persName>
            </author>
         </titleStmt>
         <editionStmt>
            <edition>Vollständige digitalisierte Ausgabe</edition>
         </editionStmt>
         <publicationStmt>
            <publisher xml:id="nnnn">
               <orgName role="hostingInstitution">Universität Salzburg</orgName>
               <orgName role="project">Edition der Familienkorrespondenz Ferdinands I.</orgName>
               <address>
                  <addrLine>Paris Lodron Universität Salzburg PLUS</addrLine>
                  <addrLine>Kapitelgasse 4</addrLine>
                  <addrLine>A-5020 Salzburg - Österreich</addrLine>
               </address>
            </publisher>
            <pubPlace>Salzburg</pubPlace>
            <date type="publication">2015-07-09</date>
            <availability>
               <licence target="https://creativecommons.org/licenses/by/3.0/">
                  <p>Creative Commons BY 3.0</p>
               </licence>
            </availability>
            <idno type="DOI">nnnn</idno>
         </publicationStmt>
         <sourceDesc>
            <bibl type="MS">Die Korrespondenz Ferdinands I. Familienkorrespondenz bis 1526</bibl>
            <biblFull>
               <titleStmt>
                  <title type="main">Die Korrespondenz Ferdinands I. Familienkorrespondenz bis 1526</title>
               </titleStmt>
               <publicationStmt>
                  <publisher>
                     <name>Holzhausen</name>
                  </publisher>
                  <publisher>
                     <name>Kommission für Neuere Geschichte Österreichs</name>
                  </publisher>
                  <pubPlace>Wien</pubPlace>
                  <date type="publication">1912</date>
               </publicationStmt>
            </biblFull>
         </sourceDesc>
      </fileDesc>
      <profileDesc>
         <correspDesc>
            <correspAction type="sent">
               <persName ref="nognd">Ferdinand</persName>
               <placeName ref="nognd">Linz</placeName>
               <date>1526 September 22</date>
            </correspAction>
            <correspAction type="received">
               <persName ref="nognd">Karl</persName>
            </correspAction>
         </correspDesc>
      </profileDesc>
      <encodingDesc>
         <appInfo>
            <application ident="TEI_fromDOCX" version="2.15.0">
               <label>DOCX to TEI</label>
            </application>
         </appInfo>
      </encodingDesc>
      <revisionDesc>
         <listChange>
            <change>
               <date>2022-11-12T10:14:57Z</date>
               <name ref="nognd">Pitzer Doris</name>
            </change>
         </listChange>
      </revisionDesc>
   </teiHeader>
   <text>
      <body>
         <div n="1"><!-- letter_header -->
            <p>
               <hi rendition="#b">A239.</hi>
            </p>
            <table rend="rules">
               <row>
                  <cell>
                     <hi rendition="#i">Ferdinand an Karl.</hi>
                  </cell>
                  <cell>
                     <hi rendition="#i">1526 September 22. Linz.</hi>
                  </cell>
               </row>
            </table>
         </div>
         <div n="2" xml:lang="de"><!-- regest_de -->
            <p>1. Empfing K’s Brief vom 27. Juli. 2. Dankt für K’s Anerkennung seiner Dienste. Ist zu weiteren Diensten bereit. 3. Rät K, seine Reise nach Italien zu beschleunigen. 4. Rät angesichts der Türkengefahr zu größtem Entgegenkommen gegen Frankreich. Notwendig, die kaiserfeindliche Liga zu brechen. 5. Die Schwierigkeiten betreffs F’s geplanter Italienfahrt von K mit Recht hervorgehoben. Trotz der Türkengefahr war er bereit, nach Italien zu gehen. Sendung Georgs von Frundsberg nach Augsburg. Anleiheversuche usw., um ein Heer in Italien auszurüsten. 6. Landtag in Innsbruck. 7. Einfall der Türken in Ungarn. Tod Kg. Ludwigs. Maria ist in Preßburg. 8. Zapolyas Bemühungen um die ungarische Krone. Gefahr, daß sich dieser mit den Türken verbinde. Bittet um Ausfertigung gewisser Briefe betreffs Böhmens und Ungarns und ebenso um Entsendung von Gesandtschaften, ferner um Belehnung mit Böhmen. 9. Bleiben seine Länder ruhig, ist er bereit, trotzdem nach Italien zu gehen. Die versprochenen 100.000 Dukaten kämen sehr gelegen. 10. Im Falle weiteren Vordringens der Türken steht ihm vielleicht Kg. Ludwigs Schicksal bevor. Bittet um ausführlichen Rat von seiten K’s. 11. Wandte sich an die deutschen Fürsten um Hilfe. Kam am 15. d. nach Linz zum Schutze Österreichs gegen die Türken. K’s Hilfe nötig. 12. Betreffs des Edikts auf K’s Ankunft zu warten. 13. Prozeß von Maastricht. Kompetenz des Reichskammergerichts. 14. Pfalzgf. Friedrich. 15. Bittet um Türkenhilfe aus den Niederlanden. 16. Georg von Österreich. 17. Herzogtum Masowien. 18. Einnahme Ofens durch die Türken. Deren weiteres Vordringen.</p>
         </div>
         <div n="3" xml:lang="en"><!-- regest_en -->
            <p>1. Has received K's letter dated July 27. 2. Thanks K for acknowledging his services. Offers further services. 3. Advises K to speed up his journey to Italy. 4. Considering the Turkish danger, he advises being most compliant with France. It is necessary to break the anti-imperial league. 5. K's criticism of F's planned journey to Italy is legitimate. Despite the Turkish danger, he was willing to travel to Italy. Sending George of Frundsberg to Augsburg. Attempts to borrow money in order to equip an army in Italy. 6. State Diet in Innsbruck. 7. The Turks' invasion of Hungary. King Louis' death. Maria is in Bratislava. 8. Zapolya has his sights set on the Hungarian crown. The danger of him forming an alliance with the Turks. Requests that K draw up specific letters regarding Bohemia and Hungary; also requests that he send delegations and enfeoff him with Bohemia. 9. If the situation in his territories remains calm, he is still willing to travel to Italy. The 100,000 ducats promised would be most welcome. 10. Should the Turks advance further, he may suffer the same fate as King Louis. Asks for K's detailed advice. 11. Has turned to the German princes for help. Arrived in Linz on September 9 to guard Austria against the Turks. K's assistance in necessary. 12. Awaiting K's arrival in the matter of the edict. 13. Trial of Maastricht. The Imperial Chamber Court's authority. 14. Count Palatine Frederick. 15. Asks for assistance from the Netherlands against the Turks. 16. George of Austria. 17. Duchy of Masovia. 18. Buda's occupation by the Turks. Their further advance.</p>
         </div>
         <div n="4"><!-- archive_desc -->
            <p>(W) Wien, St.-A. Belgica PA. 7. Original, teilweise in Chiffren. Rückwärts Adresse: <hi rendition="#i">A l’empereur monsr. </hi>
            </p>
            <p>(W<hi rendition="#sup">1</hi>) Ebenda Hs. B. 597 I, Bl. 66—75. Kopie.</p>
            <p>Druck: Gévay I<hi rendition="#sup">1</hi>, S. 13—21. Familienkorrespondenz Bd. 1, Nr. 239, S. 456-468.</p>
         </div>
         <div type="letter" n="5"><!-- transcription -->
            <p>Mons<hi rendition="#sup">r</hi>,<hi rendition="#sup">a</hi>) je me recommande tres humblement à vostre bonne grace. Mons<hi rendition="#sup">r</hi>, j’ai receu voz lettres du 27<hi rendition="#sup">e</hi> de juillet et bien entendu tout leur contenu, ausquelles vous ferai par cestes reponce, ainsi qu’il s’ensuit. Et puis que ne vous puis envoyer pour la difficulté des passaiges propre homme pour vous faire dire le tout de bouche, vous supplie, mons<hi rendition="#sup">r</hi>, prendre de bonne part la longueur de cestes.</p>
            <p>Premierement je vous mercie, mons<hi rendition="#sup">r</hi>, tres humblement qu’il<hi rendition="#sup">b</hi>) vous a pleu prendre mes offres et escript d’aussi bonne part, comme je les ai fait et suis tenu faire, ensemble la bonne amour fraternelle que tousiours me portez et les<hi rendition="#sup">c</hi>) grandes offres que me faictes, à quoi vous supplie tres humblement continuer et de ma part, comme vous ai mantesfois escript et aussi fait dire, non seullement les biens, mais, quant j’auroie milles vies, sera tousiours le tout à vostre service sans que en riens je soie deffaillant, en quelle maniere que ce soit.</p>
            <p>Mons<hi rendition="#sup">r</hi>, combien<hi rendition="#sup">d</hi>) que les raisons, pourquoi m’escripvez vostre venue pardeça ou en <index resp="Abel_Laura">
                  <term xml:id="index_d35e144a1051" key="Italien">Italie</term>
               </index> pour le present ne peut estre, sont si raisonnables que ne vous y sauroie que replicquer, neantmoings je vous supplie tres humblement, actendu que sur icelle gist le tout et que sans ce pour les raisons et mauvaises dispositions des affaires par tous coustéz que ci-après entendrez plus amplement, je ne voi moyen ne remede, si non que le tout tombera à toute ruine et desolation, veullez icelle advancer le plus que faire se pourra; et que ce soit le plus fort puissant et mieulx pourveu que pourrez, affin que moyennant ce et l’ordre et police qui se mectra par tout lesd. affaires ne tumbent au dangier du scandale, où ilz sont, ains que ce puist estre au bien, consolacion et transquillité de toute la <index resp="Abel_Laura">
                  <term xml:id="index_d38e111a1051" key="Christenheit">christienté</term>
               </index> et à vostre honneur et proffit, comme je ne fais doubte à l’aide de dieu sera, si le prenez à cueur et en faictes, comme espere, ferez comme chief et bon protecteur de la christienté.</p>
            <p>Et pour satisfaire à ce qui<hi rendition="#sup">e</hi>) vous plait, mons<hi rendition="#sup">r</hi>, m’ordonner touchant mon advis que desirez avoir, quant au nouveaul <index resp="Abel_Laura">
                  <term xml:id="index_d128e657a1051" key="Madrid, Friede von (1526)">traicté</term>
               </index> avec le <persName xml:id="person_d24e327a1050"
                         ref="nognd"
                         resp="Abel_Laura"
                         key="Franz I.">roi de France</persName>, il me semble, mons<hi rendition="#sup">r</hi>, soubz vostre bonne correction et de vostre conseil que, après avoir bien pesé cest affaire, actendu mesmes la mauvaise indisposicion des <index resp="Abel_Laura">
                  <term xml:id="index_d20e162a1051" key="Ungarn">affaires de Hongrie</term>
               </index> et generalement par toutes pars, ainsi que plus amplement V<hi rendition="#sup">re</hi> M<hi rendition="#sup">te</hi> entendra ci-après, que, puis qu’il n’y a nul espoir que led. roi de France vous tienne promesse ni le traicté, fait à <placeName xml:id="place_d123e207a1050"
                          ref="nognd"
                          resp="Abel_Laura"
                          key="Madrid">Madril</placeName>, et pour mieulx faire que laisser, puis que voz affaires ainsi tant le requierent, que Vostred. M<hi rendition="#sup">te</hi> doit tacher et regarder de faire à vostre honneur et sceurté le plus qui sera possible appoinctement avec lui et non avoir pour le present regard à la restitution de <index resp="Abel_Laura">
                  <term xml:id="index_d68e407a1051" key="Burgund">Bourgoingne</term>
               </index> et laisser perdre autre chose de trop plus grand importance, voire la vraie destruction non seullement de nostre <index resp="Abel_Laura">
                  <term xml:id="index_d24e156a1051" key="Habsburg">maison d’Austrice</term>
               </index> et la <index resp="Abel_Laura">
                  <term xml:id="index_d4e185a1051" key="Deutschland">Germanie</term>
               </index>, mais aussi de toute la <index resp="Abel_Laura">
                  <term xml:id="index_d38e111a1051" key="Christenheit">christienté</term>
               </index>, et semblablement tacher et practiquer par tous moyens pour gagner à vostre devotion le plus des alliéz que pourrez et pourchasser pour la rompture de la ligue. En quelx termes sont les practiques d’appoinctement avec <persName xml:id="person_d56e641a1050"
                         ref="nognd"
                         resp="Abel_Laura"
                         key="Klemens VII.">le pape</persName> et <index resp="Abel_Laura">
                  <term xml:id="index_d24e283a1051" key="Venedig">Venitiens</term>
               </index>, je ne le sçai, dieu doint qu’il se y puist trouver quelque bon remede, ainsi que mestier est à vostre honneur et honneste proffit, comme ne faiz doubte, n’a tenu et ne tiendra à vous, combien que je crains fort que de leur part n’y accorderont, voyant qu’ilz ont si griefvement offencé contre V<hi rendition="#sup">re</hi> M<hi rendition="#sup">te</hi>. Et, si les<hi rendition="#sup">f</hi>) appoinctemens dessusd. ne povoient advenir et en cas aussi qu’ilz advinssent à toutes fins, je ne saiche, mons<hi rendition="#sup">r</hi>, autre remede pour parvenir à voz grandz affaires et faire entretenir lesd. appointemens à nosd. ennemis, s’ilz se pouvoient faire et ou cas que non pour tant mieulx leur faire venir devotion et vouloir pour ce faire, sinon que Vostred. M<hi rendition="#sup">te</hi> face dez maintenant et incontinant par tous coustétz, en y mectant le tout pour le tout tellement que soyez le plus puissant de gens, artillerie et argent que possible sera, comme aussi avec vostre aide ferai le semblable. Car autrement, veu la grande envie que nosd. ennemis ont nous faire dommaige et honte, je ne voi moyen de pouoir deffendre ni offendre nostre bonne et juste querelle et j’espere à l’aide de dieu moyennant l’effort, bon ordre et police que mectrez aux affaires que sa divine bonté nous aidera et preservera en nostre droit, comme il a fait jusques à present.</p>
            <p>Quant à<hi rendition="#sup">g</hi>) mon allée en <index resp="Abel_Laura">
                  <term xml:id="index_d35e144a1051" key="Italien">Italie</term>
               </index>, j’ai, mons<hi rendition="#sup">r</hi>, bien consideré les difficultéz et dangiers que par vosd. lettres m’avez escript et vostre vouloir sur ce. Et combien que, quant vous<hi rendition="#sup">h</hi>) ai escript mon bon vouloir, je congneusse assez toutes lesd. difficultéz et inconveniens, toutesfois le desir que, comme je suis tenue, avoie et ai à vous faire service contre nosd. commungs ennemis, comm’il me sembloit, estoit plus que necessaire d’y mectre ma personne ensemble ce que sauroie finer jusques au dernier denier, me fit ainsi escripre ma resolution dud. voyaige et devez, mons<hi rendition="#sup">r</hi>, estre bien asseuré que mond. vouloir ne me fauldra jamais en cela, mais ailleurs, où il vous plaira, me commander et employer. Et à ceste fin me suis perforcé le plus que j’ai peu de achever<hi rendition="#sup">i</hi>) et finir la <index resp="Abel_Laura">
                  <term xml:id="index_d194e217a1051" key="HRR, Reichstag, Speyer (1526)">journée de Spiere</term>
               </index>, comme vous ai adverti par <persName xml:id="person_d234e110a1050"
                         ref="nognd"
                         resp="Abel_Laura"
                         key="Presinger, F’s pannetier, gesandt an K">Presinguer</persName>, et non obstant que<hi rendition="#sup">j</hi>) avant son partement dud. <placeName xml:id="place_d71e257a1050"
                          ref="nognd"
                          resp="Abel_Laura"
                          key="Speyer">Spiere</placeName> pour la grande invasion que <persName xml:id="person_d29e215a1050"
                         ref="nognd"
                         resp="Abel_Laura"
                         key="Süleyman I.">le Turc </persName>faisoit et encoires fait en <index resp="Abel_Laura">
                  <term xml:id="index_d20e162a1051" key="Ungarn">Hongrie</term>
               </index> j’eusse deliberé m’en aller tout droit en <index resp="Abel_Laura">
                  <term xml:id="index_d22e125a1051" key="Österreich">Austrice</term>
               </index>, actendant vostre responce et resolution sur mond. passaige en Italie, et aussi pour mectre quelque provision en mesd. pays d’Austrice. Toutesfois, estant adverti de voz capitaines aud. Italie que les affaires illec estoient en grand dangier et perplexité et avoient necessité d’aide et bref secours, si l'on ne voloit perdre tout, incontinant ai prins mon chemin par <index resp="Abel_Laura">
                  <term xml:id="index_d27e142a1051" key="Tirol">Tirol</term>
               </index>, et des que je fuz à <placeName xml:id="place_d8e140a1050"
                          ref="nognd"
                          resp="Abel_Laura"
                          key="Innsbruck">Ysbrouch</placeName>, je depeschai messire <persName xml:id="person_d39e101a1050"
                         ref="nognd"
                         resp="Abel_Laura"
                         key="Frundsberg, Georg von">George de Frangesberg</persName> pour aller à <placeName xml:id="place_d4e192a1050"
                          ref="nognd"
                          resp="Abel_Laura"
                          key="Augsburg">Augsbourg</placeName> pour trouver moyen d’avoir argent sur les meilleurs joyaulx et baghes que me suis trouvé avoir. Lesquelz je lui ai baillé et avec ce, ou cas que sur lesd. joyaulx il ne puist incontinant trouver argent, ai fait respondre aulcuns des principaulx de Tyrol, affin de tant plus promptement pouoir avoir argent pour a toute diligence led. messire George et autres capitaines ensemble le nombre de dix mille bons pietons et de chevaulx qui se pourroit recouvrer et une bonne bande d’artillerie incontinant passer aud. Italie et eulx joindre à vostre armée, ce qu’espere, ilz feront le plus tost que faire se pourra. Dequoi j’ai adverti voz capitaines aud. Italie, affin de leur donner bon espoir et cueur de tousjours faire leur devoir, et a esté la premiere chose qu’ai depesché, incontinant que suis esté arrivé aud. Ysbroug. Et veu que<hi rendition="#sup">k</hi>) la requeste que j’avoie fait à m<hi rendition="#sup">me</hi>, nostre bonne tante, afin de recouvrer aucune bonne somme d’argent en voz <index resp="Abel_Laura">
                  <term xml:id="index_d14e164a1051" key="Niederlande">Pays d’Embas</term>
               </index> sur bonnes seurtéz, n’a sorti effect, me certiffiant qu’elle n’avoit nul moyen pour ce faire et que ne savoie autre remede pour promptement recevoir argent pour à toute diligence faire passer led. secours<hi rendition="#sup">l</hi>) que cellui que dessus, ne m’a esté possible d’en faire autrement dont pouvez considerer, en quelle necessité d’argent je suis, et encoires pour le temps present qu’il m’est plus besoing d’en avoir que oncques.</p>
            <p>Mons<hi rendition="#sup">r</hi>, après ce que dessus je tins<hi rendition="#sup">m</hi>) aud. <placeName xml:id="place_d8e140a1050"
                          ref="nognd"
                          resp="Abel_Laura"
                          key="Innsbruck">Ysbroug</placeName> les <index resp="Christopher_F._Laferl">
                  <term xml:id="index_d163e101a1051" key="Landtag, Innsbruck">estatz du pays </term>
               </index>que avoie fait convocquer une journée qui ne dura que quatre jours et après leur avoir fait remonstrer mesd. affaires et mes grandes necessitéz et mesmes la victoire <persName xml:id="person_d29e215a1050"
                         ref="nognd"
                         resp="Abel_Laura"
                         key="Süleyman I.">du Turc</persName> en <index resp="Abel_Laura">
                  <term xml:id="index_d20e162a1051" key="Ungarn">Hongrie</term>
               </index>, ainsi que vous entendrez ci-après, m’ont accourdé donner cinq mille pietons, payéz pour quatre mois, pour iceulx employer contre <index resp="Abel_Laura">
                  <term xml:id="index_d41e130a1051" key="Türkenabwehr">les Turcz</term>
               </index> ou autrement, ainsi que vouldroie. Et en oultre sont bien deliberéz faire tout leur mieulx<hi rendition="#sup">n</hi>) pour la deffencion et tuiction dud. <index resp="Abel_Laura">
                  <term xml:id="index_d27e142a1051" key="Tirol">pays de Tirolle</term>
               </index> et<hi rendition="#sup">o</hi>) aussi je les treuve de tres bon vouloir m’estre bons et loyaulx subiectz, ainsi que de ma part leur ai donné et donnerai l’occasion d’ainsi le faire. Et m’ont expressement supplié, voyant<hi rendition="#sup">p</hi>) que mon allée dud. <index resp="Abel_Laura">
                  <term xml:id="index_d35e144a1051" key="Italien">Italie</term>
               </index> n’estoit possible, de non rompre la guerre avec les <index resp="Abel_Laura">
                  <term xml:id="index_d24e283a1051" key="Venedig">Venessiens</term>
               </index>, car, si je la rompoie, la <index resp="Abel_Laura">
                  <term xml:id="index_d24e249a1051" key="Schwäbischer Bund">ligue de Zwave</term>
               </index> ne seroit point tenue de m’aider et pouvez bien penser que le ferdeaulx me sera bien dur et impossible à pourter contre lesd. Turcz, Venetiens et quasi contre toute la christienté tout seul. Pour laquelle cause j’ai<hi rendition="#sup">q</hi>) envoyé led. sucours en vostre nom et non pas au mien.</p>
            <p>Et quant ausd. <index resp="Abel_Laura">
                  <term xml:id="index_d20e162a1051" key="Ungarn">mauvaises nouvelles de Hungrie</term>
               </index>, vous avertis, mons<hi rendition="#sup">r</hi>, que le 29<hi rendition="#sup">e</hi> d’aoust passé <persName xml:id="person_d29e215a1050"
                         ref="nognd"
                         resp="Abel_Laura"
                         key="Süleyman I.">le Turc</persName> en personne, accompaigné de deux cens mil hommes, oultre la grande invasion que desia avoit fait aud. Hungrie vint à environ vingt lieuues de <placeName xml:id="place_d46e220a1050"
                          ref="nognd"
                          resp="Abel_Laura"
                          key="Budapest">Bude</placeName>, où le <persName xml:id="person_d20e158a1050"
                         ref="nognd"
                         resp="Abel_Laura"
                         key="Ludwig II.">roi</persName> estoit avec quarant mil combatans, oùquel lieu <index resp="Abel_Laura">
                  <term xml:id="index_d239e116a1051" key="Mohács, Schlacht von">la bataille</term>
               </index> se donna et a esté gaignée par led. Turc. Et led. <index resp="Abel_Laura">
                  <term xml:id="index_d239e141a1051" key="Tod, Ludwig II. von Ungarn">roi dud. Hungrie tué</term>
               </index> et demeuré en icelle et toute son artillerie perdue dont, mons<hi rendition="#sup">r</hi>, m’est si tres grant regret que plus ne sauroit et mesmes que de nostre temps telle plaie quasi insanable est ainsi avenue en la christienté. Et en<hi rendition="#sup">r</hi>) quelle perplexité pouvez penser que je me treuve à present, despourveu d’argent et de sucours contre telle si cruelle et grosse puissance qu’est celle dud. Turc. Je le vous supplie, mons<hi rendition="#sup">r</hi>, le vouloir penser. A cause de laquelle infortune et aussi ce que Vostred. M<hi rendition="#sup">te</hi> me commande et ordonne par sesd. lettres ne pourroie passer en <index resp="Abel_Laura">
                  <term xml:id="index_d35e144a1051" key="Italien">Italie</term>
               </index>, ainsi que bien avoie deliberé, et neantmoings j’espere au largiteur de toutes graces que, si lesd. dix mille pietons se peuvent joindre à vostre camp d’armée joinctement, par ensemble ilz vous ferent quelque bon service et asseureront voz affaires aud. Italie, combien que noz ennemis sont en plus grant nombre que voz gens, que bien vous tiens assez adverti. Et quant à <index resp="Abel_Laura">
                  <term xml:id="index_d244e229a1051" key="M, Trauer (1526)">la roine, nostre seur</term>
               </index>, elle est maintenant à <placeName xml:id="place_d24e487a1050"
                          ref="nognd"
                          resp="Abel_Laura"
                          key="Bratislava">Presbourg</placeName>, environ dix lieues de <placeName xml:id="place_d22e121a1050"
                          ref="nognd"
                          resp="Abel_Laura"
                          key="Wien">Vyenne</placeName>, comme pouvez considerer, bien desolée et desconfortée. Mes regens <index resp="Abel_Laura">
                  <term xml:id="index_d22e125a1051" key="Österreich">d’Austrice</term>
               </index>, ayans entendu lesd. nouvelles, lui ont incontinant pour l’assister et consoler envoyé quelque nombre de pietons et aucuns bons personnaiges. Et semblablement lui ai escript pour la conforter et consoler au mieulx que j’ai peu.</p>
            <p>Mons<hi rendition="#sup">r</hi>, tost après que<hi rendition="#sup">s</hi>) lad. <index resp="Abel_Laura">
                  <term xml:id="index_d239e116a1051" key="Mohács, Schlacht von">bataille</term>
               </index> a ainsi esté gaignée par<hi rendition="#sup">t</hi>) <persName xml:id="person_d29e215a1050"
                         ref="nognd"
                         resp="Abel_Laura"
                         key="Süleyman I.">led. Turc</persName> et <index resp="Abel_Laura">
                  <term xml:id="index_d239e141a1051" key="Tod, Ludwig II. von Ungarn">le roi tué</term>
               </index>, le <persName xml:id="person_d246e440a1050"
                         ref="nognd"
                         resp="Abel_Laura"
                         key="Z">vaivoda de Transsilvanya</persName>, lequel ne s’est trouvé ni aussi sa compaignie avec le feu roi pour le sucourir et assister, s’est voulu approcher et entrer à <placeName xml:id="place_d46e220a1050"
                          ref="nognd"
                          resp="Abel_Laura"
                          key="Budapest">Bude</placeName> avec quatorze mille hommes en espoir de se faire couronner <index resp="Abel_Laura">
                  <term xml:id="index_d20e162a1051" key="Ungarn">roi d’Hongrie</term>
               </index> ainsi que tousjours a eu le desir et vouloir y succeder, si faire le pouvoit. Et s’il n’y peult avenir, est bien à presupposer qu’il s’accourdera avec <persName xml:id="person_d29e215a1050"
                         ref="nognd"
                         resp="Abel_Laura"
                         key="Süleyman I.">led. Turc</persName> à son plus grant advantaige qu’il pourra. Et semblablement le<hi rendition="#sup">u</hi>) <persName xml:id="person_d89e147a1050"
                         ref="nognd"
                         resp="Abel_Laura"
                         key="Sigismund I.">roi de Polonye</persName> qui a tousjours eu le mesme desir au recouvrement de <index resp="Abel_Laura">
                  <term xml:id="index_d24e174a1051" key="Böhmen">Boesme</term>
               </index> fera tout son effort au semblable et aucuns autres ne fauldroit aussi de peut estre pourchasser pour le mesme cas illec, et s’ilz en peuvent venir au dessus de leur desir, est aussi bien à croire, tacheront avoir appoinctement avec led. Turc, lequel le leur pourra consentir et accourder, affin de non seullement avec la puissance de ces<hi rendition="#sup">v</hi>) <index resp="Abel_Laura">
                  <term xml:id="index_d24e226a1051" key="Türken">Turcz</term>
               </index>, mais aussi avec l’aide d’eulx venir plus fort contre mesd. <index resp="Abel_Laura">
                  <term xml:id="index_d22e125a1051" key="Österreich">pays d’Austrice</term>
               </index> et consequemment contre la reste de <index resp="Abel_Laura">
                  <term xml:id="index_d4e185a1051" key="Deutschland">la Germanie</term>
               </index> pour poursuir sa fortune. Surquoi je me traveillerai de tout mon pouvoir non seullement pour garder les confins de mesd. pays d’Austrice, combien que me sera impossible, si led. Turc veult  passer oultre, mais aussi assaier, si ainsi advenoit, que croi plus tost oui que non, si je pourroie parvenir à quelque tresve, à quoi n’ai nul fondement ni espoir, combien que n’estoit en toute extremité, ne la vouldroie atempter sans le commandement de V<hi rendition="#sup">re</hi> M<hi rendition="#sup">te</hi>. Et par ainsi ferai tout le devoir à rompre les practicques de ceulx qui pretendent succeder aux deux royaulmes susd., que possible me sera, affin que le droit de moi, <persName xml:id="person_d16e149a1050"
                         ref="nognd"
                         resp="Abel_Laura"
                         key="A">ma femme</persName> et de <index resp="Abel_Laura">
                  <term xml:id="index_d24e156a1051" key="Habsburg">nostre maison d’Austrice</term>
               </index> que savez, mons<hi rendition="#sup">r</hi>, avons en iceulx ne se perde, à quoi bien peu prouffiteront sans autres grosses aides moi, mes practicques et petis biens qui ne sont souffisans pour garder ce peu que j’ai. Toutesfois, afin que, actendant vostre bon aide et succours, je puisse tant mieulx besoingner, je vous supplie escripre tant aud. Hongrie que Boesme les lectres que me semble estre fort neccessaires à l’effect que dessus dont vous envoie les copies avec cestes. Et aussi, mons<hi rendition="#sup">r</hi>, me semble qu’il est tres necessaire d’envoyer ambassadeurs à l’effect que dessus, assavoir aud. Hongrie <persName xml:id="person_d71e531a1050"
                         ref="nognd"
                         resp="Abel_Laura"
                         key="Stadion, Christoph von, Bischof von Augsburg">l’evesque d’Ausbourg</persName> et le <persName xml:id="person_d4e127a1050"
                         ref="nognd"
                         resp="Abel_Laura"
                         key="Fürstenberg, Graf Friedrich von">conte Frederick de Furstemberg</persName> et aud. Boesme <persName xml:id="person_d79e192a1050"
                         ref="nognd"
                         resp="Abel_Laura"
                         key="Helfenstein, Graf Ulrich von">Ulrich de Elffenstain</persName> et <persName xml:id="person_d163e137a1050"
                         ref="nognd"
                         resp="Abel_Laura"
                         key="Waldburg, Wilhelm Truchseß von">Guillaume</persName> ou <persName xml:id="person_d82e2735a1050"
                         ref="nognd"
                         resp="Abel_Laura"
                         key="Waldburg-Zeil, Georg III. Truchseß von">George Truxes</persName>, lesquelz me semblent estre bien idonnes et souffisans, pour chacun en son endroict y faire quelque bonne oeuvre. Et, si V<hi rendition="#sup">re</hi> M<hi rendition="#sup">te</hi> en congnoit ici d’aultres souffisans autres, les y pourrez aussi avec les dessusd. employer. Et daventaige, affin que la chose soit plus vehemente et ait plus<hi rendition="#sup">w</hi>) de vigueur, est aussi, mons<hi rendition="#sup">r</hi>, tres necessaire que y envoyez quelque bon personnaige des vostres que congnoistrez estre le plus idoine et souffisant pour pouvoir faire quelque bon fruict à l’effect que dessus, ce que vous prie, mons<hi rendition="#sup">r</hi>, vouloir faire le tout selon et ensuivant la forme des lectres et instructions<hi rendition="#sup">x</hi>) que vous envoie, ausquelles pourrez adiouster ou diminuer, ainsi que bon vous semblera, lesquelles, mons<hi rendition="#sup">r</hi>, avec cellui des vostres pardela qu’il vous plaira envoyer je vous supplie incontinant depescher et à diligence m’envoyer le tout, car les affaires, comme savez, ne requierent dilacion. Et pour ce que, ainsi que savez, led. royaulme de <index resp="Abel_Laura">
                  <term xml:id="index_d24e174a1051" key="Böhmen">Boesme</term>
               </index> est du fief de l’empire, à cause que quiconcque en est roi d’illec est le premier electeur, vous supplie, mons<hi rendition="#sup">r</hi>, me renvoyer avec ce que dessus la feodalité et investiture d’icellui, affin que avec moindre difficulté je puisse tant plus tost<hi rendition="#sup">y</hi>) et plus facillement parvenir à icellui. Car, comme l’on doit tenir pour tout certain, led. roi de Polonie et autres que y pretendent feront tout leur mieulx par effort qu’ilz pourront pour parvenir à la joissance dud. royaulme que nous viendroit au dommaige tel que pouez considerer.</p>
            <p>Et ou cas que dieu parmist<hi rendition="#sup">z</hi>) par sa grace que <persName xml:id="person_d29e215a1050"
                         ref="nognd"
                         resp="Abel_Laura"
                         key="Süleyman I.">led. Turcq</persName> ne passast plus avant et je puisse prendre quelque bon moyen à l’asseurence de mesd. pays et de nostred. droict sur lesd. deux royaulmes, je serai, mons<hi rendition="#sup">r</hi>, prest, ayant entendu de voz nouvelles, avec ma personne et tout ce que pourrai passer en Italie à l’effect de l’emprinse que savez. Mais pour ce que mon pouvoir est si tres petit, lequel à cause des grandes despenses que je ai fait et suis presentement contrainct faire à cause du Turcz sera encoires moindre, sera en tous cas de necessité et dont je vous supplie tres humblement que vostre aide soit la plus grande et meilleur que possible vous sera, affin que par necessité et faulte d’argent les choses ne tumbent à perdition irrecuperable. Et vous promectz, mons<hi rendition="#sup">r</hi>, que je ne le dictz pas pour espargner le mien, car, puisque ma personne se exposera entierement en vostre service et fera de tres bon cueur ce qu’il vous plaira commander, pouvez donc bien fermement croire que toute la reste sera au semblable. Et quant les cent mille ducatz dont m’avez escript me fussent presentement estéz envoyéz, ilz fussent venuz fort bien à propoz à la necessité, affin que l’on eust plus promptement et grossement peu envoyer led. succours en <index resp="Abel_Laura">
                  <term xml:id="index_d35e144a1051" key="Italien">Italie</term>
               </index> et affin aussi que, si aucun inconveniens survenoient à icellui, que dieu ne veulle, que j’eusse dequoi y pourveoir.</p>
            <p>Mais, mons<hi rendition="#sup">r</hi>, pour ce qu’il est plus à doubter que autrement que <persName xml:id="person_d29e215a1050"
                         ref="nognd"
                         resp="Abel_Laura"
                         key="Süleyman I.">le Turc</persName> si victorieux et puissant ne se retirera de <index resp="Abel_Laura">
                  <term xml:id="index_d20e162a1051" key="Ungarn">Hongrie</term>
               </index>, ains passera plus avant en la <index resp="Abel_Laura">
                  <term xml:id="index_d38e111a1051" key="Christenheit">christienté</term>
               </index> dont serai le premier salué ou peut estre demeurra et se fortiffiera le plus aud. Hongrie qu’il pourra pour illecq passer l’iver et durant icellui faire courses et grosses pertes et dommaiges à mesd. pays d’Austrice ou par adventure encoires ceste année, veu que ne sommes si avant en l’hiver que son armée n’en dure encoires bon espace de temps aux champs, vouldra s'efforcer de invahir iceulx et au printemps suivir sa victoire et fortune et par ainsi est en dangier si grant que plus ne sauroit non seullement perdre nosd. droitz à iceulx deux royaulmes, mais aussi noz pays patrimoniaulx qui sont presentement confins et voisins dud. Turcq et je me treuve ici seul, povre et despourveu, sans espoir d’aucung aide, sinon la petite que me pourront donner mesd. pays et ce que pourrai avoir de l’empire, ainsi que à la <index resp="Abel_Laura">
                  <term xml:id="index_d194e217a1051" key="HRR, Reichstag, Speyer (1526)">diete dud. Spiere</term>
               </index> a esté accourdé, combien que ce soit bien petite chose et quasi comme riens contre si grosse puissance que celle dud. Turc, et que pour les divisions et tumultes qu’il y a oud. empire ne pourra estre si briefve que la necessité le requiert et requerra. Et par ainsi ne me demeure autre espoir que en dieu et vous, mons<hi rendition="#sup">r</hi>. Et comme desia ayez perdu nostred. <index resp="Abel_Laura">
                  <term xml:id="index_d239e141a1051" key="Tod, Ludwig II. von Ungarn">beau-frere de Hongrie</term>
               </index> à la <index resp="Abel_Laura">
                  <term xml:id="index_d239e116a1051" key="Mohács, Schlacht von">bataille</term>
               </index> et aussi <index resp="Abel_Laura">
                  <term xml:id="index_d246e599a1051" key="M, Vertreibung aus Ungarn (1526)">la roine, nostre seur</term>
               </index>, soit enchassé d’icellui royaume, pourroit aussi entrevenir que tost aurez les nouvelles me sera advenu le mesme cas, bref n’y est<hi rendition="#sup">a1</hi>) mis remede et provision convenable. Parquoi, mons<hi rendition="#sup">r</hi>, comme vostre tres humble et tres obeissant seul frere et serviteur vous supplie de rechief tres humblement avoir bon et brief regard aux affaires telz que dessus qui tant nous importent et par le moyen du <index resp="Abel_Laura">
                  <term xml:id="index_d128e657a1051" key="Madrid, Friede von (1526)">traicté de paix</term>
               </index> avec le <persName xml:id="person_d24e327a1050"
                         ref="nognd"
                         resp="Abel_Laura"
                         key="Franz I.">roi de France</persName> et autres practicques dessusd. pour rompre la ligue desd. potentatz <index resp="Abel_Laura">
                  <term xml:id="index_d35e144a1051" key="Italien">d’Italie</term>
               </index> pourveoir par bonnes et promptes provisions tant à mon aide et succours comme à la deffencion de la christienté. Autrement je crains grandement que en brief temps, comme est plus que tres apparant, aurez nouvelles le tout de pardeça estre perdu, ruiné et desolé tellement que l’on n’y pourra remedier, quant l’on vouldra. Et pour ce que le chemin entre vous et moi est bien long et dangereux à passer, et considerer que les choses de jour en jour changent, comme ont fait grandement, ce pendant que j’ai actendu vostred. responce et resolucion, je vous supplie, mons<hi rendition="#sup">r</hi>, tres humblement me veullez dez cien avant bien au long escripre vostre vouloir et intention sur les choses dessusd. et sur toutes les autres que vous et vostre conseil pourrez penser que en tous cas entrevenir tant de cela que V<hi rendition="#sup">re</hi> M<hi rendition="#sup">te</hi> veut et peut faire de son cousté que de ce qu’il vous semblera se devra pourveu faire pardeça. Puis que Vostred. M<hi rendition="#sup">te</hi> est si bien et à la verité averti de moi et de l’estat et disposition des affaires de l’empire, d’Hongrie, des miens propres et d’ailleurs pardeça et aussi que savez assez, en quelz termes sont les affaires d’Italie et dez ci-en-avant, Vostred. M<hi rendition="#sup">te</hi> et moi, chacun en son endroit, regardons de pourveoir en temps et lieu à ce que necessité requerra sans actendre longtaigne responce l’ung de l’autre, veu que, cependant que les messaigiers et lettres vont, les apprestes et provisions que doivent incontinant mectre se retardent et noz ennemis, comme dit est, font leur cas et la meilleure et plus grande diligence qu’ilz peuvent pour nous faire del honte et du dommaige. </p>
            <p>J’ai, mons<hi rendition="#sup">r</hi>, incontinant escript et fait savoir lesd. <index resp="Abel_Laura">
                  <term xml:id="index_d20e162a1051" key="Ungarn">mauvaises nouvelles</term>
               </index>
               <persName xml:id="person_d29e215a1050"
                         ref="nognd"
                         resp="Abel_Laura"
                         key="Süleyman I.">du Turc</persName> au princes de l’empire et le dangier, enquoi le tout est, leur priant y avoir bon et brief regard et non seullement disposer et envoyer l’aide, accordée aud. <index resp="Abel_Laura">
                  <term xml:id="index_d194e217a1051" key="HRR, Reichstag, Speyer (1526)">Spiere</term>
               </index>, mais d’aventaige tout autre secours que chacun selon son pouoir possible leur sera, car mesd. pays, estans envahiz dont dieu ne veulle, congnoissent assez en quel dangier ilz sont. Et semblablement par tous autres coustéz ai fait par lettres et messaigiers toutes les provisions qu’ai peu. Et après qu’ai eu fini la journée et laissé la meilleure ordre qu’ai peu aud. <index resp="Abel_Laura">
                  <term xml:id="index_d27e142a1051" key="Tirol">Tirol</term>
               </index> et pourveu pour envoyer le succours à vostre armée <index resp="Abel_Laura">
                  <term xml:id="index_d35e144a1051" key="Italien">d’Italie</term>
               </index>, comme devant est dit, je me suis tiré en ce lieu de <placeName xml:id="place_d6e204a1050"
                          ref="nognd"
                          resp="Abel_Laura"
                          key="Linz">Lins</placeName> en mesd. <index resp="Abel_Laura">
                  <term xml:id="index_d22e125a1051" key="Österreich">pays d’Austrice</term>
               </index>, auquel je suis arrivé le 15<hi rendition="#sup">e</hi> de ce present mois, où viendront les estas desd. pays, avec lesquelz regarderais et me parforcerai aussi de trouver les remedes possibles pour la deffencion et conservation d’iceulx et du demeurant dud. <index resp="Abel_Laura">
                  <term xml:id="index_d20e162a1051" key="Ungarn">Hongrie</term>
               </index>, si possible est, combien que sans beaulcop meilleure puissance que la mienne y ai petit ou point d’espoir, car, mons<hi rendition="#sup">r</hi>, pour la grande povreté et necessité, où je suis constitué tant pour les grosses despences que, depuis que suis entré pardeça, m’a convenu porter à cause de l’empire, pour le present et passé succours en Italie, <index resp="Abel_Laura">
                  <term xml:id="index_d41e130a1051" key="Türkenabwehr">contre les Turcz</term>
               </index>, payé grosses debtes aussi en d’autres grans et divers affaires que j’ai eu, comme assez estez informé. Et aussi, consideré que lesd. pays ne sont souffisans pour pouoir soubstenir si grosses charges et que en l’empire sont des divisions si grandes qu’il est plus tost a presumer que les princes ne feront tel devoir contre led. Turc, comme devroient, que autrement, comme par <persName xml:id="person_d234e110a1050"
                         ref="nognd"
                         resp="Abel_Laura"
                         key="Presinger, F’s pannetier, gesandt an K">led. Presinger</persName> vous ai averti, ne me sera possible de à beaulcop près y pouvoir furnir ni remedier sans que, comme dit est, Vostred. M<hi rendition="#sup">te</hi> n’y remedie et pourvoie necessairement, à quoi, mons<hi rendition="#sup">r</hi>, devez entierement dresser vostre cueur et desir.</p>
            <p>Mons<hi rendition="#sup">r</hi>, je vous supplie tres humblement prendre de bonne part les avertissemens dessusd., lesquelx je fais non par faulte de cueur ni voulenté de se deffendre, mais pour ce que la neccessité et mon devoir me contraignent à ce faire.</p>
            <p>Quant à<hi rendition="#sup">b1</hi>) l’edict imperial dont m’avez escript et envoyé la substance, je suis, mons<hi rendition="#sup">r</hi>, bien de l’advis d’aucuns<hi rendition="#sup">c1</hi>) voz conseilliers de le ainsi laisser jusques à vostre venue pardeça. Car lors pour les causes, contenues en vosd. lettres, et mesmes<hi rendition="#sup">d1</hi>) V<hi rendition="#sup">re</hi> M<hi rendition="#sup">te</hi>, estant bien puissant pardeça, pourra avoir beaulcop plus de vigueur et en pourra l’on tirer une bonne somme d’argent et trop plus facillement que pour l’heure<hi rendition="#sup">e1</hi>) presente et aussi, ayant regard que les bons, tenans<hi rendition="#sup">f1</hi>) vostre parti, ne pourroient plus maintenir l’ancienne<hi rendition="#sup">g1</hi>) foi.</p>
            <p>Touchant l’affaire de <placeName xml:id="place_d171e137a1050"
                          ref="nognd"
                          resp="Abel_Laura"
                          key="Maastricht">Maestricht</placeName> en <index resp="Abel_Laura">
                  <term xml:id="index_d198e144a1051" key="Brabant, Herzogtum">Brabant</term>
               </index>, je tiens que, <persName xml:id="person_d13e136a1050"
                         ref="nognd"
                         resp="Abel_Laura"
                         key="Mg">m<hi rendition="#sup">me</hi>, nostre bonne tante</persName>, vous aura desia averti l’appoinctement entre les deux parties estre faict et ai, mons<hi rendition="#sup">r</hi>, parlé bien avant dud. affaire au <persName xml:id="person_d79e144a1050"
                         ref="nognd"
                         resp="Abel_Laura"
                         key="Philipp von Baden">marquis de Baden</persName>, tenant mon lieu en l’empire et au <index resp="Abel_Laura">
                  <term xml:id="index_d32e267a1051" key="HRR, Reichskammergericht">camerghericht</term>
               </index>, mais, mons<hi rendition="#sup">r</hi>, Vre M<hi rendition="#sup">te</hi> scet, ainsi qu’ilz m’ont remonstré, ce que dernierement à <placeName xml:id="place_d20e130a1050"
                          ref="nognd"
                          resp="Abel_Laura"
                          key="Worms">Wormes</placeName> fut par vous conclud, et mesmes les princes qui doivent contribuer pour les affaires de l’empire dont font grosses plaintes ceulx de la chambre que Vostred. M<hi rendition="#sup">te</hi> en a absolt et exenté le <persName xml:id="person_d246e766a1050"
                         ref="nognd"
                         resp="Abel_Laura"
                         key="Karl III. von Savoyen, Herzog">duc de Savoye</persName>. Et combien que toute ancienneté ma <index resp="Abel_Laura">
                  <term xml:id="index_d24e156a1051" key="Habsburg">maison d’Austrice</term>
               </index> ne soit non plus subiecté à telles contribucions que celle de Savoie, toutesfois, pour non contrevenir ausd. ordonnances de Wormes, je paye ce que m’a esté imposé. Parquoi avant que bailler telz reliefvemens et exemptions, vous supplie, mons<hi rendition="#sup">r</hi>, premierement avoir regard à ce que vous mesmes avez fait et consenti aud. Wormes, affin que tout l’empire et lad. chambre n’aient cause de mescontentement.</p>
            <p>Et quant au <persName xml:id="person_d24e255a1050"
                         ref="nognd"
                         resp="Abel_Laura"
                         key="Friedrich II.">conte Palatin Frederick</persName>, je suis, mons<hi rendition="#sup">r</hi>, bien joyeulx qu’il s’est parti ainsi content de vous; et quant à moi, je l’ai tousiours jusques à ici entretenu en amitié et bon vouloir, à quoi continuerai, et semblablement quant aux<hi rendition="#sup">h1</hi>) ambassadeurs <persName xml:id="person_d56e641a1050"
                         ref="nognd"
                         resp="Abel_Laura"
                         key="Klemens VII.">du pape</persName> et <index resp="Abel_Laura">
                  <term xml:id="index_d24e283a1051" key="Venedig">Venetiens</term>
               </index> en ferai, ainsi que Vostred. M<hi rendition="#sup">te</hi> le m’a escript.</p>
            <p>Mons<hi rendition="#sup">r</hi>, pour ce que la necessité le requiert et que crains pour le longtain chemin qu’il y a jusques pardela, l’aide qu’il vous plaira me faire ne sera si briefve que besoing est, j’ai advisé et vous en supplie tres humblement qu’il vous plaise m’accorder que puisse demander en voz <index resp="Abel_Laura">
                  <term xml:id="index_d14e164a1051" key="Niederlande">pays d’embas</term>
               </index> une aide pour employer <index resp="Abel_Laura">
                  <term xml:id="index_d41e130a1051" key="Türkenabwehr">contre les Turcs</term>
               </index> au reboutement d’iceulx, pour lequel effect vous supplie, mons<hi rendition="#sup">r</hi>, aussi en vouloir escripre en bonne forme a <persName xml:id="person_d13e136a1050"
                         ref="nognd"
                         resp="Abel_Laura"
                         key="Mg">m<hi rendition="#sup">me</hi>, nostre bonne tante</persName>, et aux estas de vosd. pays, affin de plus facilement y pouoir parvenir. Et je vous prometz, mons<hi rendition="#sup">r</hi>, que cella que j’en pourrai tirer et aussi l’autre aide qu’il vous plaira me faire sera bien et à vostre honneur et service et le mien emploie au contentement de dieu et de vous. D’autrepart, mons<hi rendition="#sup">r</hi>, vous supplie ne me laisser à ma charge la moitié du payement pour l’entretenement du <index resp="Abel_Laura">
                  <term xml:id="index_d24e259a1051" key="HRR, Regiment">regiment</term>
               </index> qui a esté conclud, comme Vostred. M<hi rendition="#sup">te</hi> aura aussi entendu par led. <persName xml:id="person_d234e110a1050"
                         ref="nognd"
                         resp="Abel_Laura"
                         key="Presinger, F’s pannetier, gesandt an K">Presinger</persName>, ains en tousiours le payement et provision necessaire, car, mons<hi rendition="#sup">r</hi>, ainsi que assez pouez considerer pour les causes et raisons dessusd., ce me seroit trop grande charge à supporter.</p>
            <p>Touchant l’affaire de <persName xml:id="person_d48e106a1050"
                         ref="nognd"
                         resp="Abel_Laura"
                         key="Georg von Österreich">don George</persName> dont m’avez, mons<hi rendition="#sup">r</hi>, escript, j’ai envoyé la lettre que m’avez envoyé pour sond. affaire avec aussi autres miennes en bien bonne forme au <persName xml:id="person_d21e152a1050"
                         ref="nognd"
                         resp="Abel_Laura"
                         key="Lang, Matthäus">cardinal de Salspurg</persName> dont en actens responce. Laquelle eue, vous en avertirai et devez, mons<hi rendition="#sup">r</hi>, bien entendre que à moi, ma faveur et sollicitation ne tiendra que la chose ne sortisse à bon effect.</p>
            <p>Et de <placeName xml:id="place_d199e110a1050"
                          ref="nognd"
                          resp="Abel_Laura"
                          key="Masowien">la duché</placeName>, vacquante en <index resp="Abel_Laura">
                  <term xml:id="index_d82e2588a1051" key="Polen">Polonie</term>
               </index>, je me ferai enquerir que c’est pour semblablement vous en avertir, neantmoings que je n’ai grant espoir que la chose viengne à aulcun fruit.</p>
            <p>Mons<hi rendition="#sup">r</hi>, en escripvant cestes, me sont venues certaines nouvelles, comme <persName xml:id="person_d29e215a1050"
                         ref="nognd"
                         resp="Abel_Laura"
                         key="Süleyman I.">led. Turc</persName> avoit prins la ville de <placeName xml:id="place_d46e220a1050"
                          ref="nognd"
                          resp="Abel_Laura"
                          key="Budapest">Bude</placeName> et qu’il avoit depesché deux de ses principaulx capitaines chacun avec bon nombre de gens, l’ung pour entrer en mes <index resp="Abel_Laura">
                  <term xml:id="index_d22e125a1051" key="Österreich">pays d’Austrice</term>
               </index> et y brusler et faire le plus de maulx qu’ilz pourront, l’aultre pour faire le semblable au <index resp="Abel_Laura">
                  <term xml:id="index_d63e192a1051" key="Steiermark">pays de Stiere</term>
               </index>. Mons<hi rendition="#sup">r</hi>, je supplie atant<hi rendition="#sup">i1</hi>) le createur qui vous doint bonne vie et longue.</p>
            <p>De <placeName xml:id="place_d6e204a1050"
                          ref="nognd"
                          resp="Abel_Laura"
                          key="Linz">Lins</placeName>, ce 22<hi rendition="#sup">e</hi> de septembre a<hi rendition="#sup">o</hi> 26.</p>
            <p>Vostre<hi rendition="#sup">j1</hi>) tres humble et tres obeisant frere</p>
            <p>Ferdinandus.</p>
         </div>
         <div n="6"><!-- commentary -->
            <p>a) <hi rendition="#i">Mons</hi>
               <hi rendition="#i #sup">r</hi>
               <hi rendition="#i"> - grace</hi> fehlt in W<hi rendition="#sup">1</hi>. </p>
            <p>F bezieht sich auf Nr. A216. Der Überbringer dieses Briefes in <placeName xml:id="place_d223e650a1050"
                          ref="nognd"
                          resp="Abel_Laura"
                          key="Granada">Granada</placeName> war vermutlich der öfter genannte <persName xml:id="person_d246e927a1050"
                         ref="nognd"
                         resp="Abel_Laura"
                         key="Richard (Boullengier, Convon, Rixarte), Kurier F’s an K">Richard (Boullengier)</persName>, von <persName xml:id="person_d27e101a1050"
                         ref="nognd"
                         resp="Abel_Laura"
                         key="Salinas">Salinas</persName> Rixarte genannt. Dem Berichte des Salinas zufolge kam er am 15. November am Kaiserhofe an (Villa, S. 336), K selbst gibt als Empfangsdatum dieses Briefes den 13. November an, Nr. A252 [1].</p>
            <p>b) <hi rendition="#i">qu’il —faire ensemble</hi> chiffriert. - c) <hi rendition="#i">et les grandes — faictes</hi> chiffriert.</p>
            <p>d) <hi rendition="#i">combien</hi> bis Ende des Absatzes 3] chiffriert.</p>
            <p>Die Gründe, warum K von seiner Fahrt nach Italien absehen mußte, in Nr. A216 [3].</p>
            <p>e) <hi rendition="#i">qui — offencé contre V</hi>
               <hi rendition="#i #sup">re</hi>
               <hi rendition="#i">M</hi>
               <hi rendition="#i #sup">te</hi> chiffriert.- f) <hi rendition="#i">les </hi>bis Ende des Abschnittes chiffriert.</p>
            <p>Die Anerbietungen Franz I., deren Annahme F hier befürwortet, s. o. [5].</p>
            <p>g) <hi rendition="#i">à —sur ce</hi> chiffriert. - h) <hi rendition="#i">vous—me commander et employer</hi> chiffriert. - i) <hi rendition="#i">de achever — par Presinguer</hi> chiffriert. - j) <hi rendition="#i">que faire leur devoir</hi> chiffriert. - k) <hi rendition="#i">que</hi> bis Ende des Abschnittes chiffriert. - l) in W<hi rendition="#sup">1</hi> folgt <hi rendition="#i">aud. Ytalie.</hi>
            </p>
            <p>Die Beglaubigung F’s für Georg von Frundsberg, <persName xml:id="person_d173e511a1050"
                         ref="nognd"
                         resp="Abel_Laura"
                         key="Fuchs, Christoph, von Fuchsberg, von F gesandt an den Rat der Stadt Straßburg, um Geld auszuleihen">Christoph Fuchs von Fuchsberg</persName> und <persName xml:id="person_d246e991a1050"
                         ref="nognd"
                         resp="Abel_Laura"
                         key="Zott, Johann, von F gesandt an den Rat der Stadt Straßburg und nach Augsburg">Johann Zott</persName> bei dem Rat der Stadt <placeName xml:id="place_d246e994a1050"
                          ref="nognd"
                          resp="Abel_Laura"
                          key="Straßburg">Straßburg</placeName> trägt das Datum Innsbruck, 10. September. Virck, Polit. Korrespondenz der Stadt Straßburg 1, S. 273. Vermutlich wurden ähnliche Beglaubigungen auch für die Stadt Augsburg und die verschiedenen Geldleiher ausgestellt. Über den Gang der Verhandlungen s. Nr. A250 [2].</p>
            <p>m) <hi rendition="#i">tins —employer contre les Turcs</hi> chiffriert. -  n) <hi rendition="#i">mieulx —pays de Tyrol</hi> chiffriert. - o) <hi rendition="#i">et aussi — donnerai l’occasion</hi> chiffriert. - p) <hi rendition="#i">voyant —christienté tout seul</hi> chiffriert. - q) <hi rendition="#i">j’ai — pas au mien</hi> chiffriert.</p>
            <p>Man fürchtete damals einen Einfall der Venezianer in Tirol, weil sich der einstige Bauernanführer <persName xml:id="person_d206e160a1050"
                         ref="nognd"
                         resp="Abel_Laura"
                         key="Gaißmayr, Michael, ehemaliger Sekretär des B. von Brixen, Führer der Salzburger Bauern">Gaißmayr</persName> auf die Seite Venedigs geschlagen hatte. Daher rührte der Eifer des Landtages im September 1526, auf dem Viertelshauptleute und Kriegskommissäre gewählt und das vierte Aufgebot in Bereitschaft gestellt wurde. Egger, Geschichte Tirols 2, S. 122. </p>
            <p>r) <hi rendition="#i">en</hi> bis Ende des Abschnittes, mit Ausnahme weniger belangloser Worte, chiffriert. </p>
            <p>Vgl. den Schlachtbericht in Nr. A237 und die Abweichunqen davon in Nr. A254.</p>
            <p>s) <hi rendition="#i">que —advantaige qu’il pourra</hi> chiffriert. - t) <hi rendition="#i">par led. Turc</hi> fehlt in W<hi rendition="#sup">1</hi>. -  u) <hi rendition="#i">le —accourder affin,</hi> mit Ausnahme von <hi rendition="#i">et aucuns</hi>, chiffriert. - v) ces <hi rendition="#i">— avec les dessusd. employer</hi> chiffriert. - w) <hi rendition="#i">plus</hi> bis Ende des Abschnittes mit Ausnahme belangloser Worte chiffriert. - x) in W<hi rendition="#sup">1</hi> folgt <hi rendition="#i">necessaires le tout selon et ensuivant.</hi> - y) fehlt in W<hi rendition="#sup">1</hi>.</p>
            <p>F spricht hier eigentümlicherweise weder von der Bewerbung <persName xml:id="person_d68e273a1050"
                         ref="nognd"
                         resp="Abel_Laura"
                         key="Bayern, Herzöge von">Bayerns</persName> um die böhmische Königskrone noch von den anderen Anwärtern. Huber 3, S. 541. — Keine der beiden Gesandtschaften dürfte tatsächlich zustande gekommen sein, was sich schon aus der Verzögerung ergibt, die die Zusendung dieses Briefes erfahren hat. Vgl. o. [1]. — Betreffs der Belehnungsurkunde vgl. Nr. A252 [5].</p>
            <p>z) <hi rendition="#i">parmist</hi> bis Ende des Abschnittes 11, von einigen nebensächlichen Worten abgesehen, chiffriert.</p>
            <p>a1) in W<hi rendition="#sup">1</hi> folgt <hi rendition="#i">bien briefvement et convenablement pourveu et remedié</hi>.</p>
            <p>In Wirklichkeit verließ das osmanische Heer, ohne auch nur die eroberten Plätze besetzt zu halten, Ungarn offenbar infolge beunruhigender Gerüchte aus Kleinasien. Zinkeisen 2, S. 655 f.</p>
            <p>b1) <hi rendition="#i">à — la substance</hi> chiffriert. - c1) <hi rendition="#i">d’aucuns a vostre venue pardeça</hi> chiffriert. - d1) <hi rendition="#i">mesmes — trop plus facillement</hi> chiffriert. - e1) <hi rendition="#i">l’heure presente</hi> chiffriert. - f1) <hi rendition="#i">tenans — l’ancienne loi</hi> chiffriert. - g1) in W<hi rendition="#sup">1</hi>
               <hi rendition="#i">la vielle foi.</hi>
            </p>
            <p>h1) <hi rendition="#i">aux —le m’a escript</hi> chiffriert.</p>
            <p>i1) <hi rendition="#i">atant — bonne vie et longue</hi> fehlt in W<hi rendition="#sup">l</hi>.	 - j1) von <hi rendition="#i">vostre</hi> an eigenhändig, fehlt in W<hi rendition="#sup">1</hi>.</p>
         </div>
      </body>
   </text>
</TEI>
