<?xml version="1.0" encoding="UTF-8"?>
<TEI xmlns="http://www.tei-c.org/ns/1.0">
   <teiHeader>
      <fileDesc>
         <titleStmt>
            <title type="main">A248.</title>
            <title type="sub">Ferdinand an Maria, 1526 Oktober 25, Wien.</title>
            <author>
               <persName ref="nognd">Ferdinand</persName>
            </author>
         </titleStmt>
         <editionStmt>
            <edition>Vollständige digitalisierte Ausgabe</edition>
         </editionStmt>
         <publicationStmt>
            <publisher xml:id="nnnn">
               <orgName role="hostingInstitution">Universität Salzburg</orgName>
               <orgName role="project">Edition der Familienkorrespondenz Ferdinands I.</orgName>
               <address>
                  <addrLine>Paris Lodron Universität Salzburg PLUS</addrLine>
                  <addrLine>Kapitelgasse 4</addrLine>
                  <addrLine>A-5020 Salzburg - Österreich</addrLine>
               </address>
            </publisher>
            <pubPlace>Salzburg</pubPlace>
            <date type="publication">2015-07-09</date>
            <availability>
               <licence target="https://creativecommons.org/licenses/by/3.0/">
                  <p>Creative Commons BY 3.0</p>
               </licence>
            </availability>
            <idno type="DOI">nnnn</idno>
         </publicationStmt>
         <sourceDesc>
            <bibl type="MS">Die Korrespondenz Ferdinands I. Familienkorrespondenz bis 1526</bibl>
            <biblFull>
               <titleStmt>
                  <title type="main">Die Korrespondenz Ferdinands I. Familienkorrespondenz bis 1526</title>
               </titleStmt>
               <publicationStmt>
                  <publisher>
                     <name>Holzhausen</name>
                  </publisher>
                  <publisher>
                     <name>Kommission für Neuere Geschichte Österreichs</name>
                  </publisher>
                  <pubPlace>Wien</pubPlace>
                  <date type="publication">1912</date>
               </publicationStmt>
            </biblFull>
         </sourceDesc>
      </fileDesc>
      <profileDesc>
         <correspDesc>
            <correspAction type="sent">
               <persName ref="nognd">Ferdinand</persName>
               <placeName ref="nognd">Wien</placeName>
               <date>1526 Oktober 25</date>
            </correspAction>
            <correspAction type="received">
               <persName ref="nognd">Maria</persName>
            </correspAction>
         </correspDesc>
      </profileDesc>
      <encodingDesc>
         <appInfo>
            <application ident="TEI_fromDOCX" version="2.15.0">
               <label>DOCX to TEI</label>
            </application>
         </appInfo>
      </encodingDesc>
      <revisionDesc>
         <listChange>
            <change>
               <date>2022-11-12T10:15:52Z</date>
               <name ref="nognd">Pitzer Doris</name>
            </change>
         </listChange>
      </revisionDesc>
   </teiHeader>
   <text>
      <body>
         <div n="1"><!-- letter_header -->
            <p>
               <hi rendition="#b">A248.</hi>
            </p>
            <table rend="rules">
               <row>
                  <cell>
                     <hi rendition="#i">Ferdinand an Maria.</hi>
                  </cell>
                  <cell>
                     <hi rendition="#i">1526 Oktober 25. Wien.</hi>
                  </cell>
               </row>
            </table>
         </div>
         <div n="2" xml:lang="de"><!-- regest_de -->
            <p>Sendet Dr. Markus Beck von Leopoldsdorf und Philipp Preuner an Zapolya. Bittet sie, diesen Gesandten Glauben zu schenken und ihnen mit Rat und Tat beizustehen.</p>
         </div>
         <div n="3" xml:lang="en"><!-- regest_en -->
            <p>Is sending Dr. Markus Beck of Leopoldsdorf and Philipp Preuner to see Zapolya. Asks her to grant these delegates credence, advice and assistance.</p>
         </div>
         <div n="4"><!-- archive_desc -->
            <p>Wien, St.-A. Ungarn 2. Konzept, halbbrüchig geschrieben. Links oben vermerkt: <hi rendition="#i">Regine Hungarie super rebus, </hi>an der Seite: <hi rendition="#i">Ex[peditum].</hi>
            </p>
            <p>Druck: Familienkorrespondenz Bd. 1, Nr. 248, S. 481-482.</p>
         </div>
         <div type="letter" n="5"><!-- transcription -->
            <p>Ser<hi rendition="#sup">me</hi> etc. Expedivimus honorabiles, devotum ac fidelem, nobis dilectos <persName xml:id="person_d255e106a1050"
                         ref="nognd"
                         resp="Abel_Laura"
                         key="Beck, Dr. Markus, von Leopoldsdorf, Rat und Prokurator der Kammer von Niederösterreich">Marcum Beck</persName> a Lewpolstorff, doctorem, consiliarium et camere nostre Inferioris Austrie procuratorem, ac <persName xml:id="person_d255e109a1050"
                         ref="nognd"
                         resp="Abel_Laura"
                         key="Preuner, Philipp, Gesandter F’s bei Z">Philippum Prewner</persName> nuntios et commissarios nostros ad spectabilem et magnificum, syncere nobis dilectum <persName xml:id="person_d246e440a1050"
                         ref="nognd"
                         resp="Abel_Laura"
                         key="Z">Johannem de Zapolia</persName>, comitem perpetuum terre Zeposiensis, wayvodam Transsylvaniensem ac comitem Siculorum, sicut Ser<hi rendition="#sup">ti</hi> V<hi rendition="#sup">re</hi> latius coram exponent. Cum itaque tam pro rerum Ser<hi rendition="#sup">tis</hi> V<hi rendition="#sup">re</hi> quam nostrarum securitate et expeditione faciliori cupiamus<hi rendition="#sup">a</hi>) hanc<hi rendition="#sup">b</hi>) rerum profectionem debitum effectum sortiri ipsosque tutius et commodius ad predictum wayvodam perduci, idcirco Ser<hi rendition="#sup">tem</hi> V<hi rendition="#sup">ram</hi> magnopere rogamus et hortamur, ut attenta hac<hi rendition="#sup">c</hi>) potissimum ratione eisdem nuntiis et commissariis nostris nedum in hiis, que referent, fidem indubiam prestare, sed etiam eisdem<hi rendition="#sup">d</hi>) nostri contemplatione auxilio consilioque suo adesse velit, ut per viam<hi rendition="#sup">e</hi>) tutam expeditiorem et<hi rendition="#sup">f</hi>) compendiariam ad eundem wayvodam pervenire possint. In quo Ser<hi rendition="#sup">tas</hi> V<hi rendition="#sup">ra</hi> nobis rem adprime gratam faciet omni erga eam offitio<hi rendition="#sup">g</hi>) promerendam, que bene valeat.</p>
            <p>Datum Vienne, die 25. octobris 1526.</p>
         </div>
         <div n="6"><!-- commentary -->
            <p>a) folgt durchstrichen <hi rendition="#i">ipsos</hi>. – b) folgt durchstrichen <hi rendition="#i">suam pro</hi>. – c) durchstrichen <hi rendition="#i">ratio</hi>. – d) <hi rendition="#i">sub </hi>
               <hi rendition="#i">...</hi>
               <hi rendition="#i">auxilio esse</hi> durchstrichen. – e) <hi rendition="#i">magis</hi> durchstrichen.  – f) <hi rendition="#i">mag</hi> durchstrichen. – g) folgt durchstrichen <hi rendition="#i">et </hi>
               <hi rendition="#i">...</hi>
               <hi rendition="#i">jugiter.</hi>
            </p>
            <p>Die in dem Briefe geäußerte Absicht, Markus Beck und Philipp Preuner an Zapolya zu senden, ward schließlich dahin abgeändert, daß diese an die Stände <placeName xml:id="place_d255e200a1050"
                          ref="nognd"
                          resp="Abel_Laura"
                          key="Siebenbürgen">Siebenbürgens</placeName> abgefertigt wurden und sich ihnen <persName xml:id="person_d255e203a1050"
                         ref="nognd"
                         resp="Abel_Laura"
                         key="Weichselberger, Sigismund, Gesandter F’s bei den Ständen Siebenbürgens">Sigismund Weichselberger</persName> (nicht Vrichelsberger, wie Smolka, Arch. f. österr. Gesch. 57, S. 42, liest) beigesellte. Die Instruktion datiert vom 27. Oktober 1526, Wien. Ebenda. Konzept mit zahlreichen Verbesserungen. — Eine kurze Inhaltsangabe davon bei Smolka a. a. O.</p>
         </div>
      </body>
   </text>
</TEI>
