<?xml version="1.0" encoding="UTF-8"?>
<TEI xmlns="http://www.tei-c.org/ns/1.0">
   <teiHeader>
      <fileDesc>
         <titleStmt>
            <title type="main">A257.</title>
            <title type="sub">Karl an Ferdinand, 1526 November 30, Granada.</title>
            <author>
               <persName ref="nognd">Karl</persName>
            </author>
         </titleStmt>
         <editionStmt>
            <edition>Vollständige digitalisierte Ausgabe</edition>
         </editionStmt>
         <publicationStmt>
            <publisher xml:id="nnnn">
               <orgName role="hostingInstitution">Universität Salzburg</orgName>
               <orgName role="project">Edition der Familienkorrespondenz Ferdinands I.</orgName>
               <address>
                  <addrLine>Paris Lodron Universität Salzburg PLUS</addrLine>
                  <addrLine>Kapitelgasse 4</addrLine>
                  <addrLine>A-5020 Salzburg - Österreich</addrLine>
               </address>
            </publisher>
            <pubPlace>Salzburg</pubPlace>
            <date type="publication">2015-07-09</date>
            <availability>
               <licence target="https://creativecommons.org/licenses/by/3.0/">
                  <p>Creative Commons BY 3.0</p>
               </licence>
            </availability>
            <idno type="DOI">nnnn</idno>
         </publicationStmt>
         <sourceDesc>
            <bibl type="MS">Die Korrespondenz Ferdinands I. Familienkorrespondenz bis 1526</bibl>
            <biblFull>
               <titleStmt>
                  <title type="main">Die Korrespondenz Ferdinands I. Familienkorrespondenz bis 1526</title>
               </titleStmt>
               <publicationStmt>
                  <publisher>
                     <name>Holzhausen</name>
                  </publisher>
                  <publisher>
                     <name>Kommission für Neuere Geschichte Österreichs</name>
                  </publisher>
                  <pubPlace>Wien</pubPlace>
                  <date type="publication">1912</date>
               </publicationStmt>
            </biblFull>
         </sourceDesc>
      </fileDesc>
      <profileDesc>
         <correspDesc>
            <correspAction type="sent">
               <persName ref="nognd">Karl</persName>
               <placeName ref="nognd">Granada</placeName>
               <date>1526 November 30</date>
            </correspAction>
            <correspAction type="received">
               <persName ref="nognd">Ferdinand</persName>
            </correspAction>
         </correspDesc>
      </profileDesc>
      <encodingDesc>
         <appInfo>
            <application ident="TEI_fromDOCX" version="2.15.0">
               <label>DOCX to TEI</label>
            </application>
         </appInfo>
      </encodingDesc>
      <revisionDesc>
         <listChange>
            <change>
               <date>2022-11-12T10:16:46Z</date>
               <name ref="nognd">Pitzer Doris</name>
            </change>
         </listChange>
      </revisionDesc>
   </teiHeader>
   <text>
      <body>
         <div n="1"><!-- letter_header -->
            <p>
               <hi rendition="#b">A257.</hi>
            </p>
            <table rend="rules">
               <row>
                  <cell>
                     <hi rendition="#i">Karl an Ferdinand.</hi>
                  </cell>
                  <cell>
                     <hi rendition="#i">1526 November 30. Granada.</hi>
                  </cell>
               </row>
            </table>
         </div>
         <div n="2" xml:lang="de"><!-- regest_de -->
            <p>Sendet Antonio de Mendoza mit den Briefen betreffs Böhmens und Ungarns. Mendozas Aufgabe ist es, F zu gehorchen.</p>
         </div>
         <div n="3" xml:lang="en"><!-- regest_en -->
            <p>Is sending Antonio de Mendoza to deliver the letters regarding Bohemia. Mendoza must follow F's orders.</p>
         </div>
         <div n="4"><!-- archive_desc -->
            <p>(W) Wien, St.-A. Belgica PA 7. Undatiertes Konzept.</p>
            <p>(W<hi rendition="#sup">1</hi>) Ebenda, Hs. B. 595 I, Bl. 30. Kopie.</p>
            <p>Druck: Familienkorrespondenz Bd. 1, Nr. 257, S. 499-500.</p>
         </div>
         <div type="letter" n="5"><!-- transcription -->
            <p>Mon bon frere, ensuivant ce que vous ai nagueres escript, j’envoie devers vous le present pourteur, don <persName xml:id="person_d262e109a1050"
                         ref="nognd"
                         resp="Abel_Laura"
                         key="Mendoza, Antonio de">Anthonio de Mendoça</persName>, avec aultres lectres pour voz <index resp="Abel_Laura">
                  <term xml:id="index_d20e162a1051" key="Ungarn">affaires de Hongrie</term>
               </index> et <index resp="Abel_Laura">
                  <term xml:id="index_d24e174a1051" key="Böhmen">Boheme</term>
               </index>, telles que verrez. J’ai ordonné aud. don Anthonio de se conduire entierement, selon que vous lui commanderez, et ne lui ai voulsu bailler autre instruction si non de vous obeir comme à moi-mesmes. Et pour ce qu’estes sur le lieu et sçaurez bien congnoistre ce que vous est le plus necessaire au bien de voz affaires, m’a semblé mieulx remectre le tout à vous. Led. don Anthonio vous dira de mes nouvelles, parquoi ferai fin. Atant pour ceste fois, priant dieu que, mon bon frere, etc.</p>
            <p>De <placeName xml:id="place_d223e650a1050"
                          ref="nognd"
                          resp="Abel_Laura"
                          key="Granada">Granade</placeName>, le dernier jour de nouvembre a<hi rendition="#sup">o</hi> 26.</p>
         </div>
      </body>
   </text>
</TEI>
