<?xml version="1.0" encoding="UTF-8"?>
<TEI xmlns="http://www.tei-c.org/ns/1.0">
   <teiHeader>
      <fileDesc>
         <titleStmt>
            <title type="main">A259.</title>
            <title type="sub">Maria an Ferdinand, 1526 Dezember 21, Preßburg.</title>
            <author>
               <persName ref="nognd">Maria</persName>
            </author>
         </titleStmt>
         <editionStmt>
            <edition>Vollständige digitalisierte Ausgabe</edition>
         </editionStmt>
         <publicationStmt>
            <publisher xml:id="nnnn">
               <orgName role="hostingInstitution">Universität Salzburg</orgName>
               <orgName role="project">Edition der Familienkorrespondenz Ferdinands I.</orgName>
               <address>
                  <addrLine>Paris Lodron Universität Salzburg PLUS</addrLine>
                  <addrLine>Kapitelgasse 4</addrLine>
                  <addrLine>A-5020 Salzburg - Österreich</addrLine>
               </address>
            </publisher>
            <pubPlace>Salzburg</pubPlace>
            <date type="publication">2015-07-09</date>
            <availability>
               <licence target="https://creativecommons.org/licenses/by/3.0/">
                  <p>Creative Commons BY 3.0</p>
               </licence>
            </availability>
            <idno type="DOI">nnnn</idno>
         </publicationStmt>
         <sourceDesc>
            <bibl type="MS">Die Korrespondenz Ferdinands I. Familienkorrespondenz bis 1526</bibl>
            <biblFull>
               <titleStmt>
                  <title type="main">Die Korrespondenz Ferdinands I. Familienkorrespondenz bis 1526</title>
               </titleStmt>
               <publicationStmt>
                  <publisher>
                     <name>Holzhausen</name>
                  </publisher>
                  <publisher>
                     <name>Kommission für Neuere Geschichte Österreichs</name>
                  </publisher>
                  <pubPlace>Wien</pubPlace>
                  <date type="publication">1912</date>
               </publicationStmt>
            </biblFull>
         </sourceDesc>
      </fileDesc>
      <profileDesc>
         <correspDesc>
            <correspAction type="sent">
               <persName ref="nognd">Maria</persName>
               <placeName ref="nognd">Preßburg</placeName>
               <date>1526 Dezember 21</date>
            </correspAction>
            <correspAction type="received">
               <persName ref="nognd">Ferdinand</persName>
            </correspAction>
         </correspDesc>
      </profileDesc>
      <encodingDesc>
         <appInfo>
            <application ident="TEI_fromDOCX" version="2.15.0">
               <label>DOCX to TEI</label>
            </application>
         </appInfo>
      </encodingDesc>
      <revisionDesc>
         <listChange>
            <change>
               <date>2022-11-12T10:16:57Z</date>
               <name ref="nognd">Pitzer Doris</name>
            </change>
         </listChange>
      </revisionDesc>
   </teiHeader>
   <text>
      <body>
         <div n="1"><!-- letter_header -->
            <p>
               <hi rendition="#b">A259.</hi>
            </p>
            <table rend="rules">
               <row>
                  <cell>
                     <hi rendition="#i">Maria an Ferdinand.</hi>
                  </cell>
                  <cell>
                     <hi rendition="#i">1526 Dezember 21. Preßburg.</hi>
                  </cell>
               </row>
            </table>
         </div>
         <div type="letter" n="5"><!-- transcription -->
            <p>
               <hi rendition="#i">Is </hi>
               <persName xml:id="person_d266e88a1050"
                         ref="nognd"
                         resp="Hofer-Bindeus_Johannes"
                         key="Johannes Baptista (?)">
                  <hi rendition="#i">Johannes Baptista</hi>
               </persName>
               <hi rendition="#i">, domitor equorum, non nobis solum quam plurimos annos in serviciis nostris fideliter est versatus, sed domui eciam nostre antea fideliter servivit. Quem nunc a nobis ad servicia M</hi>
               <hi rendition="#i #sup">tis</hi>
               <hi rendition="#i">V</hi>
               <hi rendition="#i #sup">re</hi>
               <hi rendition="#i">discedere cupientem commendamus M</hi>
               <hi rendition="#i #sup">ti</hi>
               <hi rendition="#i">V</hi>
               <hi rendition="#i #sup">re</hi>
               <hi rendition="#i">rogamusque, eandem velit ipsum Johannem Baptistam ad servicia sua acceptare et tam graciosum se erga eum prestare, ut nostram commendacionem aliquid commodi sibi attulisse senciat.</hi>
            </p>
         </div>
         <div n="4"><!-- archive_desc -->
            <p>Wien, St.-A. Ungarn 2. Original. Siegel abgefallen. Eigenhändige Unterschrift: <hi rendition="#i">E. S. V. obediens soror Maria etc.</hi> Rechts unten: <persName xml:id="person_d253e134a1050"
                         ref="nognd"
                         resp="Hofer-Bindeus_Johannes"
                         key="Olah, Nikolaus">
                  <hi rendition="#i">Nicolaus Olah</hi>
               </persName>
               <hi rendition="#i">, secretarius</hi>. Rückwärts Adresse: <hi rendition="#i">Ser</hi>
               <hi rendition="#i #sup">mo</hi>
               <hi rendition="#i">principi, domino Ferdinando, dei gracia electo regi Hungarie et Bohemie, infanti Hispaniarum, archiduci Austrie, duci Burgundie, marchioni Moravie et sacri Ro. imperii locumtenenti generali etc., domino et fratri maiori observ</hi>
               <hi rendition="#i #sup">mo</hi>
               <hi rendition="#i">.</hi>
            </p>
            <p>Druck: Familienkorrespondenz Bd. 1, Nr. 259, S. 500-501</p>
         </div>
         <div n="6"><!-- commentary -->
            <p>Anmerkung der Herausgeber der digitalen Edition: Der Ausstellungsort ist <placeName xml:id="place_d24e487a1050"
                          ref="nognd"
                          resp="Christopher_F._Laferl"
                          key="Bratislava">Bratislava</placeName>/Preßburg.</p>
         </div>
      </body>
   </text>
</TEI>
